id,policy_id,claim_date,claim_type
d6f0356d-721f-49c2-b5af-2aa3a4c0884f,1564c62a-777e-4c7e-9161-e960d311f286,14/04/2022,Mixto
28342a1f-2476-4a9f-80b5-a78df9e2b670,49648683-77fc-49d4-a156-485706f9aa2d,06/03/2022,Mixto
c7d6788f-975b-451f-b822-03c06aeb0180,67fed84d-74ee-4bad-aa33-918f911322a1,02/10/2022,Reparable
21604b81-19ed-45fa-824c-32452a0166c6,45d02c04-33ee-4b47-a026-fd214660dc40,08/08/2022,Mixto
670b3fd5-c0f6-4a7c-a535-488b98219c54,3592f667-119b-4295-a1c4-f0c9cf685aa8,24/02/2022,Mixto
27ec15b9-f867-4ec9-be39-c12deed871a8,28fc9807-4c11-42f8-9cfa-040fa7af8676,14/03/2022,Indemnizable
dcc0eb8b-9ec4-44e6-aefd-b5f2e833adf3,b166fbc0-4233-45d9-96e8-e879b09df251,01/03/2022,Reparable
e41902f8-41dd-40b9-8beb-0f41bd8cc6e3,c5d500cf-5d67-420f-9481-b1b98267753b,28/04/2022,Mixto
93e3ca4f-cac2-4995-bc24-866335927d37,d3a5209d-4ef9-4d12-8952-c8d69ba50932,01/02/2022,Reparable
0424498e-6f28-4da7-bb34-54bde79ac42b,12d70555-5cc3-4d90-b892-a0868ee680cd,08/12/2021,Reparable
e09dd325-2ee2-496b-80cc-cf8855a4b5f4,591dd374-e9cc-4432-a894-70b1c6a0c7d0,08/09/2022,Reparable
a9f524ee-30d3-4f6d-8e5c-61a11290dac4,03a1e54d-6a59-477e-92d8-3c452ba38816,16/12/2021,Reparable
a7ed88b4-eb84-4e23-b4d8-89d15e3ec8ba,12d70555-5cc3-4d90-b892-a0868ee680cd,07/07/2022,Mixto
2beae495-b399-431e-9425-1252b376d8eb,2892b4f4-4496-45ed-aa29-027d718b2981,08/02/2022,Reparable
7fd2ed79-9a86-4e89-9b22-331565267aef,7f34377f-4fe5-4001-b3ff-570b0029d8d0,15/09/2022,Reparable
818410fa-2e24-46f7-a8a9-33014082f428,2c7d7f62-a740-4879-87c9-fa0bf4e7a636,12/10/2022,Indemnizable
19c194ea-eb0b-4e94-a982-c17e79d24860,0511cdc7-e707-44a5-81fa-6e6a4d7e6ecd,10/02/2022,Mixto
06f86c94-b3a4-4c91-b401-f515c8909f1e,e9d41d89-3d83-41d5-8852-4a1b8dce3251,13/12/2021,Reparable
0dab4873-6c6a-475f-b4a3-6a9141472502,bcb8914a-d14a-443d-971a-a6063a13c54f,12/10/2022,Reparable
33712f87-bf50-41db-b37a-d483c53f5a72,18631632-ac5e-4781-8007-3a7adb8fe64d,02/12/2021,Reparable
2971d7ad-104e-451b-99d7-6ca96f1de3f6,82ce5ad1-fc29-49ec-b1b7-932bae454220,05/01/2022,Reparable
edf7fc34-cca2-421e-ac28-344f6bd4222c,7e3d5f45-77e2-4cb2-ac26-2bc2ed29b10a,27/05/2022,Reparable
f33c7fa0-55cf-4472-86fc-95aa43bc22bb,f655949b-9054-4afa-814c-3d2484fdc174,09/01/2022,Mixto
e6267aa5-b451-40fc-8632-1e0643956866,4a5ad458-35b4-4ffc-ac81-1b831c810617,01/01/2022,Reparable
2af700d8-06bd-4010-a114-367289ff8fa4,82ce5ad1-fc29-49ec-b1b7-932bae454220,31/08/2022,Mixto
35b6fcf1-925b-4e4a-9cc7-a4c0fa5325f4,82ce5ad1-fc29-49ec-b1b7-932bae454220,15/06/2022,Reparable
bd73a6fc-606e-4610-8613-5265ce668bb5,7e44438c-f207-48a8-b83e-4d5a50f8a8e8,25/10/2022,Reparable
be49990b-d7fa-40b8-937e-864aa0b1ecc6,d20a544e-7820-40da-a986-90b2d0771ecf,29/12/2021,Mixto
63d4ca26-10c2-441f-b4c9-446ecde215a7,54ce756e-3f4b-4133-a484-d8fd8ef076ab,15/02/2022,Reparable
317c9f8a-3560-442b-88ac-b705a1a7c8b9,68eb8e87-5403-4e99-b308-767ed6a27a45,08/02/2022,Reparable
8912a17b-bdde-48e8-a180-e87fbc415873,00938328-7715-4a49-971f-6867b3276c3c,20/07/2022,Reparable
4733ba25-65e4-4a1a-8dc2-33b4ed88e26b,f94f9c48-c013-4ce2-8624-5c251f080ece,01/02/2022,Reparable
ed8a9116-a88d-4f2a-8fbe-43372c0abe92,26c1850c-ed99-4576-bc45-3c863e4573d3,09/05/2022,Reparable
cc39794e-c0ae-4b06-9fc3-ca5e047d39ea,97d93d81-6f59-4048-b876-bedd3fa9ad0a,20/08/2022,Reparable
0c0a3a3a-0fdf-47e3-8693-c68c2417a200,abf11e5d-05a7-4d04-b349-d6ebd370e62a,09/02/2022,Reparable
a4094889-1ff6-47d7-86b0-cd945bb360f0,d6378e16-bca4-4847-8ce2-75bd442c305c,18/06/2022,Mixto
e5252c1a-c1cf-40e5-a343-aac10f8ae321,7679f8cf-e259-4943-ba7d-83248dc68953,05/05/2022,Reparable
2933bbf8-5cbf-48af-9726-091da38d7c37,0c4e0c98-6afd-4293-b3a8-b562e99b09cc,17/02/2022,Mixto
65095676-943d-421c-9611-83ed4132a657,f3a36056-955f-4847-b55e-eddc95ed3fc7,08/08/2022,Mixto
7a880a80-986d-4f13-9f8a-ef38c1ce792c,e6f1ea16-10ab-490c-b422-10e35863afab,06/11/2022,Reparable
7b208d21-cad6-468c-81fd-dbb502e56b18,c289634d-833c-4e5a-854e-1f892266e1f6,31/12/2021,Mixto
8c0f06d4-55a2-4d6b-93f8-43c03a0ae97d,46a1a2aa-b9df-42ca-8cfa-210399d88921,06/12/2021,Mixto
2f8cf377-185c-4476-a924-bbd0ffc69a05,38e2d712-48ea-4eaa-b90f-bcef28fdb8af,23/07/2022,Reparable
5643e2e9-a0be-4216-8080-7ec1a9ef863f,c170e152-e412-41fa-850c-8b36a8d4e007,09/06/2022,Mixto
62dcd88a-63e2-4fa2-82eb-4c598b37b87b,f6544b42-ab4a-469a-89bd-a6689e9af05b,26/03/2022,Reparable
1961f2ce-ebcc-4416-888f-7e70b6ec0388,051426a2-71f3-4025-8454-7da56f7a3238,13/08/2022,Mixto
ddeb5357-31d4-4240-bb6a-63c7722fde4e,7340fa60-f2b3-4ea7-b314-1c27462df07d,28/05/2022,Reparable
51ecc638-43ec-46f3-bab3-0ff4cb6ed7db,c7bb7cd0-d654-4763-897e-dcfa03079d54,06/07/2022,Mixto
81cddbe5-5056-4693-919e-0594b6e6baae,36b38ef5-9f17-40d5-8c81-bdbe90459ea4,11/02/2022,Mixto
2c2ecfb7-f58d-4026-97f6-0845d3e3a6ab,182436bb-f9aa-4246-b66b-3d51640f52b6,30/06/2022,Reparable
339a6e10-2201-46b6-914e-d2681758756b,4c2b4e8e-815f-4601-96d4-be1581b4e6d2,29/07/2022,Mixto
f4c4a7d0-aad1-414a-a4e1-95da3c441233,0c4604f0-2c23-4783-affe-8f4fa49430fa,21/06/2022,Reparable
83d3febe-9db0-4cc0-bc7a-a9674249017a,2d4a049b-f8d7-442c-8e36-548056fa0c46,28/02/2022,Mixto
ddfb0b8e-b62e-41cb-9442-750cb715bda5,309513df-d07c-4962-814a-520c14437d72,28/06/2022,Mixto
0f7513d0-00c5-4ec3-89a1-ad566aac4797,5fbcbc24-f47c-473f-b98c-e7da119cbff9,09/07/2022,Reparable
de8438eb-ea00-4a32-9f0d-740a6bcdbb0b,ffa4ec0f-dba4-47ae-9207-53634cb5e694,23/06/2022,Reparable
36ba9e21-4018-4049-a9bd-7aa1b56af131,2ebf9568-11d4-40e9-bb2b-0154f05281f9,13/11/2022,Reparable
cb9745c5-9103-4f50-8c23-88c638a5b5a7,553ec12f-fa6a-4691-a212-59e443144259,12/04/2022,Mixto
6afb6230-0645-467e-8b17-1eacd2c506c7,ff1df2ca-4f01-4141-b648-5255df890dda,11/10/2022,Mixto
c56a7f53-2472-42d3-b6f3-1d74df8fbd32,103750bb-7ba2-42cd-b408-03218d1c2862,18/11/2022,Mixto
92577646-b92f-4f7e-a6b0-cba59ad03ca1,82f100ea-fcb9-452c-8372-8482511d64c0,08/09/2022,Reparable
01976b33-6f48-46db-b954-d226f48a7fad,31a3a7ae-570a-44e0-9ab1-074625e4ef29,23/08/2022,Reparable
4a81e4f7-9121-494f-b948-492e15530b5a,86a2d33c-e1ff-4d4b-97ca-186c4c66298b,02/02/2022,Reparable
7d50deb5-0f4b-4bd6-bddd-f62079801c38,5e8195c7-aff9-4285-9443-0524ca46dd4f,18/05/2022,Reparable
f4388aee-0552-4c33-8a57-b0fa34e0ad25,659bb7a6-8376-4056-8e55-d832c9f4cc44,27/08/2022,Mixto
7613d49a-8b7c-4091-8a33-cec7d64103a5,c06ab8d9-1177-4a02-b1e8-db8a5e9373ff,28/07/2022,Reparable
5b93e894-efc4-440c-8761-dfd97e23fc63,d450f8b4-14bd-4a83-b6d4-3ee470b8f0f2,14/08/2022,Mixto
61d4a7b1-5108-4056-87d8-be4e20473177,cbcd2910-1657-4408-8170-1a47f53506eb,06/12/2021,Mixto
1ee8e903-d24f-45f9-93ab-23c50c3cc935,f62bc4b9-0f31-4f4d-80c7-5b6085ad7e07,16/02/2022,Mixto
74e46a7c-ddc8-4bd9-8af0-ec18987e1976,e28435a7-0109-4182-9a0b-8ca10c2a4d10,07/08/2022,Mixto
f54184f5-ed3b-4179-b4f1-cd9da7e0c929,18631632-ac5e-4781-8007-3a7adb8fe64d,22/06/2022,Reparable
ca74257f-85e0-4a9a-806a-1594a84c8f0d,c4fd8f66-aa5c-4171-a273-b09a95c253a0,03/10/2022,Mixto
832b79ce-4c59-48fc-bb44-8c14251b98e2,3af2f0ee-8787-41cb-86d8-b21fd4e9949d,03/12/2021,Reparable
9ab6abb0-6bf8-4d0c-a7af-38e6f5912d5c,db411292-cdfe-46cc-a8a3-9e0dd97d1edc,05/07/2022,Reparable
44a7640a-1cd3-436f-8b81-c5baeace4ec1,8502dbd5-ae17-4a94-9c5f-08270bad88e4,03/11/2022,Mixto
d62b71f9-0c5d-4136-812e-c2cf93b3ccdd,04d00fea-5c12-46c3-bdf5-5dc1b4966268,13/11/2022,Reparable
792d11d5-52e5-4667-baea-74244eb2ea84,43cedd62-85c6-4e0b-a6ab-7828d7492c82,05/02/2022,Reparable
2983dfd9-459e-4802-931b-8e4f4fe57018,a3a3decd-090d-4065-985e-04bd1b2ed082,28/09/2022,Reparable
2b96ca0a-fd5b-48b0-ac95-1d4675edaa6c,ffa4ec0f-dba4-47ae-9207-53634cb5e694,19/11/2022,Reparable
584dbd8f-511d-49e0-bd5b-4e9aec11673f,cec15916-394f-465d-b633-a3a013dadba0,14/02/2022,Mixto
a2be9571-263f-4adc-886c-37fdf3cf2741,aa7dc5cf-4c5e-4986-9d22-46078925f8c0,09/05/2022,Reparable
bf19eb59-f556-4a13-a827-0362ca101519,f1556b44-404b-4b71-ba3d-7188bdd452a1,31/01/2022,Mixto
1f372415-ed5b-4b0b-9523-6abaf8a2fe6d,0e5e60e8-2595-4567-98d7-970876ea34b4,30/01/2022,Reparable
5d8949a8-119c-4b71-a0e1-caaa3b18dd26,3c83821b-f689-428b-8147-5f4b27000fca,09/03/2022,Mixto
5328612a-a624-488d-a695-ded0cd7ad595,e479f11c-49a5-4909-bb7b-784d1d00ac24,06/04/2022,Reparable
20bcf705-22af-4a3f-8f0f-24c7cb7b2055,ece3e704-c42d-4012-afa5-34fe7f21ed70,12/11/2022,Reparable
16cf491d-b22b-4296-98cf-5f4e6ebf7718,9d16ba17-d163-49e1-b02b-9133b3f15b65,06/10/2022,Reparable
26e698cf-de5e-4c0f-a06e-e804f0384c51,103750bb-7ba2-42cd-b408-03218d1c2862,12/05/2022,Reparable
e5566042-9c55-4986-b96b-6925c49604ec,748867e5-fab6-4599-9183-12ea967a2286,10/06/2022,Reparable
e3b54000-b017-4ab2-ac35-c23b56f7dbce,ec633bc8-3c53-4c9e-a88e-4c1ae9f20314,23/07/2022,Mixto
e8fb5706-3435-4d64-be9d-fa4abb4cf84c,3d93c08f-fe9a-4efc-89f4-50308682f33f,01/05/2022,Mixto
03fa2b52-891c-4c4e-9a9a-e29be4d67b7a,7ff0acc0-9219-4962-b2a5-a63c0b330700,13/07/2022,Reparable
fdd94b60-de04-4588-8409-d212a43093ba,ffa4ec0f-dba4-47ae-9207-53634cb5e694,15/09/2022,Mixto
770f3c0b-6115-4056-91b9-5ec2ee694aa4,7f763434-1cd7-4502-80bf-3a940d6f4fc1,07/07/2022,Reparable
882341f3-283d-45ad-b032-fab9d33dc1a8,8c96ac72-b5cf-4138-acd3-0ac3cfd621c2,13/12/2021,Reparable
d53df397-fc7e-4563-a61f-16fe82eb13be,40e2536e-40c1-4c83-b0d0-0270f95a78be,02/10/2022,Mixto
384edae9-3b89-48da-8b88-b569e688cd19,b290b635-5402-482e-a095-f94274900178,12/09/2022,Mixto
52f95223-9725-4b6e-b303-71c79290dcd3,020b1e6d-cda1-4b84-a0cd-ce7649982dd4,18/02/2022,Mixto
40d309e2-c340-4744-b460-91ef12b147ba,2c85f7ec-8684-4b53-aadc-216563550fce,14/05/2022,Mixto
5bb80b8d-bda7-4240-801a-e0d96bed01a4,34e2ad72-d0cb-4f04-b06b-7ae4a8f36801,15/03/2022,Reparable
0b62a0f3-6ea3-456e-bc04-579deb3336be,250265c6-d55c-4476-8687-013df549c1eb,20/08/2022,Reparable
77b7f7f4-fc61-489f-a415-50791a047c6f,4ea0bbc9-9b2e-4d77-b88e-c69b4b025b3a,18/12/2021,Reparable
ce374dd0-43b2-4a92-b5e1-4681299dd707,29d82729-2d87-422b-8a2f-501b41cd3097,10/10/2022,Reparable
b59ac672-db4c-448e-a8a1-0f85d8c8d1ed,d17afb0e-4431-4ba8-b664-34e02bc0cebe,18/06/2022,Reparable
2d3670c0-91a7-40a8-b0e0-a322f008dd22,64face23-e491-4c06-a7e9-cbe63c9b0194,26/01/2022,Reparable
bb464791-754b-4c37-9999-96ffb2412db2,a0a6ba8a-f088-4e93-bab1-54938e0f1912,18/10/2022,Reparable
4c9f85a3-d346-4a31-9806-bfff0f2aa7c3,e7c65516-d440-4b35-b1c9-28e3bcaa467c,28/02/2022,Reparable
1ec185b3-0668-4477-93fd-b81b3a691ec0,b2e9faf8-8429-4a3c-b33f-1d456a52bae5,21/02/2022,Mixto
36982248-5be4-4db9-9a63-7f3c8d77b5b4,408536f4-0167-48fd-8284-2a1bde8ec9ab,23/09/2022,Reparable
2cf16758-12c0-4323-a666-b26b59d0a0e7,3c622df1-4cbe-44b6-8dbf-1e2f5e9f4cca,17/07/2022,Mixto
f080113a-7145-4f4b-99f7-d19e8cd94dfe,cb713c65-4f67-4dd5-8423-a9173e46d7aa,27/09/2022,Reparable
f4840c2c-99d5-481b-ab66-fcfac5eef714,56381cfa-1179-4738-bff6-906a03fe7374,28/04/2022,Reparable
72f85815-b789-4b9d-8fdd-002e03d81782,d97d7f53-f71c-4efd-a86e-f523c3d80bce,27/06/2022,Mixto
ab738a27-40d4-46aa-a8c2-f22b09803de0,55950e63-50e7-42a4-8c13-a6363383863f,02/08/2022,Reparable
6b54b8d8-1a98-40e6-9417-0dbb1ba25997,2ebf9568-11d4-40e9-bb2b-0154f05281f9,12/04/2022,Mixto
b2387489-c9f9-4a0f-9d86-386be6b88567,64e9a51a-be3f-493f-bbde-9863d4c566b1,12/05/2022,Reparable
38a001db-83ea-4360-a90b-e324f609e116,8022ae9d-2142-4ea0-ad71-2502e66a3238,21/06/2022,Mixto
753506af-9c66-4872-9f3c-f155fbd68c9c,e2b3b1d6-d214-4e9d-a2e6-4e343e1b260a,05/10/2022,Mixto
5b0349cc-ca49-49a0-81c3-a6850de07113,6a016cf1-9e49-4a39-bd82-7dab3ebe96d9,09/01/2022,Mixto
8da2dfa0-7f31-4ad9-9295-4337f018d31e,f490c360-2c05-440a-8910-8f3ef3c67351,09/02/2022,Reparable
2b77616a-162a-4c37-bd5c-856867fb5818,8e63ef15-169c-4e50-8f2c-3d29e3385296,24/01/2022,Reparable
beb08570-aa82-47b7-985c-137eaddf8b92,f6421e4f-33a4-4967-bea7-349f0df2087f,26/12/2021,Mixto
95755a49-66e2-40a2-ab35-0541add19ff7,0f7f0740-a524-4003-9597-e69ccb272589,07/06/2022,Mixto
f969485b-2974-4d4b-a639-b9bf401bf7e9,3c83821b-f689-428b-8147-5f4b27000fca,15/05/2022,Mixto
a4127b14-7062-46f0-afd1-5860f06db9f3,2492db4c-081b-4dfd-b323-9577d3496b8e,21/05/2022,Reparable
c62c0c0d-0b90-4aaf-96d0-b7021fa12dae,6e4051e1-a463-4d92-a8df-3ceb085fd7ee,16/11/2022,Reparable
5b74953f-d169-4db6-9860-1eabe537b89c,30fc7bfd-23ec-4d97-95f6-882ea7e2c04a,26/06/2022,Mixto
3a3ffe00-d182-4b16-938b-8acf8035ff3d,c7c0d74c-978f-4439-b9b5-73b5c4e16c18,27/08/2022,Indemnizable
5a7667f2-3b66-4437-84ad-7f64a8c20fb6,a6612214-d231-4df0-a5d8-4b19cc1e28ab,13/01/2022,Mixto
3259adc3-eacb-4ff7-93d6-e58033af0279,9a26bd1a-990a-4067-a1ab-a0ddedb693e2,22/07/2022,Mixto
7d29b694-fe3c-4559-a1bc-588b5f911fd7,2ac3bbc4-4b3b-4ac9-9e08-45c8079d2e49,30/11/2021,Reparable
502fe978-8204-4ba6-8a94-e6277477651e,f00fe16a-d1ae-48d6-95a6-a57ed4089698,11/11/2022,Mixto
2923f0a8-3174-4961-9ddf-849e282d263d,fd518942-5c29-42e7-88b1-2c7f8bf8e8ba,14/09/2022,Mixto
d511466f-ba34-4964-a1ea-6f37ae3a31b7,21c556ab-ad12-4d3a-ad2a-254c3287fb6c,03/06/2022,Reparable
8c846350-283a-4652-a843-3b7ceb741525,5fbcbc24-f47c-473f-b98c-e7da119cbff9,26/05/2022,Reparable
69121c83-65a1-4324-84c8-05c72c55fe13,a761161f-51df-40b4-9e6c-1878c1859ef1,17/03/2022,Mixto
b3ed88c9-9b19-46c9-b817-e792f1ef977d,18631632-ac5e-4781-8007-3a7adb8fe64d,14/03/2022,Mixto
e94ac4bf-91b4-4d72-a2bb-1be9a12da437,52248936-d871-42a9-a3ad-35f6ec0e97c8,18/05/2022,Reparable
ea6310a5-5bc3-4a0a-b933-520341755c8e,ff535cb1-3b6c-4801-95b6-ef5c5c0509b0,19/10/2022,Mixto
8783565b-fb0d-44bb-9ada-bf35bbb27562,84346b63-a6d9-463b-8421-5f257a026e7f,22/09/2022,Reparable
8c8ed0ff-39c5-41a1-ac7c-a378d746a4e3,4e94bb47-080b-4013-add1-a5737e543e88,01/08/2022,Reparable
a39245d5-ca8a-4d9c-b0fc-12ad05410c66,e80b70ff-a980-4b6d-9b07-9bbb27f9179e,29/10/2022,Reparable
233f1428-0773-43f0-a47b-cc8545c1eaee,036868fe-7851-466a-8524-f80bfe88ddd2,03/06/2022,Mixto
e76a7dc5-3fff-4ae6-9f50-3111693acd17,7f34377f-4fe5-4001-b3ff-570b0029d8d0,19/05/2022,Mixto
c4a4b9ef-6917-48b0-9052-cd3865850d42,6c67a5af-ec30-4f19-8235-36b1ff9ba778,02/11/2022,Mixto
85d0054e-f949-48c3-98bb-3bb0f84c7fc1,005b5b7b-e519-4137-af11-f508e9f886f7,09/06/2022,Mixto
eeac210d-9544-41c2-95c1-40053731bd7b,4c2b4e8e-815f-4601-96d4-be1581b4e6d2,14/09/2022,Reparable
e3b041b3-d3b6-488f-839b-fc9459b234d9,8c86d9b6-c309-4ae2-8d11-372a789defe6,13/11/2022,Mixto
d776d391-5131-4c7d-ab24-ca776f1262fc,1deb51b5-b3d2-47f2-864a-5d16a205a274,05/06/2022,Reparable
54704f47-2130-4aa1-9dcf-f82c4c99f241,267e09ce-6a37-4c3a-b3eb-bb319be07133,02/09/2022,Mixto
6c66ddea-2d9a-4062-bbc9-70d80aa4af89,813a8771-8ccd-4c99-92d2-75a86cfd08f1,03/09/2022,Reparable
fae153da-b2bb-431d-b9e2-5c7313f8fded,3aa5b333-582a-4ca6-a66e-c81b16af3b2a,18/11/2022,Mixto
7e51125c-9222-4218-a653-313ee023c53a,b0499eba-0d44-441c-b7d9-f9c2c612eda5,11/10/2022,Reparable
eec3dc81-712d-4776-a071-36f33e537b01,53b0d0cc-5a54-4582-9896-107d2aac491c,01/11/2022,Reparable
c1175ce1-bd6d-48b8-87e0-8bca4ec106bf,c14d0ba8-d0d7-4767-9b0c-c68eb8a3d31f,18/09/2022,Reparable
a55996fb-54c5-47fb-a59c-3ff5fba59271,4e0ef892-fbfc-451a-8616-3be7caddf793,16/02/2022,Reparable
2cb26937-724e-4a09-bdd5-4c056945f9a9,6e0e62a1-62b8-4975-9e02-63306ad79be3,21/08/2022,Reparable
d77e73d8-3a69-47cc-8d2a-c5430c7ac256,352d80c4-e1b2-4742-840d-a9c4d4898fc0,19/12/2021,Mixto
970fa24e-4e3a-4815-afca-b68022647c28,a4b503ed-d2c4-4b23-8bf7-a347b5252254,01/07/2022,Reparable
09e667d8-d15c-4a18-a746-80db0f06a0d4,2b9ac9e6-9b27-43cb-9417-d80904e80315,09/04/2022,Mixto
3afdac95-7c91-4d61-aa36-19fd4d1316d0,f6be471f-3e6d-4c68-ad45-26694cf7c660,21/02/2022,Mixto
7dc81f93-8a8c-4c79-bc13-311cc3c433f1,9482f97b-0d8d-487f-b5a2-6db7743eedc1,23/07/2022,Reparable
506b8d3d-b9c8-479a-b99b-8448a26f92ef,cea5c08e-188b-491d-84ff-d482de5a668c,14/03/2022,Mixto
f46d016c-bc00-4af4-b061-d4aab0738067,c18ce1d7-cc48-4bc4-a0ec-d7a7dc149e72,21/01/2022,Mixto
7a0bb2da-25b4-430a-b486-ed537ca7a1a6,942462b3-8eb1-4c52-a41c-c5ffd8486e35,15/08/2022,Reparable
b6f23b5b-64e7-4176-a220-f417c1a40e62,e6f1ea16-10ab-490c-b422-10e35863afab,29/08/2022,Reparable
4bd2ae3c-82e2-4b33-88aa-2f2c860b1759,0ca24b47-fcaf-482b-9488-b841c74f9ce4,28/03/2022,Mixto
75a959f7-f64d-410b-8b3e-e406cc8f8251,a1d56fe0-c29b-4c82-8a6b-189f226c314e,24/05/2022,Reparable
c5c762a3-7146-4b9f-8582-52e92c4b27ab,12d48ed2-42c3-421e-a227-cdf5db3a5abb,17/06/2022,Mixto
f348a2dd-35b8-48e2-8569-c7f42039488e,f94f9c48-c013-4ce2-8624-5c251f080ece,30/12/2021,Reparable
4693dc94-ecda-480d-8c15-31c7a154b51d,7d2cadfc-dd05-4344-ab17-6441e657a034,27/05/2022,Mixto
38e679d5-f10e-49b5-9537-74a68c8c84e2,53882489-168e-49a0-97b6-f474924b3b4b,25/01/2022,Mixto
6435538f-f5d9-4e32-a362-b7087c344309,71f6f21d-97f6-4781-9da9-323d15ef202d,15/04/2022,Reparable
4d14d926-5f69-499c-b72c-f40c06870413,5490face-0780-4a57-a7f8-1ce24418c94c,12/05/2022,Reparable
e0125585-6cdd-47a6-b6ca-30f28216e9e7,cfd61fb6-a4f0-462b-8230-69f1d5ccd43e,21/05/2022,Mixto
06ed4419-889e-462c-8422-ee4529041c46,00cbdf84-39bc-4c45-b3bb-5e9b26834246,18/05/2022,Reparable
75690ef0-c98d-45e6-a61c-a1d0f2a689b8,01748a95-d346-483b-8aa2-7cdf6913897c,01/03/2022,Mixto
0b8011e4-730e-474b-be7c-fbb798fdbc52,5c9990b2-42a5-48a7-96a5-b6475e27ae6b,30/04/2022,Reparable
7212e99b-261e-45d3-a4af-66ee269fb998,0877af1f-5031-4832-ba78-41dcac5f7c52,24/03/2022,Reparable
61c26247-2929-41bb-bc7b-588bddaeb931,974c758e-1d69-462d-8724-5d8d67fc3f7d,11/02/2022,Mixto
b6e2e4ed-84fa-4216-be05-3b9a89d2b9cd,6d029341-e446-4921-a0a1-62a51baf46ac,22/11/2022,Mixto
7f5a1c9a-22f8-444a-99b0-cfb4840069c5,bd08636d-6527-44d5-9f82-36248fa999c8,27/12/2021,Mixto
4f7b4950-094d-4645-8a0b-7a31944e29ee,3c5ace62-d930-4407-a280-dfa739634359,07/01/2022,Mixto
dd33f08f-815b-4c4d-9bd1-ca877ed1abcf,553ec12f-fa6a-4691-a212-59e443144259,30/07/2022,Mixto
d3f44d9c-0a9f-4c1a-8e8f-611377902be5,8c96ac72-b5cf-4138-acd3-0ac3cfd621c2,30/10/2022,Mixto
eb81fbf3-727c-4ad2-af19-54a414afaa27,38e2d712-48ea-4eaa-b90f-bcef28fdb8af,22/03/2022,Reparable
9a7966ff-b163-431f-a02d-526cbab0fb93,725f7051-0e08-46a8-a501-5ac68253419b,19/02/2022,Reparable
486df122-49f5-41d8-9706-f8f377d55569,6e008793-551f-4c6c-a63f-1ad5b81c82ad,31/03/2022,Reparable
9d9b42c8-1c6d-425f-8438-2a2d3fee82ba,cbcd2910-1657-4408-8170-1a47f53506eb,12/02/2022,Mixto
d940ec8a-47a4-4c0a-91e8-acd1c493582c,079e92d3-0868-44e7-9ea5-97628f4fc66c,17/10/2022,Mixto
6e1073f0-55a5-4034-9241-705a1f7f7ba3,bc39fdb3-4937-4650-ab35-b1c766af30fe,03/01/2022,Mixto
ea37772f-2f91-4094-8491-5329e91ffb51,7fb4a3e8-227f-44d3-9422-1c6f12191b9d,22/11/2022,Mixto
d8959656-decb-40a0-b087-14504d28ab31,1c1246b7-22b6-4368-a573-6e696c21de5f,19/03/2022,Mixto
a6273d9d-38b4-4f2c-8f70-abf1431a9ee4,55f53154-bb0d-4436-95fb-ac2ce70e36da,21/07/2022,Mixto
400000a1-322b-40fd-b4cd-c0cb6537a572,2726176c-fea2-476f-a24b-d560dab95473,28/03/2022,Reparable
a917c3d9-7265-4e1b-809e-8d861b2c28bd,1b6ed366-86ad-4250-8087-e7ac6b51f252,08/05/2022,Reparable
6b057f9f-916e-4c4c-a4e5-a340eba1b8bf,cd9ca16c-fc04-4407-8051-ebf1bb6ca959,19/10/2022,Reparable
f511efa6-9633-41fc-be25-2fb9b3f69cce,325c85ed-cee8-41ec-815b-980a93c0c812,19/12/2021,Mixto
79994d16-7c9c-4f64-8a20-772bd48f7808,2e073e03-7f36-40ba-a247-a26cb5d59d68,15/06/2022,Mixto
6b3a4762-dac3-46f3-a330-db20b92745fb,71f6f21d-97f6-4781-9da9-323d15ef202d,15/01/2022,Reparable
09dd707b-7b5d-4949-ba36-d9d5826b7bc9,0ae6d5f5-8ac1-4e38-a08c-c28a64589004,04/02/2022,Mixto
c883845e-5987-42d7-a97d-acd6595df2d9,ba1b18d2-e6a8-427a-acfa-0ace651ee1f4,17/02/2022,Reparable
f81b26af-9186-42a1-9804-249462f5a9f8,b14a721e-3968-4afe-91e3-e838702f07c1,21/11/2022,Mixto
c646d71e-8f43-4ec0-a4af-9e77ae722e8f,5e2be07a-54b5-49e9-9280-3e5ef49adc7c,23/03/2022,Reparable
f27948c3-f5dd-4444-ae59-ba0af8b1ef91,5f6a5c5b-11c6-4bf9-843c-d0385e520ee3,08/03/2022,Reparable
35e2059f-5ae1-408f-b678-2f578baf66a8,bbc61f44-2ff3-4cd0-813d-e38e7b3df83b,23/02/2022,Reparable
440c7898-4d4a-43d6-9cb9-d97739714cf9,3499872c-0358-4299-a471-81747e3933c9,13/04/2022,Reparable
919df9b6-794e-470d-9123-1e97ff54b365,a15682f4-6462-439f-8e4a-693065860158,26/04/2022,Mixto
b1e38a49-cd57-42b4-a99c-d4d3e7678975,4e717022-3001-4aa9-80dc-ab48302a8833,12/03/2022,Mixto
3973048e-b538-45cf-a7a0-cd5e4bdf3312,755889e7-c9b7-42d5-bd6d-75fe559b81d0,10/08/2022,Reparable
1447833d-3500-4a91-8386-d2a07d77a133,cbc309e6-5c43-47aa-a204-30d24a9e764f,13/11/2022,Mixto
c615dd49-2181-468f-bca6-d5662a5e6ebc,539cc911-948e-4891-b9e8-74c8d085d548,27/10/2022,Mixto
d4fa88d5-ab64-4ce6-ade8-d7eb670ebe1e,b3ef523f-5cac-4de2-be96-156953a5e817,15/01/2022,Reparable
40320b3d-980e-4628-a823-3e8269e6da9b,755889e7-c9b7-42d5-bd6d-75fe559b81d0,21/04/2022,Reparable
08d751f3-6231-4a5c-9430-451ca3cfd65b,bbc61f44-2ff3-4cd0-813d-e38e7b3df83b,08/05/2022,Mixto
7031c91a-efdf-457d-9cbd-17b08522797e,9d883b98-99a4-473f-b8a8-641f693b1fff,25/09/2022,Reparable
b42e82e0-4848-48cf-9de7-d5432698c5f0,c4948a7a-f382-481b-92f5-27ac607df199,26/10/2022,Indemnizable
c4c3b799-40a8-41e5-b221-c86e2e7ec7cf,b18307fc-6515-4cf4-b0a5-d1ec07c3ab91,01/12/2021,Indemnizable
2fb315d2-df6b-424b-afc2-43bbd6a4a3c8,03a0a17b-29a3-4b56-b8de-6b99cbcc614e,24/09/2022,Indemnizable
db3c26f8-a953-4be7-9fcd-49d4ecfd0c65,bae9c10f-c643-47ac-8ce3-83dff9347345,05/08/2022,Indemnizable
ca6ff9ac-a19c-44ba-98c5-2b4bffa9b1b4,d6378e16-bca4-4847-8ce2-75bd442c305c,17/05/2022,Indemnizable
92f2c29f-a37c-4010-b694-9f1432bca909,f94f9c48-c013-4ce2-8624-5c251f080ece,01/10/2022,Reparable
84b7b7b7-3124-47f2-a536-f0db5b64999b,60dc8969-64b8-4722-9ba7-6dd357a1af5e,10/11/2022,Mixto
abd965ef-81ee-4876-8806-c05cbbe592fe,4c49209a-69b6-491f-9200-f966fa41ff0a,12/01/2022,Mixto
0c4d5368-6187-4d82-b601-b5f76449b550,a117fcd0-1c0b-47f7-ac7c-5d64cf616179,15/08/2022,Indemnizable
2e6dcf9f-324f-42d7-92fd-d292982486da,4d010ea4-5ccd-4521-8e78-62a995d1e6b9,29/07/2022,Indemnizable
62d5b713-aa75-4bd1-8e53-66c1bc1386ab,24a2d167-3d01-42a9-a447-dca1e3a1b91d,19/10/2022,Indemnizable
3dbd5dff-c483-4c2f-a637-c274482c8503,6fcbe76c-a5a0-4d58-9ff2-0faa518c79aa,28/09/2022,Indemnizable
216d7a4a-074b-4b54-bb4b-3281c7ee407f,ce484a17-4364-464d-bcdb-475cc5122dd9,08/04/2022,Indemnizable
ccbdfdaf-1b35-4c0b-b4c0-23d2c234f657,2a655d79-b8e9-4b00-82a2-da0f03a3f67c,20/05/2022,Indemnizable
aed1f4be-b3c8-4e38-a9ba-10f2705084bb,49ac0746-4255-442c-b726-421c62c80a2f,05/05/2022,Indemnizable
908eb737-fa39-4e40-ab71-c63d5eb69195,ee7e0870-8862-4e8a-b59e-52219d5231ac,23/10/2022,Mixto
33a2643f-45eb-49ce-b386-a7e640668c2d,3c622df1-4cbe-44b6-8dbf-1e2f5e9f4cca,09/07/2022,Reparable
615f2d8a-04fa-4b26-b84f-e8faf9ed0985,ca8280de-46d4-4a27-a8f5-01eafae47fd4,27/02/2022,Mixto
94fabe8f-5f5d-4c81-adf6-af6c10d554af,eb9c997f-bf08-4572-9e8a-e52a85bd6bf5,12/03/2022,Mixto
71dc547f-237a-4287-a573-d099e4313cc9,fc3ca9d0-b5e0-4560-9207-98fa699b389e,04/01/2022,Mixto
b96a4184-fdf7-4742-ae72-1783b622b88d,1cfabd74-86ef-4d57-9934-b7749803f7e7,29/06/2022,Mixto
b97da538-11b2-494f-9dee-99dab544953d,05aa6ad8-a7a6-47f7-8ef1-db0a02be7b3c,28/03/2022,Reparable
b09fb2ef-030a-4e1f-a3e2-ac517b46d63e,8bda0349-54dc-4774-a968-15be9ec0cfbc,09/10/2022,Reparable
88193c68-09a1-437d-b8ab-7b8eefebf8c5,b44fa7f7-4418-4575-8d29-e94d6e9ac1fa,11/10/2022,Mixto
ee522d38-171c-476a-8935-c88c59bb6f96,6522d5bf-6b6e-4772-bc41-4902426ff19b,28/02/2022,Reparable
8334202e-6f89-413b-bc8a-797007938733,2a783bbf-e7bf-458f-9abe-dc00ddb8dfa6,22/08/2022,Reparable
0452ec18-bb75-4dea-8a22-f71164bbb29e,9a0c0ffa-8baa-4f94-b4b1-0f855f6f0707,12/07/2022,Reparable
0a17dbd4-f8d2-45b3-a019-293e1d020d24,eb65c1b5-65fa-4a0f-a949-42a49b435fcd,26/02/2022,Reparable
b0291b4b-b4d5-41c1-9b1b-03e9f76a2261,549dab56-816e-410b-aef6-35a836abfa97,17/05/2022,Reparable
255ec8d1-a995-4423-89fb-f082df2ed525,cf5f496c-5fef-4ac7-9635-36ed40a36dff,20/03/2022,Reparable
d2f69d52-ae62-4823-9d28-f40e4ef2ab4c,7da1cc43-f3b3-4b7d-a61d-3d297834fce8,08/09/2022,Mixto
6393db12-cb71-421f-88d6-e91f594a43f2,e970a841-c492-467e-b215-6689e4b1495a,20/03/2022,Reparable
26aae065-db05-4764-bd9a-f307515fd317,8c068418-0425-498f-b858-ba90f964666f,10/03/2022,Mixto
a813d095-2917-48bd-83bc-31593a347174,e9d41d89-3d83-41d5-8852-4a1b8dce3251,14/04/2022,Mixto
1c6a412b-2ee5-460d-8d4b-47f9f047d345,54bd7006-5208-4138-9e54-da4a589d4b42,03/03/2022,Mixto
c76e3884-5c2b-49ab-b687-a73d75b95619,111156d2-153d-4262-8632-bc7bd19273e5,04/06/2022,Reparable
76d00c61-4e54-4ba3-99c3-c57752149f1f,a08f5b0e-892f-4079-b877-f0e561b4b819,17/09/2022,Reparable
2c519d33-ab93-46d6-8246-79e9583033f7,6420cf83-87da-469b-8084-f3a59d1da116,01/12/2021,Reparable
669a7d96-4eb9-48b6-8bc5-9771aa3ed697,003fe2fa-2cf4-418c-a3ad-b7f12ea1b2ef,28/01/2022,Mixto
bee08e15-cbec-4d37-a271-315050eeeee6,3433c4c0-0ffc-4562-b3b1-c1a934ced652,21/07/2022,Reparable
701754d9-244a-4d91-ad67-e78c1fdc1161,f4f86dc2-e936-4d09-a322-a6a1537e174c,19/01/2022,Mixto
c7ab4539-620f-4af1-a8ce-98764512bfdd,5adada80-3122-4a6e-8ea7-b99a473b75c5,06/01/2022,Reparable
d5f93fbb-7210-4122-b619-b44cad7dba2c,2b8b63d7-ff10-4147-970a-be083ee1be6e,05/12/2021,Reparable
dc9ab067-5aa5-423d-a63f-5a8411325bc3,8d21781b-5aae-4464-adcb-75effa065391,21/09/2022,Mixto
df9df52e-dcfd-4f0d-a151-7fb5709a7933,a4aa19d1-3f38-4dab-8f72-232e564ac541,05/07/2022,Reparable
1f7d77fd-fb4e-4ff1-8fd2-c23dda19cea1,d8bd1fcc-e937-4557-8edd-9d46aed38d70,30/12/2021,Mixto
d430817b-0a86-4ddc-a551-a507e275cd56,79bec117-eda2-44a8-b942-0341db44be5d,15/12/2021,Reparable
7d96b7a8-a873-4a94-adab-0acb2e24fa9a,6d4d65da-643d-4f4e-919e-10ef01686777,12/12/2021,Reparable
942d6a5c-b96e-4947-95ef-3b7da6105f90,8502dbd5-ae17-4a94-9c5f-08270bad88e4,21/03/2022,Mixto
2057dd26-91a6-47bc-b64f-0a24d5282b66,68ea2c0c-7d49-4c84-bb4e-290e59f3fe82,30/09/2022,Mixto
5f6c2d0b-21d7-4933-ad80-4c111996e3b8,4a975efb-c7a1-4f25-ad6c-ecfe89888a4a,24/08/2022,Mixto
51c3a753-8ca6-43b1-a559-2beca7512165,cf841736-0542-4255-9067-09e084e8a10e,07/05/2022,Mixto
d78f1b54-b6c7-4cdf-9b43-171266e56c84,c4948a7a-f382-481b-92f5-27ac607df199,29/04/2022,Mixto
7422db24-df16-4722-87ef-99d084e3a151,1f9595ee-9976-4162-9b08-8e8447faf68d,28/05/2022,Mixto
a2c8a539-aed6-4a22-a6bd-96b474bb4d49,339e3932-3b15-49f0-9405-df76cb72fbae,27/12/2021,Reparable
2db74b86-1cbf-430f-9762-6f100a984ee6,cd9ca16c-fc04-4407-8051-ebf1bb6ca959,17/11/2022,Mixto
6adae7c2-9d2a-470e-b351-fa9e87a50f86,17ac1f94-6db5-4042-bad8-cab53f9c7a82,08/09/2022,Reparable
ab23d81e-430c-4863-a6c9-5b13ef16d284,5a375b75-7c3a-41e6-b756-0d53f261d1dc,25/08/2022,Reparable
f8d09547-5ce1-4e2f-8781-c3a3caf92f2c,4c0019cd-314f-4fc7-a9d3-a02baf0efc34,14/08/2022,Mixto
ea1b3f9e-9a2e-41d0-b683-b15d1522ce2e,bc39fdb3-4937-4650-ab35-b1c766af30fe,08/06/2022,Reparable
c4be6441-d7f5-4019-ad80-1b7a894900cb,874f99d4-a257-40f8-a299-456c0c0d7724,12/02/2022,Mixto
5dc894bd-9d27-4a38-9846-e89dc7627cac,7f28ad94-2c9d-4b37-bdd9-1ec26fd43324,02/04/2022,Mixto
c7372252-4169-403a-a92d-43acb6e9ee75,70c9b7ea-e985-4528-94d7-c3efb582f7ce,13/05/2022,Reparable
8b7116c4-82a6-4d2d-8673-be05fec2ec62,b01ab6bf-cac2-4e75-8b62-19b385bc00f7,25/10/2022,Mixto
ea642c2c-e83b-40ec-a9d0-b4ac816a9d56,d84dd701-f1be-4b20-ba56-bd08bd4b6545,15/04/2022,Reparable
7b18959b-36f1-4855-aa78-0682d3c46539,eb65c1b5-65fa-4a0f-a949-42a49b435fcd,26/12/2021,Reparable
a3942635-b5df-4705-8ac1-9752c69b1e70,ee9b489f-ec19-44d6-97ba-b8678324818c,02/07/2022,Reparable
3c2ec464-1b8d-4625-9b60-ab44dbc7e4af,ab9f219f-93c4-4ea2-90bb-74fa8e7750ac,16/02/2022,Reparable
e3ee7079-be95-4821-86b5-f8bb3b874cec,574d90eb-d8b7-403e-90fc-a2193f791158,01/01/2022,Reparable
0fb78f7b-07fa-4f49-a832-a3557b00e44c,f62bc4b9-0f31-4f4d-80c7-5b6085ad7e07,11/06/2022,Reparable
0c420cf4-aba6-4262-9f4e-21f90ade5a50,0373bb9b-d83f-4bf1-aa8d-be489e9e7513,08/08/2022,Reparable
3efd8608-cdcc-4de4-9d10-596e802e7f3a,359f495c-d4e7-48c2-9a37-0b05007ebb63,22/02/2022,Reparable
dba11beb-e982-4b0e-8710-6ce0e4e81068,a48bf38d-260b-40a6-ae3e-e854f0bb18c3,11/10/2022,Mixto
8eb44008-8653-463e-aff3-9460710aceeb,1c1246b7-22b6-4368-a573-6e696c21de5f,21/12/2021,Reparable
a007e294-a940-49d9-9167-225a355c8370,8cdd0c04-f4f3-4f0b-bad1-f994122ce8a9,04/09/2022,Mixto
dd501212-4e75-44b7-aaaf-ed9f4fcb8cb7,c2afeaa6-4304-419d-a218-707ab4bc6117,21/12/2021,Reparable
f707e376-cee4-4135-9b66-ebd185340479,4d010ea4-5ccd-4521-8e78-62a995d1e6b9,14/03/2022,Mixto
1071eaa5-aeab-4902-bfad-0ab5007cbb02,3d513c9a-0de1-407f-bf7a-2563b4b035e4,01/02/2022,Mixto
0d05432d-3ac7-4d73-87e1-815194e44584,47171efe-eed7-49df-ae03-05d5df933738,25/02/2022,Mixto
93664a7b-883c-406c-b8ea-8428d7260362,56e03e4a-1233-4737-b5ab-f4cb91eff7d7,27/02/2022,Mixto
95ea3e20-466e-408d-8ba1-f32b59cfb921,bcb8914a-d14a-443d-971a-a6063a13c54f,01/07/2022,Mixto
bb9a72f8-5d81-4d8f-9502-78d6c9edf793,591dd374-e9cc-4432-a894-70b1c6a0c7d0,28/01/2022,Reparable
cce6a457-1cff-48a1-8b81-fa13afac3129,738aea1f-d107-4d4d-b717-c33faa350481,24/07/2022,Mixto
9d9fae74-5ddb-4f28-9af3-7345e8feaac0,4ec8a98e-505b-4728-aa38-fa689e21d6d7,06/06/2022,Reparable
d4017353-340a-4319-91ad-2e8ddcf097e8,c289634d-833c-4e5a-854e-1f892266e1f6,20/09/2022,Reparable
ebc93019-391f-40ec-9d3e-42c7a24fd6f0,d077decc-f552-4ed1-9a17-d99c39c082a4,27/02/2022,Reparable
1a777a8b-4702-4155-b73f-c9c7c2db8630,1b6ed366-86ad-4250-8087-e7ac6b51f252,25/01/2022,Reparable
027bb712-3270-4d33-a1ba-76e8bbd6e27a,d43f2813-e0ab-4c25-bd69-82a1a7e77cd3,12/03/2022,Reparable
66cde761-2530-4a87-82c0-999c620b3145,725f7051-0e08-46a8-a501-5ac68253419b,09/04/2022,Reparable
19ba6805-26f0-4203-8035-5287d8c2d0d3,9d217cbe-4106-4e6b-ad0d-e82998db2ad7,07/05/2022,Mixto
3219f4db-0bbc-45c8-a097-dae62528a216,b01ab6bf-cac2-4e75-8b62-19b385bc00f7,23/05/2022,Reparable
9cd93b8b-5c7a-483f-85db-e9efd05c5f13,3a8edb73-b29d-4cd7-b2c6-8c286a83124b,05/05/2022,Mixto
1007d57e-3fc0-4edf-ae58-721a5409175b,3c990659-33ca-4a6d-8918-ba41ca6787f1,08/02/2022,Reparable
a238318b-3e46-4083-9a97-a79fe31ad17f,725f7051-0e08-46a8-a501-5ac68253419b,03/12/2021,Mixto
89a6ee58-9010-4020-a629-df482f6e14b3,47d7cc01-d969-45a7-8d4c-ddfdc38b9d26,04/02/2022,Reparable
d879e396-a4e5-434f-8e55-d5a8a3c5fc56,561591f6-351a-4b06-bf8a-b5b1e46ec3f9,27/12/2021,Mixto
d086c6d6-94ed-418b-bcfc-9ab5770c6453,561591f6-351a-4b06-bf8a-b5b1e46ec3f9,06/03/2022,Reparable
68f4a888-ede5-47cc-9cc8-6e3476f2a826,fd518942-5c29-42e7-88b1-2c7f8bf8e8ba,20/01/2022,Mixto
90933d26-a06f-4ff1-bbc9-575c159aea69,858fe8e6-385a-4b6d-97d9-aa2d5c1d1305,06/02/2022,Reparable
17c5fb9b-b1af-4cf0-a56d-216beaad9d75,a0b9500c-2b80-4847-a644-0436665c7408,18/07/2022,Mixto
996007c9-e56f-4238-bb95-9dc6eae630f0,c1f80c36-d4e6-4b8d-a797-51d6f0a9de30,24/02/2022,Mixto
73d54894-9b39-4091-b1fa-e94e5dee118c,f7733874-6703-4155-999f-0efb172b9372,27/11/2021,Reparable
27d478fd-f76a-4882-9443-d71049798fbf,c5864d11-1181-4356-848b-fc7892eb55d4,20/12/2021,Mixto
22ddb18f-bc91-4048-9bb8-54f8d9caf36c,f655949b-9054-4afa-814c-3d2484fdc174,27/03/2022,Mixto
29cc111a-45be-40db-9ff5-564fa64d7e4d,d99cde41-2606-4c13-a071-ed87a25e9661,29/06/2022,Mixto
4ad2c982-906e-4c37-aef7-2230f8293d06,d77180dc-c5d5-4a32-b140-e2916ba2c949,07/12/2021,Reparable
680d91d9-f785-454f-82b9-c37d9d1d210b,8d06c63c-4c6c-4de8-85a4-361555567402,21/07/2022,Mixto
4f737f6c-6853-42c5-9e89-67d3979b1735,e3e20e20-a803-4066-b377-0c98b90118eb,04/03/2022,Reparable
a6ccffe4-5fef-48af-be01-06f288fe3500,6fcbe76c-a5a0-4d58-9ff2-0faa518c79aa,09/05/2022,Mixto
aaab02c0-db9a-4199-90e2-855893ebddd7,6383319d-ae6d-41a7-a1e5-748653e9becf,15/12/2021,Mixto
eed77abb-97fb-49ed-bc37-7f860d17d272,fda196ce-fb87-4891-89b0-340573527e4c,27/05/2022,Mixto
aa7f06ba-a07a-4c5f-8ed1-6c70a698c4df,36cd25aa-5f87-4842-8100-01536cb205f4,23/03/2022,Mixto
483a44d1-bf12-47b7-8fef-c09aade64ae4,22b610c7-96d2-41e9-8fad-616a59b36753,10/07/2022,Reparable
7092b804-8428-4fdb-b0f0-b1b25f64f55f,c14d0ba8-d0d7-4767-9b0c-c68eb8a3d31f,24/03/2022,Reparable
c09f42a0-d59e-4a34-b9c5-1a7fd593bf74,a79c4497-ef23-4e6d-b0fd-8e38a347489a,18/01/2022,Reparable
486f27d1-0e8c-4c21-8d27-f5f09fed7546,03a0a17b-29a3-4b56-b8de-6b99cbcc614e,21/09/2022,Reparable
546ae1e7-09f9-4fd0-8992-7a0663212852,2b82dacc-cefc-4f33-833a-03cf97476b8e,29/01/2022,Mixto
a85f9ffc-d654-43c6-8066-94c9e3d43917,5cfd9a63-db50-4513-b1dd-3c37403ddf2d,24/01/2022,Reparable
9ffeb06f-186e-4d51-8733-e15c10498cb6,5d9b5545-5807-47b8-90c2-b0b83257ea21,21/07/2022,Mixto
0a298b93-4ab2-452c-8a70-f3eff265fc40,bc340d93-a65a-4834-b533-4ea4719659b3,10/04/2022,Reparable
f6cf26df-08a1-4f16-bcdb-67267ece59b7,4150850e-546d-471e-91ec-07943be39ea7,02/06/2022,Mixto
e1c51942-982d-4d07-969d-66372391d2b6,c654dee1-a985-45fe-80f8-a9fc3fa0e4ae,15/02/2022,Mixto
3b896090-161b-431d-bbcd-de51e5290c20,1c5e8da6-4cb6-4661-8fe7-9178fd3c6208,19/06/2022,Reparable
b668b7fb-503c-4c05-98f5-79025250fbd9,840d5340-d39d-4ba2-a737-7fe909141536,16/02/2022,Reparable
ddd48e0e-02b0-456b-b183-7e624267ab9a,4c2b4e8e-815f-4601-96d4-be1581b4e6d2,26/10/2022,Mixto
c49b18d0-3f45-4a8f-874a-8fe7535aab39,19a38cb7-f230-4ba0-9310-84e3974e3897,17/05/2022,Reparable
07b33f1c-eec9-41a6-9e6a-95a9e89262fe,ea508886-22b6-4ebc-bba5-d67d139aea31,26/05/2022,Reparable
d41d6c77-37ec-4bf7-bd87-b75d9c0f5483,433cc397-7c3b-4301-b50a-7346752c9a8c,18/03/2022,Mixto
445f4c75-dd55-4105-96f3-5515e50ccc57,d6378e16-bca4-4847-8ce2-75bd442c305c,23/06/2022,Reparable
684b264a-e743-4d60-9021-9c363727b3a8,3b280ccb-29f6-4b88-9482-81ee42a322b4,31/01/2022,Mixto
425e4e8d-26c7-4b03-b73b-fabc348e602e,26e6806f-5171-4f60-ab78-d4b9834ea487,14/08/2022,Mixto
9f0023f0-f90a-4e50-8d18-087acd5ef414,17f31199-49f6-458b-a34d-a8aef8d2bdba,16/10/2022,Reparable
da7d915e-53c6-49a6-8438-8781c1985d1c,b785ce6b-b18a-4a64-9386-e3c2c3649a2f,03/09/2022,Mixto
8ada539c-b1e6-40fe-8b59-22d95f7d23f5,a153e981-47e6-4876-b8e4-2d2828036cea,24/02/2022,Reparable
04c3639d-7165-4580-8714-bc2d948b8637,a2404db6-e04a-4575-bdef-291a7708af39,26/07/2022,Mixto
6ad08c9d-8acb-4565-9fbb-7ba51f372a59,e021625c-930e-4165-86a7-c8b0d4f8bf69,14/08/2022,Mixto
c4e54db3-43b0-41d0-a45c-e7be728b99d7,e9964a0a-38ab-4efe-b5ac-5e516c07dcd9,17/01/2022,Reparable
2db74d64-39c0-4502-8f13-843aafd7bea9,d7d73d7d-ea67-4e36-9dc1-717fdc506a38,30/06/2022,Reparable
4dc3b40e-d01f-47a5-a72d-6b0ae542f33a,241c5624-5f95-4475-84c2-43e780a1f280,06/01/2022,Mixto
6cf319be-72df-4488-a63d-c874fc67cc30,087afe90-7f82-4ff3-b4cd-8d4c2e216aae,22/02/2022,Reparable
d68ca9c3-4bc6-4015-8a7b-73af07eba660,28771061-a0d5-4d33-8fde-c954b961d3f0,26/05/2022,Mixto
1d0700d8-ee5e-447b-ad5a-c57e313f413b,16155694-b057-4e1a-b8bb-aae1c2e4ad30,22/07/2022,Reparable
a0fd2c6e-1b0d-4c29-9060-01f4a6a8bd5f,6c67a5af-ec30-4f19-8235-36b1ff9ba778,19/07/2022,Mixto
9d5ab312-5344-47e5-bc71-3eb9111b5c1e,56e03e4a-1233-4737-b5ab-f4cb91eff7d7,22/04/2022,Mixto
1601f648-92ab-430c-a957-e37d9746a933,e021625c-930e-4165-86a7-c8b0d4f8bf69,26/02/2022,Reparable
b24e3747-49d3-4b16-bfb4-33c86de25284,ee7e0870-8862-4e8a-b59e-52219d5231ac,23/12/2021,Reparable
bd4fd9a8-9c32-4c8e-ac45-e22dc33892ed,8d21781b-5aae-4464-adcb-75effa065391,20/04/2022,Mixto
10ea1a94-ac7d-4fb6-80a5-a0c63a30fb36,549dab56-816e-410b-aef6-35a836abfa97,08/10/2022,Reparable
2cfb32f3-717c-41c2-a05d-56a4228118fe,005ec66d-58c5-4cbc-8c7c-ca33ed3d5fdc,14/06/2022,Reparable
a81c9fd6-bb69-41a1-b4d4-9a65cd883dbb,5be1e6fe-44cb-48e4-9103-11fbce7f3e2e,17/04/2022,Mixto
ec998f95-3755-4adb-b961-840ec781bdd2,c4ee940d-f5f1-4fbd-b883-9c30665557ea,01/12/2021,Reparable
d450a3f1-88ce-451c-b9b4-9d4bcf22e891,31a3a7ae-570a-44e0-9ab1-074625e4ef29,20/07/2022,Reparable
33d6a03f-eaca-41cd-9079-9d1c0a5b012c,5a630f06-5b7e-417c-be6f-b20b39f29ad9,22/07/2022,Reparable
ec8f00aa-8306-44f7-ae66-5e9357b0745e,2bab51e4-79be-4a22-b1bf-22a8d2039756,02/09/2022,Reparable
610841a9-c2eb-4ead-8ca5-130ebd6c19a7,57ccafd0-f2e2-40f1-ae48-ee45eb91864d,15/04/2022,Mixto
599564de-afbf-45b9-b8f9-bbdaad530234,067698e7-a16e-4d6c-ae6b-88946aa8b242,17/12/2021,Reparable
fe5b03aa-90d3-4963-ac7a-09c84e2cb84a,7b5ee9a5-5bfd-4853-8415-3af0cb1103e3,26/11/2021,Mixto
be013408-f5f5-4b99-832b-6cd036c6baf4,c2afeaa6-4304-419d-a218-707ab4bc6117,09/04/2022,Reparable
a4a3de5a-a6fa-48cd-9af4-0daa42266d09,ce97f35c-e536-428e-b847-64bc5fea02d2,04/10/2022,Mixto
5a3e9f4b-bfca-4349-93ac-48d8e6b92d90,29d82729-2d87-422b-8a2f-501b41cd3097,04/10/2022,Reparable
ae4ec951-5ac3-4afa-90a8-43c8e515723f,4745ba40-9ece-4ae4-81e2-9b3d2f7eb265,27/04/2022,Reparable
6a4383af-6401-45cc-bfa3-7761ca445532,db411292-cdfe-46cc-a8a3-9e0dd97d1edc,05/06/2022,Reparable
4987d252-720b-4a91-a489-5826b773dda2,29ba44ce-7ce7-45b4-bd0d-a9a60aec9f18,26/05/2022,Reparable
8a029886-957f-4de1-a2e4-b0c15c489203,56198e51-9cd4-4921-9d6b-4d6faf784e64,07/10/2022,Reparable
c26d9d66-72e9-43a6-bac2-3ef249e8bec9,6d687e8c-eadf-42cb-a5d1-73428b51e3bf,25/06/2022,Reparable
5b8c8177-7d0d-439a-abb5-7278dfaa15e0,89949ab7-aecf-4976-9f28-5ad8fc288c1b,04/07/2022,Reparable
6c6b3658-aee2-44da-a9a8-7b450265db96,bc39fdb3-4937-4650-ab35-b1c766af30fe,02/11/2022,Mixto
c78d45a6-479d-48b9-90aa-bbdd7a4be898,e28435a7-0109-4182-9a0b-8ca10c2a4d10,06/01/2022,Reparable
573e3f1c-82d8-4d33-8233-eaef9113ab07,942462b3-8eb1-4c52-a41c-c5ffd8486e35,26/01/2022,Mixto
f1c59425-3853-4a71-ad7d-1f79fcaa214a,e50e309d-a0d7-4d39-8f81-2fe9bdfc5f09,18/06/2022,Reparable
3180c59a-117a-484a-874a-92437fdc8c1c,7d98475f-9d36-4bf4-91e3-a6e68aa0a370,29/06/2022,Mixto
61dc25a2-15fe-4248-906c-79987270876c,460fe33b-9cbf-4c73-bdda-41980764aedd,17/05/2022,Reparable
ad70535a-0f67-4b7a-9bc7-0fc9ac6ca61f,b01ab6bf-cac2-4e75-8b62-19b385bc00f7,24/02/2022,Mixto
fd66149a-9bc6-4fe7-923c-a1734faaa9af,56514ba9-fd77-4c38-9b29-674384f6eff4,14/10/2022,Mixto
1d91d894-c330-4c49-93bc-aea585473c76,68972854-74dd-4685-bb5c-0d14ecc5e92b,20/08/2022,Mixto
d273bfab-4c03-4c07-bc2c-5156890e6960,26c1850c-ed99-4576-bc45-3c863e4573d3,11/03/2022,Mixto
8297bb6d-897f-400e-b691-0a7ec6d9b533,41553464-0f98-4343-96de-1f469b32d4e4,26/04/2022,Mixto
4f1230cc-ea86-4aac-9190-67b5004cb573,c4121342-1c47-402b-9000-f4a5e1f3a15b,17/08/2022,Reparable
151a180e-4917-418d-9a0e-68236e8b73ef,659bb7a6-8376-4056-8e55-d832c9f4cc44,13/11/2022,Mixto
57d6118c-5e6d-4047-935c-086a54e07774,6db28e5e-10fb-4821-a920-5c6fdc1d7d07,10/08/2022,Mixto
507493b0-844e-4ebe-8662-403e69b54aee,17f31199-49f6-458b-a34d-a8aef8d2bdba,10/08/2022,Mixto
0084c3c7-e2ae-41f3-b9dc-acce41015f5d,981dc7ea-25bc-4479-9ae0-e7107c00bc65,13/07/2022,Mixto
4a29f939-a32d-465b-886a-33778a1daba4,bc39fdb3-4937-4650-ab35-b1c766af30fe,14/12/2021,Reparable
3d005cce-9edc-4b25-aa3c-40f8ecc077a1,159d7108-3d54-419a-b769-3f943c3ae81c,26/02/2022,Reparable
de7b3ca8-4fc3-401f-bb22-4d15b4e781f5,7f763434-1cd7-4502-80bf-3a940d6f4fc1,09/06/2022,Reparable
5133ec15-9631-42c0-8fbd-275ac5f86371,fa78f9c8-290f-43c5-8e68-53ecc8cf88ed,09/01/2022,Reparable
5dd7d0e9-162d-481c-951a-517a21f2c45f,0f39c597-f2d2-4d24-9f74-2cf55503b41f,03/08/2022,Reparable
e3e26505-8c55-4d0c-aadf-493742ef4f84,267e09ce-6a37-4c3a-b3eb-bb319be07133,29/01/2022,Mixto
e52e0fae-5072-4026-a531-f6e426621618,f4cb8ae4-d3d0-4f21-9eec-754b69800bb3,27/08/2022,Reparable
c07a02dd-cc9c-4903-8360-93347889f893,384b46fd-af8c-487e-ba0c-6afcf5f1d422,11/04/2022,Reparable
6534efdd-6167-4db0-90db-91ce2c8b1e7e,fe3f681b-22d2-42ec-81e1-88450ef49508,17/08/2022,Mixto
ea95d5dd-10eb-4e5f-97ea-032bd9d39055,f2b3c25e-156e-4743-90b3-ae1a99e3d6e6,22/06/2022,Reparable
23bdb418-c285-4b3c-834c-dadb6a62accd,4a5ad458-35b4-4ffc-ac81-1b831c810617,25/04/2022,Mixto
4107f8c3-9264-4f00-aa68-d0a05dc73dd8,3b3eeb1a-dbc4-4dc4-aea7-d6edc6b7a357,07/01/2022,Reparable
64abab44-6bc6-4e84-ba80-b2aecb4be87f,67fed84d-74ee-4bad-aa33-918f911322a1,16/01/2022,Mixto
3890537d-db7a-4e39-9500-8f2ee7a618bb,05f5b17a-34bf-4be2-a5bd-c83c5400ea61,22/12/2021,Mixto
52217447-d767-40e8-a86b-b3dc4f1b9be8,7a8552df-7bf5-4cf8-bf63-9fb9f474d5de,07/02/2022,Reparable
8fe85db4-0397-44eb-9a0c-4cc0fba1dca5,561591f6-351a-4b06-bf8a-b5b1e46ec3f9,29/04/2022,Reparable
d2434408-0bd0-4d45-982e-7511e33451fb,53e41f51-0f9f-40c0-a490-7b5ee53ed645,06/09/2022,Mixto
018200e3-4ba9-43e3-a361-f93782920802,d6378e16-bca4-4847-8ce2-75bd442c305c,13/02/2022,Reparable
924dfc8c-3547-40c8-a5f1-71d045c7d674,ca8280de-46d4-4a27-a8f5-01eafae47fd4,12/02/2022,Reparable
946e6e98-9abb-427a-90fd-c8288c6954fa,a4b503ed-d2c4-4b23-8bf7-a347b5252254,03/03/2022,Reparable
d6f8979d-f057-46ed-823a-db5096ef5acd,0f266ade-44b5-4109-a364-0ded737ead75,02/08/2022,Reparable
39d98a2a-1700-455a-a561-b609c8b47ae7,9ca506d9-599c-450d-b631-c8432840b5c1,30/06/2022,Reparable
91121df0-cb4e-47bc-af80-b933d3da44f5,673a8a39-cef0-43ad-b61f-661e89e3033b,31/12/2021,Reparable
d45dd8f7-234a-469c-8740-9a18b6ab0181,ae2e5829-953e-4e4e-be14-22fec513f682,20/06/2022,Reparable
b332d6ec-085a-467a-a427-2842a2b0bf23,b166fbc0-4233-45d9-96e8-e879b09df251,16/02/2022,Reparable
11bf8201-4794-4b47-9de5-5eca163be8b4,7b8d6af9-4af2-4022-ab24-7fc5e35909f5,26/02/2022,Mixto
4a771f3a-d980-4b3f-966f-1ec0dd9e421c,cacf4bbd-3bdb-42ae-8142-c6803e99a0cd,06/01/2022,Mixto
677f1fad-aec9-4a9e-a819-a6e36849c60c,62fb3597-a03b-449a-b22a-8bccc1633cdd,29/03/2022,Mixto
dc0bfa1b-6022-4ac8-b701-3fcbc21b6a32,e1123b80-ede5-4d89-952c-e2a36dce8070,14/05/2022,Mixto
c5a08b6d-a95e-4f21-a223-1427df888469,58100506-4708-4166-b1fd-87b0a507076c,05/03/2022,Reparable
184fccde-cea2-4483-b52a-9f3ae4c7d8ea,9128c7ad-1204-406b-938e-ab81f9851379,17/11/2022,Mixto
fb3f8f31-7b79-4df3-9a0b-ca339dae2634,f0ddb64a-ee68-4785-98a6-25cf8440b31f,16/09/2022,Reparable
25565d6e-6010-48f7-acb3-affeae55c419,55f53154-bb0d-4436-95fb-ac2ce70e36da,09/08/2022,Reparable
33e553f1-2508-4ad9-a680-af443c192616,924499ea-a94d-44a2-890d-f65f1a7ce09f,31/03/2022,Mixto
082ee143-326d-431d-806b-454832d4121e,87e0e866-d96a-45a6-b31b-5f30c50930eb,18/10/2022,Mixto
2cd48be5-ffa7-4f9e-bb15-fdc854eb4ad2,90a89dd2-7922-41a7-bc84-84808c6a4155,14/10/2022,Reparable
163678a8-f28b-465f-8c16-166d173c6179,d204fa58-b151-4055-97d8-ed39fff02062,16/06/2022,Mixto
73272782-f8a5-4330-95f3-6658f69838e7,7d2cadfc-dd05-4344-ab17-6441e657a034,14/03/2022,Reparable
6f671fa4-9bd3-4ce5-aeb2-72be48f01571,6522d5bf-6b6e-4772-bc41-4902426ff19b,23/02/2022,Reparable
32ba9273-bedb-4704-a9c6-05f1390c33ac,8d21781b-5aae-4464-adcb-75effa065391,20/02/2022,Reparable
2cb31e21-78c4-4cbb-9962-d4e9558da99f,0781cc53-1711-4937-b5c5-e1bb05c3813f,13/12/2021,Mixto
8543ca6f-0109-403f-815f-1119d68b9785,bc5d80ab-cb57-4411-9787-3c2b15f74e7e,26/05/2022,Reparable
b169f830-b3a4-43e0-8383-f61ad8179271,2da59670-38e0-439e-bdca-e1a37c6a2571,06/03/2022,Reparable
8830aaf0-bab4-4576-8ac6-c5028a96a7eb,020b1e6d-cda1-4b84-a0cd-ce7649982dd4,19/11/2022,Reparable
e42b9d92-fce7-4ecf-9062-6f2e44b07d7e,087afe90-7f82-4ff3-b4cd-8d4c2e216aae,29/09/2022,Mixto
f5630890-f1d3-412d-af84-1634ce08ed64,915d60ce-0d09-44ce-960c-8e0885d99507,22/10/2022,Mixto
9f2631cf-0b64-478c-8420-fe701a22a029,a4aa19d1-3f38-4dab-8f72-232e564ac541,13/02/2022,Mixto
f7891400-1dd6-4e90-9fde-fd3504b6dfb6,94233b06-9bfb-4926-a931-6860cb15fd6d,12/08/2022,Mixto
b7a4d9e6-e8e5-4728-a67b-20cb5118398b,ee9b489f-ec19-44d6-97ba-b8678324818c,11/10/2022,Mixto
c7bfbb21-ccdf-4633-915c-fad54c254531,dd2989be-2739-4dd1-b15d-a36bcf6d7818,19/07/2022,Mixto
eaf28016-d739-4b98-a48c-7602f1183e60,4b4fcfde-f146-48d4-80ae-d72e807e682e,17/12/2021,Mixto
a18a49eb-3ff8-4a6f-b92e-8e839952e7e7,a9c4bf96-0793-4c4a-b5c4-f2c7bdd7b8b9,01/07/2022,Mixto
4406a9b8-6d77-4975-8dc5-fb1714d413dd,ec633bc8-3c53-4c9e-a88e-4c1ae9f20314,22/08/2022,Reparable
36eb5834-5e08-408b-93f2-d5de0db641a9,59eb649f-cc30-4a75-b9e1-2f1cd9fbbc8d,05/06/2022,Reparable
4d5d02c6-dac0-43db-866a-911ce2f378e8,b4600a07-901a-493c-90d4-12d0bdc8d9cd,15/12/2021,Mixto
05628291-99fe-49a9-a99d-9b44658211a2,3c622df1-4cbe-44b6-8dbf-1e2f5e9f4cca,12/09/2022,Mixto
38a531bf-9d6c-4180-8ac6-f4919b0ab4c5,81c39389-ce9c-4e31-811e-b4c01677cbff,09/12/2021,Mixto
b20be3ff-ba92-4580-9a5f-890f32973180,8e63ef15-169c-4e50-8f2c-3d29e3385296,01/02/2022,Mixto
0350e0b9-332a-40c5-ae18-1251187fe0c6,73a07272-5d6c-46da-a9b3-dc3f03b0b83b,11/07/2022,Reparable
ac28319e-7514-47d2-badc-008f13709325,f82b6774-8f1c-46c5-a522-dde05ed302b3,01/03/2022,Mixto
02ec86c4-efce-45e4-8c0c-5391e106df99,f4d01a9f-cdc6-4de1-b875-941b6b19d2af,18/11/2022,Mixto
7ad16502-c7c8-4d37-949a-0dc9d5fdaf8b,3db0d376-a313-498c-ac67-50db9ae08a44,08/09/2022,Reparable
721a4a35-18a4-458f-acf9-e949b57be253,c5864d11-1181-4356-848b-fc7892eb55d4,22/12/2021,Reparable
067b9438-3f7b-4faf-8af7-b29cfc7d1a20,ae2e5829-953e-4e4e-be14-22fec513f682,06/04/2022,Reparable
e4d09c13-c5ef-42f2-a674-5de6cfd10657,9e50993f-1e24-4edd-a5df-1df2dfc92d71,09/12/2021,Reparable
024dd9f9-9956-4b1c-a893-f338defb5966,4ca1d706-f444-4876-a16f-d618b9d63637,14/08/2022,Reparable
5d02e8a9-0a92-4576-b149-2e835984b50a,91a5732a-cbe7-4dae-a49b-5e4d9c8d48aa,12/09/2022,Mixto
203807e3-c236-4379-9ffa-ed1c5ae19f98,1d57db15-0bf1-4815-8c3a-ec6764019f64,13/09/2022,Reparable
bb3832fe-8d8a-4d2b-9728-3d7fd7e7e2dc,2d4a049b-f8d7-442c-8e36-548056fa0c46,20/03/2022,Mixto
177e06c4-ec05-4549-9330-c0df4a78878c,9ee41510-c688-4b36-9f6a-0841c428db95,28/07/2022,Reparable
682475c5-551a-47b6-af24-d25610edd0b3,cf932a76-bfd0-4315-9c26-d86dda1671b1,25/02/2022,Mixto
3b9bec70-cdec-4cb9-b3a5-d5462239085d,6522d5bf-6b6e-4772-bc41-4902426ff19b,29/04/2022,Reparable
c3d44164-ff96-4e51-aed9-30e3c651f174,433ece33-9475-49f3-889d-16df3dda47d9,16/09/2022,Reparable
899e216d-5e86-4812-bcb0-02cc9a0fa8ba,c4e69ecd-37bf-40d0-86fc-61669a6d1ca5,14/11/2022,Reparable
cc32d366-6f10-4cfb-aae2-0466cecd7192,1e3268db-7d71-4eb6-b811-e94387728fc5,13/11/2022,Reparable
7ec8594d-dbd8-4ba9-a431-b1c4ce1ad379,aa7dc5cf-4c5e-4986-9d22-46078925f8c0,24/10/2022,Reparable
88f28f6e-45f7-49fe-82ce-2a34e1861903,5e07150b-9672-4325-9a3d-71f4944fd817,02/04/2022,Mixto
8a38357f-71b1-4d8e-bcfa-bc129e2314cf,565a3b03-2337-4b22-8a09-5529ebd9b22e,19/04/2022,Mixto
0b0e586e-8a3f-422b-89fd-cd2e3d921194,52f9f096-165d-4a2b-886f-600bb4107edb,23/02/2022,Mixto
c1639c9c-2e63-4ca8-be39-831e12ee6ebc,711d1b55-92d0-442d-9b14-e26aa5937f94,14/09/2022,Reparable
7c0ba2a6-7b2a-4c74-b498-6eea3d5e4dfe,279c4da4-4daf-43a2-8827-ac5365497229,11/10/2022,Mixto
a7549117-3772-4062-872d-ebd72d71e8b2,55f53154-bb0d-4436-95fb-ac2ce70e36da,08/10/2022,Reparable
6e9c2355-7d0d-44b4-bb7b-cdeab91ccc06,f6a646de-11c3-490f-8d7c-c0ef63d03350,17/03/2022,Reparable
cb473899-e6ce-4be7-860b-7209c35a16c8,ece3e704-c42d-4012-afa5-34fe7f21ed70,29/09/2022,Mixto
122ed42f-5b31-4358-b782-64c48c70b3e8,2892b4f4-4496-45ed-aa29-027d718b2981,26/12/2021,Reparable
b3323a06-42a9-46c5-8d85-23880622b04b,497a2542-c42c-4897-ba67-8e7eb328b77d,28/02/2022,Reparable
6036fdff-f14e-4202-91ca-bdd73a7ce2d1,066dcbaf-30c9-4054-bd8b-9f01bffe2e76,12/07/2022,Reparable
adb60d96-68d1-4671-99cb-d0a03f065516,775db665-5ac9-4ae1-a3d4-8999fd0dfa29,01/09/2022,Reparable
d48621fb-7546-4554-8d4b-67175ad13328,8d21781b-5aae-4464-adcb-75effa065391,24/03/2022,Reparable
8f8f2a75-cc5e-4cfb-bf97-51603e90f898,1153d608-1c02-4b29-ad32-246a6a77eece,14/11/2022,Mixto
fd6c7ae6-dd5d-4805-aa8d-1ad3eed03e39,e6f1ea16-10ab-490c-b422-10e35863afab,10/06/2022,Reparable
a727664e-c61d-409d-a10e-6c3a0eaca5be,29d82729-2d87-422b-8a2f-501b41cd3097,17/10/2022,Reparable
db100bb5-7135-4985-90ae-341ae028b205,6c67a5af-ec30-4f19-8235-36b1ff9ba778,17/07/2022,Reparable
df2ecfd6-a1bd-44e3-b255-5087a58c77a8,c0784436-bf24-4724-ab7c-feb480fff5e4,04/06/2022,Reparable
d3caeecd-a59e-41ef-9f82-8c3c1357caab,ebbbbf1e-8c85-4410-999c-9c91877c0557,10/06/2022,Reparable
6acb3dca-2802-4891-9570-3da2fa72b077,bc340d93-a65a-4834-b533-4ea4719659b3,23/11/2022,Mixto
aa675c05-120b-4981-86af-753146750e16,7bc860f1-be28-4069-9eea-8972fdb0941c,31/01/2022,Reparable
ea1d1397-187b-4950-9546-82b3e8be4409,e774004d-9ff3-4a82-9588-b743a7569207,04/07/2022,Mixto
34522400-6d1a-48b7-859e-b1c3ec92b1a2,7b2c9b98-c854-41b9-9717-b6a0fb2cf6fc,12/03/2022,Reparable
1d3d5f09-e97a-40f6-85e2-76735c9692ad,943c1aec-8de4-4dd3-8c86-0f360d20c2f1,13/08/2022,Reparable
a1102a67-5cee-4e78-9a3f-229f23ac9627,5adada80-3122-4a6e-8ea7-b99a473b75c5,15/03/2022,Mixto
a82e69c7-d150-4db4-9d34-5e7da96e41be,ac20387d-bbc2-40c6-bcac-a3feb356d7d3,18/01/2022,Reparable
2411e40a-e1da-4f8b-92f3-a38f67623eb9,ef996351-2459-49a8-bee4-ba0617aa4a6d,07/06/2022,Mixto
47940dc7-c17c-4734-a45c-33378105caa3,4e0ef892-fbfc-451a-8616-3be7caddf793,30/06/2022,Mixto
d0c63c9f-7cf2-4312-82fd-9564535e1f15,4401a957-a637-4b50-b8e5-4b6a3aab0838,10/11/2022,Reparable
af8653a1-fdd1-4fbf-aa20-761b904e168c,5bd68292-6686-4f52-8417-9cd7031f37fc,20/08/2022,Reparable
1bed2175-1f01-4f2d-86ae-d838bc25da67,74b731d3-9f91-4feb-b32e-1ae556e670e0,30/06/2022,Reparable
82f38c0e-345e-439b-9aba-236ee8bde7e9,3e4da342-01b7-4c07-82cf-f55cff86f5a1,16/11/2022,Reparable
a8e49f0e-cb16-4e63-af61-096a4c815125,3aa5b333-582a-4ca6-a66e-c81b16af3b2a,22/02/2022,Mixto
59358edf-507d-4f7c-97bd-544b176d95f5,d20a544e-7820-40da-a986-90b2d0771ecf,03/09/2022,Mixto
07a6c0f4-6cc9-4dee-95de-71b5392d948a,a415a33a-874b-456d-9ae8-dd34140664b7,29/05/2022,Mixto
9a136576-7fed-4515-8373-f3d572f25869,3aa5b333-582a-4ca6-a66e-c81b16af3b2a,20/05/2022,Mixto
23befa27-c079-4b82-b964-633cc8b486e6,2702eec2-0260-4112-9ed3-de526e13bf26,07/10/2022,Mixto
d42b4e5d-fdba-4934-bdf5-00843fa1c6dd,d77180dc-c5d5-4a32-b140-e2916ba2c949,25/11/2021,Reparable
65013bd4-7997-4b2b-821e-365afdb0ccc2,8017acd2-4666-4f64-ab29-f7cecb5b00cb,28/02/2022,Reparable
3e502b3b-58c5-44c9-9e2b-aba42a559e69,c18df36c-b3a9-4637-8196-8097892ae909,21/07/2022,Reparable
01628cfd-a869-4f5e-afe2-183df2f8aebc,bc5d80ab-cb57-4411-9787-3c2b15f74e7e,08/10/2022,Mixto
8f7ee14b-bf74-49f5-8599-e7d96ee8ff18,90a89dd2-7922-41a7-bc84-84808c6a4155,18/04/2022,Reparable
b8d3fc15-cff8-4861-924f-3d98ad172400,f65e09f4-7d27-4d8e-a7cf-5a2219039b30,05/09/2022,Mixto
471861ae-4fdc-4f47-9b58-a3aab8fbbecb,90a89dd2-7922-41a7-bc84-84808c6a4155,26/08/2022,Reparable
567f7125-39b9-4168-ad81-5113f5f06e38,dac4f0b4-0fe2-477e-8c82-b2cfe1b64d01,27/06/2022,Reparable
57896044-82ec-4e8c-94a9-8147187e6e61,0f610e55-f480-4d3e-8bca-b857230fa194,13/11/2022,Mixto
90c1cfdc-f124-4635-941d-c9e297d49a24,982a7ab4-6760-4f05-9840-5f207872fb10,20/05/2022,Mixto
464b2397-d976-4bad-b75b-1c6f639e4a65,f659ad5f-30ba-4558-bbd9-b2cd1abd12c4,10/11/2022,Reparable
81165926-7593-49ec-bed9-9b978016ffed,ffa4ec0f-dba4-47ae-9207-53634cb5e694,07/09/2022,Mixto
d6364058-b377-4010-b6d0-0a9c5cfa7056,354cdbfa-49fe-49c3-900c-4741d5f2268f,14/05/2022,Mixto
a1cf6f9d-8c93-4759-a958-a0e31d9bc419,3c5ace62-d930-4407-a280-dfa739634359,02/10/2022,Reparable
069959ed-6a33-44ae-af20-27b66969a2e5,3c5ace62-d930-4407-a280-dfa739634359,16/07/2022,Reparable
3db5e918-c7e8-40db-8de1-70068f84e3d5,d077decc-f552-4ed1-9a17-d99c39c082a4,12/02/2022,Reparable
cb640488-e92d-4dc6-8166-1bea689e4e5e,b9533d57-d909-483d-bdfb-b729c78132fd,01/12/2021,Reparable
06fae5e3-b906-4dab-9692-b64cf9246ab8,1808e8a1-f188-4881-bdde-16183955b9dc,08/04/2022,Reparable
77a6e216-8a31-45e5-b6ab-a49e7beebf59,34e2ad72-d0cb-4f04-b06b-7ae4a8f36801,06/12/2021,Mixto
5c59ed18-7896-46f4-a94d-349d5b05cb63,e6f1ea16-10ab-490c-b422-10e35863afab,19/04/2022,Mixto
5387cce5-289a-4f95-866b-62de19524bf6,56a4584c-e417-4a42-9c37-20d00db07e14,25/12/2021,Mixto
3b2450af-6e14-4c54-866f-92cc78a0cb73,565a3b03-2337-4b22-8a09-5529ebd9b22e,31/07/2022,Mixto
a4c95866-3686-4ddf-9a73-63148b13a266,55950e63-50e7-42a4-8c13-a6363383863f,30/08/2022,Reparable
a9c90427-4b40-40a7-b708-1a82d5fcfb83,2b8b63d7-ff10-4147-970a-be083ee1be6e,22/04/2022,Reparable
4330980d-9802-43f9-be1e-f2f2804fc8ed,ae164b71-9400-4930-89d0-56b743e9874d,20/06/2022,Reparable
79c18694-1895-4c81-a9bc-40d631883e5f,d71d788b-39dc-49a2-b9db-dceb6b363ba9,28/02/2022,Reparable
917e1a9e-8fda-42b4-b71f-1d206399cfab,950b7375-b7f4-4634-b277-609d2aefe51b,08/09/2022,Reparable
19ed231f-1730-4442-94f2-29c97c318dd7,9fec8f5d-a757-4ee6-8da7-aae6e712301f,01/05/2022,Mixto
63cef363-c069-42a0-90e6-882e0d5e4eed,85453acc-58b4-4e1c-a800-f166ffeefb2a,02/09/2022,Reparable
e148e25c-76ba-4b9f-b2c7-a6aac9f46027,bcb8914a-d14a-443d-971a-a6063a13c54f,20/10/2022,Mixto
f1f60dd4-ab4c-470f-b3e5-ae937ca984b5,f4f86dc2-e936-4d09-a322-a6a1537e174c,18/01/2022,Reparable
ba770559-b32d-4e39-8ad9-a78cd8df47b2,76ddc7b9-ab57-40cb-8ab3-4908bd4792d7,05/02/2022,Reparable
fc0ba225-acb4-416f-ad0f-85e7c7431741,b1d34a53-0106-4d13-bcca-cef5c70e67bf,11/07/2022,Mixto
01234578-3a79-4dc2-9f4d-4e5534ae9fe6,49648683-77fc-49d4-a156-485706f9aa2d,13/02/2022,Mixto
edafd5ee-fd52-48e4-95dd-1c33c053427c,e35649e4-f316-45ee-9866-2def566b1041,15/02/2022,Mixto
d17fd03d-249e-4cfd-9cb5-64615a0cb8c2,98bb2a04-9fe0-4fab-a86a-0f728e4774af,19/07/2022,Reparable
d3493707-65eb-4d38-b9d5-4dc7a2da449b,fa1e3ce7-46d6-4ade-afa7-7173c990f055,06/02/2022,Reparable
b153618a-3871-434f-b239-142603145632,464aee90-c78c-40cc-b58c-4527e3cf8662,24/12/2021,Reparable
fea3cbcf-6c09-4bf9-af87-244cd59ddabf,589ce15d-a2d1-41de-a5c9-cd02388493fb,24/07/2022,Mixto
e42a4533-2568-4ab3-95da-147c972a53f8,ebbbbf1e-8c85-4410-999c-9c91877c0557,08/09/2022,Reparable
62eb21cd-b121-470b-a9bb-e404cec906a6,5f804579-ed5d-42fc-862f-8d3105f80416,01/11/2022,Mixto
0871ff68-7179-493d-98af-02ddc8a61f55,a1d56fe0-c29b-4c82-8a6b-189f226c314e,01/12/2021,Mixto
f7dfab06-9033-4396-96f4-426ac0bc52c6,27aa4516-5485-4009-8a2c-0cc59bdbbbc0,16/08/2022,Reparable
e4c2434e-7fd5-4c2d-89fc-eb6f4eafc230,822fb360-0f78-4ac6-ad9f-77510a57cc3f,15/06/2022,Mixto
9658d456-7a8a-4324-9a1c-40aae6c88501,43cedd62-85c6-4e0b-a6ab-7828d7492c82,03/08/2022,Reparable
79b0246f-baad-49d3-a365-84f9523a9ca9,49137bb5-f81e-42f5-9628-939f3a4ad2a9,24/09/2022,Mixto
15b4cdd0-9a69-42ba-bb2c-db4f4396bc2f,775db665-5ac9-4ae1-a3d4-8999fd0dfa29,25/05/2022,Mixto
41b9da61-9620-470a-a1f9-494e540ca2de,079e92d3-0868-44e7-9ea5-97628f4fc66c,27/01/2022,Reparable
9f57ef22-3a10-45da-86dc-ea011d2cae52,f1556b44-404b-4b71-ba3d-7188bdd452a1,22/03/2022,Mixto
7ab632ca-219a-4044-93c0-56270308adc0,5ffda30e-1216-4cd4-9642-8cc17024770c,16/08/2022,Mixto
948cebb9-0b43-4fc3-ac11-f984402298a3,2702eec2-0260-4112-9ed3-de526e13bf26,09/09/2022,Reparable
e13a30fd-6225-4011-8438-90d57cd80aba,d7ea469c-162f-4a46-811b-14d6602c70bf,31/08/2022,Mixto
2c658f6f-1482-433b-8433-b24ba3c7b8a9,b2e9faf8-8429-4a3c-b33f-1d456a52bae5,11/12/2021,Mixto
a8a1c096-db91-4a01-937c-b901e425da36,0373bb9b-d83f-4bf1-aa8d-be489e9e7513,28/02/2022,Reparable
6b67fa0b-d066-47c0-97db-482d1ed741e8,f9c9e5f8-f8bf-41d5-8108-9c9f23589b76,08/10/2022,Reparable
a4f9ca90-6118-4e0b-ad96-f2be2d7ef8eb,b01ab6bf-cac2-4e75-8b62-19b385bc00f7,16/02/2022,Reparable
2228e9dd-3c7a-4711-a43f-0718491250df,5a630f06-5b7e-417c-be6f-b20b39f29ad9,25/01/2022,Reparable
d56f16a3-f402-4385-b1e8-05f1831e8f26,b3ef523f-5cac-4de2-be96-156953a5e817,08/09/2022,Reparable
b60ff692-c7d2-4c97-980e-f3d73d941fea,b7f7d96e-4465-40f5-b946-2cc8945595e4,13/08/2022,Reparable
45a1c32b-49ea-4bb7-ba19-027065cb2e1b,f62bc4b9-0f31-4f4d-80c7-5b6085ad7e07,21/06/2022,Mixto
7347d680-bcc8-420c-922a-8a64b7e754d2,f89b579b-aa57-4ee5-97fb-26ffc1c45c60,14/01/2022,Reparable
3f9e78fd-9b07-48c1-a982-955d884b598f,ed0fdee3-642d-4135-b579-5ffe5b9674f9,31/08/2022,Reparable
2cdb18a8-d471-420e-b890-710183c6d435,d5ff5f50-d96b-4be9-8a1a-7d8b65833c84,16/10/2022,Reparable
dc216bc9-7b68-4135-b544-f4ac5b7e9091,8e63ef15-169c-4e50-8f2c-3d29e3385296,12/10/2022,Reparable
b3cfdc5e-8027-45bc-8cfa-c77d6d458086,1b6ed366-86ad-4250-8087-e7ac6b51f252,26/07/2022,Reparable
3b7f9be2-aba9-4dc9-a57e-1a82dbaa3e3c,4b99206e-0de6-44fb-9f60-9f391dd5bbfa,06/05/2022,Reparable
250a0010-289c-4634-b53e-57480a98708e,1153d608-1c02-4b29-ad32-246a6a77eece,25/11/2021,Mixto
04a99065-151a-48f8-bfd3-157dbb24a09a,565a3b03-2337-4b22-8a09-5529ebd9b22e,20/06/2022,Mixto
901534b4-6733-46ee-836a-fbbb1b83a4b2,0fb528d7-d474-4460-a44b-d5631213235b,22/10/2022,Reparable
0e3ac7ab-2570-4aea-9f4f-923fd159f62b,ab9f219f-93c4-4ea2-90bb-74fa8e7750ac,13/04/2022,Reparable
75e8880d-267b-4d60-8863-f3ca1fadc0c6,4e0ef892-fbfc-451a-8616-3be7caddf793,20/07/2022,Reparable
5a43cd32-2b50-4634-85af-a5d99b7e8ba7,fd843cfa-904f-4724-9cd0-6640bd438f88,09/11/2022,Reparable
f600f65f-74e4-4305-85e1-8819ed11b5ab,1c36bb7d-febc-41f9-8597-ebc7dc358c2b,08/02/2022,Reparable
d831d470-4281-4715-8761-c07e4e0a192f,1deb51b5-b3d2-47f2-864a-5d16a205a274,09/01/2022,Reparable
e9b5bedc-3a15-47e9-97a4-3d8af3605966,725f7051-0e08-46a8-a501-5ac68253419b,14/08/2022,Reparable
0ed24e68-33f8-4c5d-b261-941434a527e4,5be1e6fe-44cb-48e4-9103-11fbce7f3e2e,14/09/2022,Reparable
c5f16a06-85f4-448e-a063-cbc465f536c1,ad579101-9f9b-4a0f-8c96-72729a4a9514,13/03/2022,Mixto
94639733-0228-482c-bf9f-431759404651,c3d6f50b-7a64-4990-9c44-b278908c13af,13/04/2022,Mixto
c8cef471-272f-45fb-8fe0-5c694f21466c,42f4ed35-322a-417f-aa77-6aff2210a70b,19/06/2022,Mixto
4b738aa4-d3bd-4262-b881-bb8bfd378923,d450f8b4-14bd-4a83-b6d4-3ee470b8f0f2,20/04/2022,Reparable
b4b1b7ca-6c0f-460a-8b25-eca83567e81a,4e61ff45-32f9-4729-a5b1-080988bde536,06/01/2022,Mixto
d9c49e4f-d04d-4295-aa78-6c6c6e2dbc8f,45d02c04-33ee-4b47-a026-fd214660dc40,28/02/2022,Reparable
42af619f-b7f4-4542-9ddc-7504836cacd7,03a1e54d-6a59-477e-92d8-3c452ba38816,23/09/2022,Mixto
d211b7bd-8c06-4e56-ab67-d23366d9fe66,ab9f219f-93c4-4ea2-90bb-74fa8e7750ac,12/01/2022,Reparable
94a51aab-06b6-4944-83cf-821e8f4e058a,f659ad5f-30ba-4558-bbd9-b2cd1abd12c4,17/02/2022,Reparable
405b5922-32b3-41e1-888c-656d24b47c31,51b66187-4023-4c70-b7b3-b58b81935f3b,18/06/2022,Reparable
c3270a71-f4ec-403f-b09d-0399a4c98c80,1c063cb1-f456-48c8-8a9f-cff06ad1d432,15/09/2022,Reparable
9b948e2b-9b0b-4014-8553-94e1bbcfd1ba,4d303744-4c55-4f66-95ab-3f74d63889e1,22/04/2022,Reparable
c300d6ab-0c11-4b5b-8ce6-26b67e07d5ca,6b4f97ae-3aad-41f5-9eee-1c1b121d4031,26/09/2022,Mixto
a6add29c-5a07-4f37-b5c8-fedb156fa3f1,0f39c597-f2d2-4d24-9f74-2cf55503b41f,21/09/2022,Mixto
e09ff728-907e-4905-a278-9f44c4e92cbe,67df126d-5ac1-42ba-aad1-ff0ca54335e5,18/08/2022,Mixto
f7a1ea70-4d4e-4d06-983b-3c231e424525,845679d2-1c75-4a33-bc36-8e8054f823f2,20/06/2022,Mixto
b3490fd6-0179-4d2f-a03c-258f9d3d9d40,cbc309e6-5c43-47aa-a204-30d24a9e764f,01/01/2022,Mixto
93fe0284-e89e-41bd-95a5-76b5cde69113,5a375b75-7c3a-41e6-b756-0d53f261d1dc,04/01/2022,Mixto
e17f0999-df51-4ec7-83a6-57d1784a1da3,aa4e6710-75ed-4ef5-9dd4-7b3382866838,04/04/2022,Reparable
e9f37f5f-2656-4c41-9241-e1d12a4884f4,673a8a39-cef0-43ad-b61f-661e89e3033b,25/05/2022,Reparable
08b411d0-a185-4ff9-b97f-ec2e4ab07404,1f41dc41-783d-4b58-a96b-180f6cc4a6bf,16/04/2022,Reparable
a407b928-dca9-4e17-967f-b7348709aa0c,022ebb01-7439-47d9-ba1b-8e3f2aa47fd0,11/07/2022,Reparable
a2ee5288-9b6c-4f44-a6a9-5c9f6a38d6e4,079e92d3-0868-44e7-9ea5-97628f4fc66c,18/07/2022,Reparable
b6b51fb4-7a7d-4f06-9324-9c166038d4bf,ffa4ec0f-dba4-47ae-9207-53634cb5e694,09/05/2022,Mixto
885defb8-34fc-4d56-80d6-eb2001a353d3,dc5fecbd-9728-4a8c-a987-6232ecd1de1e,12/09/2022,Mixto
cb76124e-7009-459d-9811-ae94467265d0,7c621d98-06e9-4cfc-bc75-c43a5b22168a,29/09/2022,Reparable
66c3db7a-032f-48b6-9227-d6671c282e05,c3122073-8ab5-41a1-91be-d3d21c1066b7,09/12/2021,Mixto
d4c9445b-7cc0-4699-9146-94e64afb5649,5a630f06-5b7e-417c-be6f-b20b39f29ad9,17/01/2022,Mixto
40bdd509-00a2-4bac-8915-0e24a9281079,8e5e7cf3-5469-4eac-8616-a69b8e08c096,26/11/2021,Mixto
04c5246d-aaa2-4167-9ecc-2b01e57e7f45,8ad73172-600a-4230-82f4-6abf503c2ce0,09/08/2022,Mixto
768ecadd-3787-4ae6-9896-377fc4865111,57f4d625-0db4-4687-a63f-24ad51c4d1ab,25/08/2022,Mixto
3cdac5f6-3905-4890-a3d7-552c650a6930,ac9b2754-381a-4a41-9be6-1758a8a8cf3a,22/10/2022,Reparable
f4f4bb84-c8d6-416f-bd42-8f0b7437b03a,10447965-41bd-4fd1-82bc-38bdcc662b31,10/01/2022,Mixto
37c86f07-69b8-4743-bf6c-b6d560d93e5a,93aeddcb-0035-40b1-89ac-b6352053f262,22/05/2022,Reparable
efb14549-af37-49c6-b02f-3afa52795c30,56e03e4a-1233-4737-b5ab-f4cb91eff7d7,15/01/2022,Mixto
3c6b43d3-41c7-4eb0-a36f-23a5475213a0,dc085155-807a-4e1a-9efe-8a8bb59c1ca5,08/06/2022,Mixto
db5c3ca0-458c-4dca-a252-bef18d154b21,887354d8-e9d2-453b-9858-523c95f2503e,08/05/2022,Mixto
00b8f5d3-e0df-4b55-ad40-9ce23cd35e43,1f67a09a-1cfd-4511-adbb-3c0532f85c0f,26/06/2022,Reparable
159f2bee-dd1a-4dd3-b753-d7b80259c5a8,444284a5-bd33-4828-9860-c6870beb3536,18/12/2021,Mixto
60832a94-49aa-47bb-b2d3-9925d866d785,8296649a-655a-4b17-bef4-f87b39672363,25/02/2022,Mixto
400e839a-ff7d-4ea8-b340-8d9e7e3f478e,86d58cdb-fe4e-450b-8598-2aff9a77b455,18/01/2022,Mixto
6a2eebbe-ca87-475b-ac6b-3f99c94d1107,2b9ac9e6-9b27-43cb-9417-d80904e80315,19/11/2022,Reparable
4cb909b1-bbcf-4080-9230-d7e6ca00409e,e9d41d89-3d83-41d5-8852-4a1b8dce3251,20/02/2022,Mixto
757dc9a6-8f6d-4ce3-8941-fdac0096c4ea,9a0c0ffa-8baa-4f94-b4b1-0f855f6f0707,28/12/2021,Reparable
50d4b5d7-090b-431c-beb3-53b68302a670,1f41dc41-783d-4b58-a96b-180f6cc4a6bf,11/06/2022,Mixto
23e0457c-afbf-4a88-8fbb-f897d84a2e57,19711e13-0d4a-4754-ae58-b5ff1b72d65f,18/05/2022,Mixto
e4ec4df0-08ec-4b70-b0ab-2bc3cd8ef632,cbc309e6-5c43-47aa-a204-30d24a9e764f,02/02/2022,Mixto
67502c71-e6e4-461b-ba10-1aed67e4a734,07e7a3d9-7522-430d-8ee9-0f5b04f3f637,12/07/2022,Mixto
295f8d62-cf74-4e37-bcdb-04a037b294a2,5ffda30e-1216-4cd4-9642-8cc17024770c,27/10/2022,Mixto
9a285872-326c-451a-9055-aa42dbd53d74,e516daa2-26cd-4ecd-8ced-acf066242e81,04/10/2022,Reparable
d5172504-8421-41ea-b5b4-6e1e71be64a7,7675387d-49e3-4c9b-8f94-794f7d7fbcbf,27/04/2022,Reparable
0cad1a28-42a5-4551-ae76-787382646462,8cad693f-c020-4002-9fe0-dab79f573f3a,20/10/2022,Mixto
1bc3c507-8faf-4a00-b0b6-4015a3bf78aa,738aea1f-d107-4d4d-b717-c33faa350481,02/12/2021,Mixto
eb98caa6-cab7-4f2f-9602-929c19b3fc0b,90a89dd2-7922-41a7-bc84-84808c6a4155,12/11/2022,Reparable
8b2d12c0-6ca0-4d83-9b68-9aeb9a82a7dc,d859b045-2fe6-4706-936e-2d1f69e01774,07/03/2022,Mixto
8b98abd0-91f8-4ff3-bd82-43cec2094904,97da53d4-dafa-4f0b-92dd-dc2ee364c323,05/08/2022,Mixto
80ec4731-28d7-4a46-bdc5-f5cbe394f963,ca8280de-46d4-4a27-a8f5-01eafae47fd4,17/07/2022,Mixto
567960f2-4524-4a6a-bdf6-230696352429,d7985b11-e36c-4ae5-9621-ddd133686165,13/08/2022,Mixto
10d3b581-8397-4193-908a-2e343af40c02,5d60b983-aa38-4369-823f-dc79725ec95f,10/01/2022,Reparable
e368342e-3220-446d-9d18-e88895c02179,878da05d-50b7-4445-97d2-e2e48854aee5,13/04/2022,Reparable
17009e9a-9010-43da-a605-18aacd22e4e9,96b2bae1-d670-460c-844c-539ff5561cd3,16/01/2022,Reparable
fa0728fb-1d86-4cef-a370-ec30000a03c5,f0ddb64a-ee68-4785-98a6-25cf8440b31f,25/07/2022,Reparable
95054191-1223-491f-b338-baad8e9d0433,775db665-5ac9-4ae1-a3d4-8999fd0dfa29,19/04/2022,Reparable
a0a9b053-31ee-4c05-a6e6-5c9d13369330,07b3b8bc-6c83-43b0-9363-c7f1fc36d3ee,11/01/2022,Reparable
e84210cf-9394-4b7e-9598-8969aef11f6f,279c4da4-4daf-43a2-8827-ac5365497229,02/07/2022,Mixto
ee15d617-b365-4f30-acfd-765b7666d10e,6a016cf1-9e49-4a39-bd82-7dab3ebe96d9,26/04/2022,Reparable
639b1a72-cca9-49a3-aa9c-8bdd36de734a,fa6833cc-74f9-41c0-92fc-334dc3a7fc07,22/03/2022,Reparable
0201ebc5-5dbe-4167-bc57-8e1e707abe2b,f490c360-2c05-440a-8910-8f3ef3c67351,30/08/2022,Reparable
e0bdabd5-7f11-406d-9f8e-0be3168a71ce,9b1b5084-8321-4518-8f77-14fec688d2b9,28/02/2022,Mixto
344ab02b-c920-47cd-b6b5-2bf1dd685886,a1a8d213-3363-485d-a592-68c3dc227cd4,05/04/2022,Reparable
dca3263f-cf45-4ecf-a7d7-e168d362feb0,a117fcd0-1c0b-47f7-ac7c-5d64cf616179,30/08/2022,Mixto
6f339d89-c971-4b6b-90b9-c7574434b590,c4121342-1c47-402b-9000-f4a5e1f3a15b,24/07/2022,Mixto
73213504-35a0-4d61-ad49-e4dfc18c29f5,0c2dcfc1-15ba-4c94-9cb2-7598e376879a,19/08/2022,Reparable
5b2b78bc-93e4-403f-89ac-59903d0972c2,a2f1bb00-b025-4fed-b306-7f286c4b91f0,16/05/2022,Reparable
5ace0f2e-8056-42c8-8fe3-50e87fac68ff,a08f5b0e-892f-4079-b877-f0e561b4b819,17/08/2022,Mixto
12279b16-7544-4a08-886b-b35a0be6c924,bc303d10-679e-47f0-84fa-43ddc26d8826,01/07/2022,Reparable
2b8468a5-e6e9-4ea2-b599-df03fc7d4b49,eb65c1b5-65fa-4a0f-a949-42a49b435fcd,20/11/2022,Mixto
1c99aebe-b718-4153-b676-a3469e1ff9ac,4e0ef892-fbfc-451a-8616-3be7caddf793,31/08/2022,Mixto
74d38cdc-bc8b-4dd0-9d94-9c59e8d8aae5,2ef65ef0-01b1-4f51-b73a-b49067d114b1,10/03/2022,Reparable
d30ac0f5-1843-4eef-a08a-87ac27c45d3d,9f593a2c-28e1-4b28-88cb-959361b39247,01/10/2022,Mixto
643adb5b-29f6-4aa5-af68-eea64900855c,e9812a0a-6bd7-4d1b-8c9e-b9c3b43a574f,24/06/2022,Reparable
e5b705a9-8f36-44c0-935a-bdfe1499a41d,1297d4a8-641e-478c-800c-4542e19b5162,20/07/2022,Reparable
eaf9571d-0908-4045-b533-a189a356a1d8,d7985b11-e36c-4ae5-9621-ddd133686165,29/01/2022,Reparable
8dd7b331-4b1e-4c86-9db8-dfbd51383969,cc451416-2659-4974-a4a1-4f2004a1579c,04/07/2022,Reparable
27343bdf-6395-4398-8404-ca417c5067b2,47d7cc01-d969-45a7-8d4c-ddfdc38b9d26,16/06/2022,Reparable
5827f194-7a7e-495c-8cc4-8e0517b9aae1,56c113c3-0266-4d33-aaf9-ee222b8322b6,30/11/2021,Mixto
b3ce1f8b-35a2-44ea-ac21-7df66de326cb,b89725db-f1b8-445a-9293-2a572a1d84b0,05/12/2021,Reparable
89a454db-98cf-406f-b17e-734443cc2494,3d93c08f-fe9a-4efc-89f4-50308682f33f,07/12/2021,Reparable
ee0bcf49-1619-411f-86f0-296c73713533,97d73425-f689-4e0c-8809-4f9ef9bb00fa,20/03/2022,Mixto
88653bf9-c718-4dbe-bb1f-eb3cd54d8708,8c312727-d8cc-4efa-9f9e-4f0e353f8c88,18/01/2022,Mixto
b6fe6f72-0695-433d-943a-bc1ec9277622,5adada80-3122-4a6e-8ea7-b99a473b75c5,14/11/2022,Mixto
81c58583-6bf2-4440-bf15-e5a4178a6893,036868fe-7851-466a-8524-f80bfe88ddd2,23/05/2022,Reparable
874ca7ff-e321-4f2b-8ee7-549d4362dfbe,3d513c9a-0de1-407f-bf7a-2563b4b035e4,22/08/2022,Mixto
fb5a8534-2d69-4f2b-9c5e-f9852f2f08dc,8cad693f-c020-4002-9fe0-dab79f573f3a,15/08/2022,Reparable
1a1cd9a6-3d15-41f0-a5ee-59d69c6ad80d,41553464-0f98-4343-96de-1f469b32d4e4,03/08/2022,Mixto
0e6fd72e-5762-42be-adf3-674b4143c3b9,cd262ec6-4e1d-4d37-b0a2-5908f98dbbed,14/08/2022,Reparable
36e69a36-d428-41c2-8411-23ad45c37a4c,73a07272-5d6c-46da-a9b3-dc3f03b0b83b,09/04/2022,Mixto
7f4659a2-da2e-4d7e-a543-7bdaf33930ac,6d029341-e446-4921-a0a1-62a51baf46ac,01/04/2022,Reparable
f934b0d9-b912-486e-9893-42bf42723358,f659ad5f-30ba-4558-bbd9-b2cd1abd12c4,23/07/2022,Reparable
bd70e29c-265f-4a95-866b-13983ec43b8d,cbcd2910-1657-4408-8170-1a47f53506eb,18/07/2022,Reparable
83fcb72a-0fdc-4fab-96c7-27def3838ab8,7a09ff08-2679-44d7-9bbc-5e3984099a39,10/06/2022,Mixto
7f087b13-7484-4630-b726-1cb232360f26,dc5fecbd-9728-4a8c-a987-6232ecd1de1e,09/06/2022,Mixto
e8b350c8-789a-4f87-b668-11b6611efd0a,2b9ac9e6-9b27-43cb-9417-d80904e80315,09/03/2022,Reparable
3926894e-fdbf-45f5-90e7-ae5f7499e336,f0bcc46a-89ed-4955-9169-10c44bd8f679,29/09/2022,Reparable
fb40e576-1f6a-4363-b229-da7784ba4c76,60335c94-2cf9-4602-b930-4cab245909e2,29/06/2022,Mixto
adf2ccf7-ab85-4f74-b6bf-5a83cd9a5672,2ac3bbc4-4b3b-4ac9-9e08-45c8079d2e49,30/05/2022,Reparable
d4775b32-5ede-4032-8b7d-3248b2146b85,4a5ad458-35b4-4ffc-ac81-1b831c810617,15/04/2022,Reparable
e86a384a-45f1-431b-a3a5-b05af2fa219d,8cad693f-c020-4002-9fe0-dab79f573f3a,28/03/2022,Reparable
62e2e027-c6de-40a5-b147-138f2ff128a2,e35649e4-f316-45ee-9866-2def566b1041,25/04/2022,Mixto
ccf172c9-d962-4289-b7ed-5171c91e28d8,b7f13af0-6ba6-4e6b-a2bd-11851f0f7b00,01/10/2022,Reparable
d327d633-3930-45fb-8bdd-f075db668bb6,75c73c4a-086c-4fa1-a32f-cfd085edad26,20/09/2022,Mixto
6c7b1657-b7de-40c1-bd49-a9fcec1a2e45,84ed6c0e-2225-4bc7-9a77-127e717bc451,22/03/2022,Mixto
34b76667-509c-4bba-a9dc-c6d1cf7f2d24,88e5b662-931b-43cf-b83b-e17e52277cc4,02/05/2022,Mixto
32870ada-af2d-4ce4-b4bd-fecbdee19925,7679f8cf-e259-4943-ba7d-83248dc68953,29/03/2022,Mixto
1bee8733-5d80-4b26-831a-3e3e1dbd9e39,ff1df2ca-4f01-4141-b648-5255df890dda,15/07/2022,Reparable
40055a16-8f17-4005-a293-6347078f570f,279c4da4-4daf-43a2-8827-ac5365497229,18/08/2022,Mixto
ceea0f26-5952-4bea-8a74-d057f9bbfebd,97d73425-f689-4e0c-8809-4f9ef9bb00fa,11/11/2022,Mixto
f319bcef-cce3-4ff3-8844-9e21f530006a,fd6321a3-04ce-449f-b043-e906e3499a65,21/12/2021,Mixto
a229df5c-bb9e-4272-bd9c-be80fd046ded,4d303744-4c55-4f66-95ab-3f74d63889e1,12/12/2021,Mixto
069a599b-faa9-471f-a93e-61555b9be2f2,528aebdd-7ba1-4efa-9fc1-4c0af118174e,15/03/2022,Reparable
eca5a969-9396-48e5-a9cd-864868e5f787,f67af7c1-f7d9-4320-b635-830af63c1ef4,23/02/2022,Reparable
d6c6ee7e-9eb7-4097-ac7d-190b48d67fcb,7340fa60-f2b3-4ea7-b314-1c27462df07d,02/07/2022,Reparable
da77d08b-80ac-4490-8772-d31e7f0fe6d6,7da1cc43-f3b3-4b7d-a61d-3d297834fce8,08/03/2022,Mixto
98d12da0-64a7-4074-9ff6-b5d8b59e6ecc,eae27ee5-d04f-4d03-b500-f382f3155c09,07/07/2022,Reparable
7b5e6c2e-5ce5-41db-bae0-0ba06c3aeb19,cacf4bbd-3bdb-42ae-8142-c6803e99a0cd,19/04/2022,Reparable
ee320f5a-327e-49d4-ad21-ab4af02a1528,cb4a19d7-adbe-4bcf-8661-2f05626bbaad,24/04/2022,Mixto
3eceb1d1-1e6c-47db-aa09-954ccf4a1cc6,19a38cb7-f230-4ba0-9310-84e3974e3897,22/11/2022,Mixto
e63dd505-b560-40da-ad10-dbcab246e99a,9b04feb1-a786-4504-b269-e2a537e3191a,05/08/2022,Reparable
18c5e2f8-8dea-4995-b2bc-ba1598722199,874f99d4-a257-40f8-a299-456c0c0d7724,02/07/2022,Reparable
911ac796-a696-4ad3-9b31-2fbfdf923875,7cb1b4f5-e069-4808-90f9-674d2cde9c26,31/01/2022,Reparable
e720860b-6a52-4f13-8f36-634770a88977,a761161f-51df-40b4-9e6c-1878c1859ef1,05/03/2022,Mixto
b939e3ed-ca37-4038-8a29-1789748d6049,33b410fe-da12-4cb8-b71a-9ef43d8e9ed3,04/05/2022,Reparable
cbbf6c56-a978-4aea-bd16-a6bfe576ec39,4afa37f6-30ca-4833-b3b0-79060ab4f1e7,16/01/2022,Reparable
545f5bc9-7ed0-4e96-99ba-dc42980d7802,b2e9faf8-8429-4a3c-b33f-1d456a52bae5,01/10/2022,Mixto
eef8f8a2-3f5d-417e-bcc3-4f5572bee576,7b2c9b98-c854-41b9-9717-b6a0fb2cf6fc,28/09/2022,Reparable
4ec5e575-02fc-4d9a-b7a1-702e187c33f6,4246adf7-9047-4d15-972e-e4eb68b790c9,11/05/2022,Reparable
565a1faf-8efa-47da-b466-70e1d611b39f,2492db4c-081b-4dfd-b323-9577d3496b8e,29/10/2022,Reparable
7eb8c1f2-8632-482c-a675-4754f16b8806,8579f77b-f710-4a0d-9cdd-7b81fe9b555f,25/03/2022,Mixto
0ebad02d-8269-48be-9005-f22f28c41e80,8242716e-836c-4e8d-88f2-6879d46da9a9,02/06/2022,Mixto
a28a23d1-cd6f-44aa-8135-e4c216916d18,ac62bc94-ba73-443f-bcca-111c6036293d,04/03/2022,Reparable
3c34cbc7-7dae-43df-9950-8c0bc7f5993b,3e4a4120-824b-44e3-a1b5-74d1b87fb09f,25/09/2022,Reparable
d929f7ca-43e1-434a-b7f1-d0ea7d4d2763,539cc911-948e-4891-b9e8-74c8d085d548,02/11/2022,Reparable
c317c4fc-7b0d-464f-b316-16e5a8027363,18631632-ac5e-4781-8007-3a7adb8fe64d,27/09/2022,Mixto
367ba536-462e-474f-93f1-d89ad2bc23b0,d7ea469c-162f-4a46-811b-14d6602c70bf,04/01/2022,Reparable
3d7355ba-696b-40b7-b7c7-7b8163994383,ffb8b390-25ce-4ea8-a251-133cd1bb5803,07/11/2022,Mixto
a6691abf-a23d-4d11-93c0-6da2f342a8ae,dfd82199-9e84-4df7-80c7-b6317b6568bb,30/06/2022,Mixto
aab94bd3-53d7-4f4b-ba7c-55eb63b95011,8242716e-836c-4e8d-88f2-6879d46da9a9,07/03/2022,Reparable
f11b8103-7003-456d-a01e-a2f5bca7a357,005b5b7b-e519-4137-af11-f508e9f886f7,06/11/2022,Reparable
2c54bc27-e976-4a19-b102-85252edef221,7b5ee9a5-5bfd-4853-8415-3af0cb1103e3,08/07/2022,Mixto
b0dc7c82-7560-4165-b021-baf792cde861,86d58cdb-fe4e-450b-8598-2aff9a77b455,26/08/2022,Mixto
d97d06ef-e8a4-406e-a12a-e55dbba8e51d,a5994d18-e985-4f9e-bd9d-5178b984780b,25/03/2022,Mixto
95f318c3-2969-44cc-b9e2-43d93a416a89,d10a04f0-a21b-423b-a571-f398083136ed,14/07/2022,Mixto
c6db452a-bbe6-4987-9c65-60a94ccd9c8a,75c73c4a-086c-4fa1-a32f-cfd085edad26,27/08/2022,Reparable
e7047df5-3769-46bf-86cd-b256a50521db,12d48ed2-42c3-421e-a227-cdf5db3a5abb,25/01/2022,Reparable
3bd1b38f-17a5-4484-97f4-e61562b82bd9,dc8918fe-7bd7-4cf4-b7b4-23316f95fc06,11/01/2022,Mixto
9246c00f-5631-4cbd-a1e5-fab934dbe1c9,2726176c-fea2-476f-a24b-d560dab95473,08/01/2022,Reparable
bf32e057-2e3c-4d1b-adb9-b6066fe6965a,f0ddb64a-ee68-4785-98a6-25cf8440b31f,09/04/2022,Reparable
2582c0ab-f36d-4921-b4a5-df1c1e42e939,7b75452e-ac17-445b-a3d8-bd0eb8f8bfe3,30/05/2022,Reparable
4ff83f27-9881-4799-be97-b172ef081242,5d05af4e-7f69-4e52-87fe-a4571fa37a23,28/06/2022,Reparable
6992d6dd-5c5d-4833-ad7f-2b9ffa4e9d77,3a8edb73-b29d-4cd7-b2c6-8c286a83124b,13/05/2022,Mixto
8f19ca66-73cd-4c33-a4b8-26cff8374373,4ca1d706-f444-4876-a16f-d618b9d63637,04/12/2021,Mixto
537060a7-bedc-4b81-85d7-c9cdf7f91070,10447965-41bd-4fd1-82bc-38bdcc662b31,18/05/2022,Reparable
42b8ae2f-cbf0-4d39-ac86-99d431d507c8,0985c045-109f-47c1-8c21-acc1cef3e73e,30/06/2022,Reparable
40c34a5b-495e-40f4-9f24-27264f702c94,7b5ee9a5-5bfd-4853-8415-3af0cb1103e3,25/05/2022,Reparable
5f2cb904-a3ed-4b05-98d2-9d6dcb5de8d3,e27fcdc2-5881-45d3-b9e1-e05c0465e9b3,17/04/2022,Mixto
2784631c-7e0c-4b93-96c9-8589b5e6a727,62989729-5274-4833-b36d-f06e1d176b03,03/09/2022,Mixto
0cc759a2-ddc5-4229-b601-9cdee67dd678,9653d209-7ac6-464f-bbb7-b7db44de5c75,14/12/2021,Mixto
c46b1b0b-48e3-4b9a-9eab-1d43a479af62,7a8552df-7bf5-4cf8-bf63-9fb9f474d5de,26/07/2022,Mixto
06e652f4-b92c-4fad-8d00-97c1db741f6f,4f518540-1421-41ca-835b-4cb886706cb0,14/04/2022,Reparable
a6b34d89-fa1a-436f-a3cf-447ee0f60225,3b280ccb-29f6-4b88-9482-81ee42a322b4,15/04/2022,Mixto
f50db061-50e9-4c5e-a1d7-2dd21957ab82,3af2f0ee-8787-41cb-86d8-b21fd4e9949d,13/09/2022,Reparable
f3367327-889b-4a3e-8656-eb5584522b3c,18633ba1-fff4-4ad8-8dbe-c59ffebd321d,03/12/2021,Mixto
fc9a0555-4ca5-41b8-a319-52c4fa40e0b1,f877aa41-e31d-4d93-b115-a0f3f639d6ce,07/01/2022,Mixto
6e40f5e6-fbba-4b23-aa04-eea21d427714,94e9903e-65b9-4663-905d-5eb510218999,11/10/2022,Mixto
b852ccc3-a29d-48d3-9277-f357bb4741d8,3ab6e377-6e87-4ca2-b778-cba3aeb2b432,26/08/2022,Mixto
53c19d39-e32d-473f-a2be-00f72733c662,f877aa41-e31d-4d93-b115-a0f3f639d6ce,14/08/2022,Mixto
61efbe9f-f7a9-4234-85e1-591f26e7aa76,d204fa58-b151-4055-97d8-ed39fff02062,26/03/2022,Reparable
64815010-530f-4ce6-b5f8-79bfc397b46c,dd5b574d-7f43-49fd-9637-d5be50078a54,18/08/2022,Reparable
0ded5248-ed4c-4b81-8565-d9e8bf0b6c45,684f7e67-825b-4a2b-85b4-e7519e59cef1,07/06/2022,Mixto
1ba9f7fe-1966-4d4d-a782-27a15a5c3bf4,858fe8e6-385a-4b6d-97d9-aa2d5c1d1305,30/05/2022,Reparable
1ae9514c-6160-4c1a-a6d5-30deef5cbd07,57e5acff-581b-4c7d-bf95-b735bac040c0,20/05/2022,Mixto
f133ced5-cb43-4cd7-a717-66550cba86a6,a2f35d7f-fae9-42d7-80e9-0da532df703b,31/03/2022,Mixto
8e932c99-ee75-4002-bb96-c7ec736e1a31,92377c18-3c5b-41e6-9f26-04a6e4b16e58,14/09/2022,Mixto
6a612184-7b79-4f77-85cd-72a37f432e6b,39e63893-94f8-457d-a27a-bb5aa048120b,06/07/2022,Reparable
08fa59f1-bdb5-4ca8-b4ea-3692b1b0045d,fda196ce-fb87-4891-89b0-340573527e4c,14/11/2022,Reparable
71542450-b8cc-4b48-b513-8ab12b87a5ff,fe602245-b6cd-4b44-afa4-aa4cdbbc1279,01/02/2022,Reparable
18c42364-5b3c-4dd7-bccc-4ebbe27645fd,022ebb01-7439-47d9-ba1b-8e3f2aa47fd0,29/09/2022,Reparable
15b1be5f-f88c-4aef-9e29-4e55bd45c80f,659bb7a6-8376-4056-8e55-d832c9f4cc44,17/12/2021,Mixto
e9335b72-ad2e-4c36-b8ce-ec2e6f148169,494bbed1-2dea-4a59-935c-85f54ce44e13,06/04/2022,Mixto
4513e52d-a474-45af-bd1c-b8e98f913e6b,5490face-0780-4a57-a7f8-1ce24418c94c,18/04/2022,Reparable
687721ad-a13c-48ab-a69a-eb487b59b0f4,6cae7b60-1e73-4785-be85-943364e77b4f,10/05/2022,Reparable
ab0dd247-623e-4ccb-b875-cf6dc1e7a47f,b9f59a70-df08-4a8d-ba28-16840c77750c,28/07/2022,Mixto
f2377734-d87a-465d-ba86-8e883d35fd4d,c7c0d74c-978f-4439-b9b5-73b5c4e16c18,10/06/2022,Reparable
57b2cff1-e51c-4873-a2a5-e7d8a11ee751,ab9f219f-93c4-4ea2-90bb-74fa8e7750ac,11/03/2022,Reparable
3907870d-10c6-487c-92bc-ef4e01fca9d4,29197218-a657-4439-9270-13300d85ae76,20/03/2022,Mixto
bf389b4a-9e20-42a9-b790-d145979bbcd6,bb3c0a41-c079-4d72-9b45-0f352296c0d0,05/06/2022,Mixto
4da3e369-c6c5-4aca-9c73-805a384cf4fd,5a3bada3-1945-4f06-b3e6-4e1e87703d0e,23/12/2021,Mixto
f92b9405-de9e-4f88-bc1a-556c06164836,861ec6f3-dd03-46f4-adb3-1de17dba3646,15/04/2022,Reparable
7c19a558-8cb6-47f4-b73d-403429c28bca,c4948a7a-f382-481b-92f5-27ac607df199,04/03/2022,Mixto
20fd65d2-c051-46ab-8c8c-f34be71e528e,1a050901-0657-4ac8-9ab5-721b0e635ebb,20/04/2022,Reparable
57ec364b-5d8e-4d80-a3f4-4f6f01fe4e4e,1cfabd74-86ef-4d57-9934-b7749803f7e7,12/03/2022,Mixto
6cccf6c7-b568-47e5-b813-ea4fa2ee35d0,bc303d10-679e-47f0-84fa-43ddc26d8826,24/05/2022,Mixto
337af688-3eb5-4829-8f8e-643844d1cbc1,539cc911-948e-4891-b9e8-74c8d085d548,16/01/2022,Mixto
313e0ec8-a991-489a-8067-0eeaa3507080,f877aa41-e31d-4d93-b115-a0f3f639d6ce,22/02/2022,Reparable
689b1cce-b070-4a99-9bbd-00cacb1594a7,043a7922-dfba-4a6f-9790-01808175e3e9,24/09/2022,Mixto
bdb57536-bb54-4aef-94ed-c52b29492006,ffb8b390-25ce-4ea8-a251-133cd1bb5803,07/10/2022,Mixto
78d35b52-1ca4-4285-90ad-f38444b0ff8e,8502dbd5-ae17-4a94-9c5f-08270bad88e4,10/01/2022,Reparable
5090e725-0b2b-434f-aefa-7286e2a1982a,8c2508f0-6f7f-4a14-81dd-bc56a7b5c35e,21/09/2022,Reparable
7463cec4-4448-4628-8c47-8dc46ea45407,7f34377f-4fe5-4001-b3ff-570b0029d8d0,26/11/2021,Mixto
200d15aa-41a6-4606-aaef-aa272d78e97f,46bea385-22bb-4add-96bf-c48600380a07,09/04/2022,Reparable
f19a0dea-e7ca-4e7f-a6ab-4882c9f949a8,9d883b98-99a4-473f-b8a8-641f693b1fff,18/11/2022,Reparable
532e0bde-91eb-4c16-b8c2-04bde8eb5912,051426a2-71f3-4025-8454-7da56f7a3238,16/12/2021,Reparable
10fa17ea-1434-45f4-bdba-6d9adaef1b45,6d4d65da-643d-4f4e-919e-10ef01686777,02/12/2021,Mixto
7533c13e-38f7-411c-a121-7eb68f4069ff,0811c861-0fa8-48b7-95e4-6053e6fdd25d,23/12/2021,Mixto
75fa0748-c68e-4a04-bdc4-f3bfe9366e08,650d9a5a-eb33-4382-927f-757abc3d9214,21/11/2022,Mixto
45164004-a124-459c-afb5-4e1298eddef7,005ec66d-58c5-4cbc-8c7c-ca33ed3d5fdc,26/12/2021,Mixto
50d2fc38-6f79-4013-a26e-1fdbba602e32,68972854-74dd-4685-bb5c-0d14ecc5e92b,04/03/2022,Reparable
c97987fa-98bd-4b5b-a85c-6c5dfa9bb6e2,b785ce6b-b18a-4a64-9386-e3c2c3649a2f,04/06/2022,Reparable
0743345e-c339-4f2b-b914-eb21eb7dbef2,738aea1f-d107-4d4d-b717-c33faa350481,13/07/2022,Mixto
9057bb3f-8743-42ed-885b-092087c040d2,b1ced6fd-057e-465e-bc0c-971440768f5f,24/03/2022,Mixto
c24388c0-0e94-43a4-994e-b52c7264597d,9ee41510-c688-4b36-9f6a-0841c428db95,27/12/2021,Mixto
437ecd8f-4fd4-4732-acb1-26bae678a9d4,dd5b574d-7f43-49fd-9637-d5be50078a54,18/08/2022,Reparable
9be24e85-b6ae-454a-ab5f-7e9014867570,2c85f7ec-8684-4b53-aadc-216563550fce,05/01/2022,Mixto
70fe15d0-07b2-423d-96b4-37f34a60d609,417d0efa-f0f7-4766-96be-00b9739f7f73,16/02/2022,Mixto
6d2f979f-2bce-4656-baf9-1aba89cd7443,abdeed50-c3de-402e-8a63-2cae3ed34e96,20/10/2022,Mixto
65d2962d-809c-450f-809c-de52e1e85993,ca641eba-0bd2-408f-a6c6-1d0355d4bb64,26/12/2021,Mixto
304116a2-66a8-4335-8c55-ce7915b66ba1,46a1a2aa-b9df-42ca-8cfa-210399d88921,14/06/2022,Mixto
e8c43eaf-31ba-4a88-a704-418510e44e68,5dcd5090-3ce4-48ef-9cfd-d5e67c47197e,30/05/2022,Reparable
38ce20cc-342a-48d4-9715-fa247f931c82,874f99d4-a257-40f8-a299-456c0c0d7724,27/03/2022,Reparable
ccd62b39-5da4-4fda-880b-e63f969f7915,e9812a0a-6bd7-4d1b-8c9e-b9c3b43a574f,02/11/2022,Reparable
35996fc1-677a-4e96-9ff2-c2779fc655da,05f5b17a-34bf-4be2-a5bd-c83c5400ea61,22/04/2022,Reparable
25beacaf-eca0-43e5-94d5-cdfc2309a72c,157c6489-ecec-48c0-9e7b-bc1f5615e6f7,23/09/2022,Mixto
05b34a16-5881-44b9-9186-d5622bd1a50e,250265c6-d55c-4476-8687-013df549c1eb,31/03/2022,Reparable
55cb838d-2c7b-419d-bf82-b97cb82b5285,f87780b1-69ee-48a7-a923-d3962b3794fe,14/05/2022,Reparable
d86b533b-74c1-4377-a626-7da3c3e407c5,b01ab6bf-cac2-4e75-8b62-19b385bc00f7,24/07/2022,Reparable
2bf12cbb-0f69-4254-8918-1dcfebbe0cb1,e27c8c35-8ea0-4769-9e9f-aad48de7d29e,07/07/2022,Mixto
84c2fc2d-1dcd-448d-b95f-afa0386f2153,bc5d80ab-cb57-4411-9787-3c2b15f74e7e,18/02/2022,Mixto
858250d4-537c-4e7f-94a2-5bf583f69f80,31a3a7ae-570a-44e0-9ab1-074625e4ef29,06/02/2022,Reparable
f81210be-ae0a-4a4b-8bb6-ea616a2d3bc9,51b66187-4023-4c70-b7b3-b58b81935f3b,15/10/2022,Mixto
751f29c4-e101-4a61-b763-32a3db08d368,f94f9c48-c013-4ce2-8624-5c251f080ece,16/09/2022,Mixto
4b3dc8d2-9c86-465c-ae78-956485181514,24a2d167-3d01-42a9-a447-dca1e3a1b91d,18/03/2022,Reparable
682cb923-fc05-4384-8723-25a117b2c33a,40e2536e-40c1-4c83-b0d0-0270f95a78be,13/06/2022,Reparable
5a4ff419-b7a8-4700-bd47-de982710215d,1f6ed3ac-88d4-4228-a2f3-b1ee364b9c19,18/02/2022,Reparable
241a843a-66cd-43a2-b51d-cee58b14f0c1,c4fd8f66-aa5c-4171-a273-b09a95c253a0,20/08/2022,Mixto
f8aaed84-8ad9-4360-bcae-839314be787a,1c36bb7d-febc-41f9-8597-ebc7dc358c2b,25/11/2021,Reparable
fcde7a39-6e63-42bd-a5e6-8218993a5320,d8bd1fcc-e937-4557-8edd-9d46aed38d70,17/08/2022,Mixto
ef6412ce-6f4e-4115-af72-e698576f8b22,e970a841-c492-467e-b215-6689e4b1495a,16/08/2022,Reparable
f159ac1c-ea3c-4d85-a76b-2c2c62a7adba,6383319d-ae6d-41a7-a1e5-748653e9becf,21/03/2022,Reparable
346763fe-f9de-4c38-912e-d7e3f8233121,4ee5f7ef-e59c-4180-88cb-9131885c39ad,26/03/2022,Mixto
286b017a-14ee-47af-af3b-84b903112824,64215ad4-e6a6-4d55-bdd3-f022cd2441dd,30/07/2022,Mixto
cff571f7-124d-4b0b-bf0b-6eef87062b1f,f749b8b9-0d71-4af3-ac45-a19dd1858bda,10/06/2022,Reparable
e7348322-f105-4e00-8dda-1a784ac040d6,076ad1cc-7cd6-4605-a32e-06adf142d549,04/03/2022,Reparable
3ced9598-d647-4b03-9101-785ec0abe3b5,27aa4516-5485-4009-8a2c-0cc59bdbbbc0,06/02/2022,Reparable
ace9df09-e267-4602-aac5-f8ef14e50c9d,57ccafd0-f2e2-40f1-ae48-ee45eb91864d,27/12/2021,Reparable
d47d8d03-126e-4d83-9839-7dec0c691690,88ccd461-d754-44ef-a0a3-796a4ee6e3b6,18/12/2021,Mixto
98302100-3402-4047-9dd3-a71f418d35ad,a0a6ba8a-f088-4e93-bab1-54938e0f1912,31/05/2022,Mixto
222cf894-0363-4e5e-beba-f167f5ab1084,b882859f-a66b-4fba-941e-15ffca660208,30/07/2022,Reparable
348221a3-bf1c-41cd-a65e-7a477cc94827,ac62bc94-ba73-443f-bcca-111c6036293d,13/01/2022,Mixto
b3e20a7c-f70c-4429-8926-9aaee15f48a5,818f021a-447a-42eb-8950-3372606a072a,08/03/2022,Reparable
bd4927a9-b80f-4b28-87d1-c2e8be083f49,c0784436-bf24-4724-ab7c-feb480fff5e4,02/01/2022,Mixto
c22e13a3-46fe-4162-b6a8-cac6947fa77c,97ba709f-0960-4d4e-9bcb-099364100f97,25/06/2022,Reparable
505ab6fd-f48e-488d-a929-dc7d64daeea2,17800894-91d3-4d1e-8522-ecd28e20198f,08/05/2022,Mixto
57f44121-c844-4061-b94b-5a92d2fd3d43,0c20b910-2cef-4ee0-b28e-b198603ce4ca,25/01/2022,Reparable
436cbe51-b44a-4623-9184-ef8e85beb1d8,474cc688-7bb0-4bd1-9317-2df94bdd0433,27/04/2022,Reparable
7686fbb1-73b2-4ca3-a90f-b0a09ef98fe1,ac9b2754-381a-4a41-9be6-1758a8a8cf3a,19/11/2022,Reparable
ee21f336-c679-4bbd-8148-888fcc49fbc0,6e4051e1-a463-4d92-a8df-3ceb085fd7ee,28/04/2022,Reparable
0ecadaf5-a495-4100-b0ec-2b83ea1bf220,0f266ade-44b5-4109-a364-0ded737ead75,27/01/2022,Reparable
4a55f390-08ce-4646-9d5f-ef46f7e8b754,e7c65516-d440-4b35-b1c9-28e3bcaa467c,24/12/2021,Reparable
19a807c8-96da-4ab1-89fb-cf4b3b8f7a35,10447965-41bd-4fd1-82bc-38bdcc662b31,11/10/2022,Mixto
9c9eef32-1cc9-43fd-9663-00c42169ee19,005ec66d-58c5-4cbc-8c7c-ca33ed3d5fdc,13/12/2021,Reparable
f9ebcb6a-341e-4616-a6fa-c80b5505dfe1,7b5ee9a5-5bfd-4853-8415-3af0cb1103e3,06/08/2022,Reparable
8333559a-2d79-4412-a84b-6ceddfe661aa,c18df36c-b3a9-4637-8196-8097892ae909,11/01/2022,Mixto
f7d823d5-6f7f-4101-b2d2-a8cb4d07bb3e,4adabc3c-1902-4c84-86e6-524627c0e434,28/09/2022,Reparable
ba0f1309-91c6-4afd-bda8-d2e3496d2518,4b53a604-3a89-4587-97eb-88fd4369e259,16/07/2022,Mixto
c638ca84-9211-49c7-9865-8b897ee118e5,3aa5b333-582a-4ca6-a66e-c81b16af3b2a,21/03/2022,Mixto
5b54b276-6cb5-42a0-a3ee-3f3e8916ac5b,b4600a07-901a-493c-90d4-12d0bdc8d9cd,04/09/2022,Mixto
01a1e667-68ea-4b7e-8487-e1b37f095975,35e7ecfc-1bbd-4fd5-805d-b566cc4969e9,25/05/2022,Reparable
dbc19e26-8d9f-45b9-a186-6c7137a4b788,45d02c04-33ee-4b47-a026-fd214660dc40,08/10/2022,Reparable
62813993-d3cf-43a2-8704-ec2fdb5b36b0,c129bb2a-339c-4881-a4e9-07b22f56ab30,07/05/2022,Mixto
c29c1766-bd43-4521-8561-08adda3b86b2,c1f80c36-d4e6-4b8d-a797-51d6f0a9de30,29/04/2022,Reparable
c0db44b9-27ca-4fe9-9484-01d47a0eda52,c5d500cf-5d67-420f-9481-b1b98267753b,17/03/2022,Reparable
1d6de232-1c19-4cb2-b470-aa136bcc4b28,1dc8ad13-c58c-44e7-b7fb-de322a860dab,25/03/2022,Reparable
6afefdfe-aca9-41bc-b4ad-5eadd458f5c4,f7733874-6703-4155-999f-0efb172b9372,11/01/2022,Reparable
471d1474-6c5c-41e7-81c0-c5cc9cbf2438,c280a4a9-dc3b-4522-be33-b608432bde8b,20/02/2022,Mixto
a7ba105e-48df-49aa-a5c7-82c22af04aba,408536f4-0167-48fd-8284-2a1bde8ec9ab,14/04/2022,Reparable
0757dbff-b165-4c88-b472-ae1675351adb,2b3c82e8-9a3d-4d38-8a24-0473411a7410,06/07/2022,Mixto
659192da-33a7-4362-9ba9-f64a454c576a,3433c4c0-0ffc-4562-b3b1-c1a934ced652,10/10/2022,Mixto
34e2a070-6bce-410c-8859-31e17fb5cdb5,30c26e2c-ef18-479f-bfba-205f86ac3112,25/12/2021,Reparable
f1eb3bdc-c58c-43d0-a2cd-e96cde458ba2,610426fd-008d-4f29-9b27-1e4647893930,08/07/2022,Reparable
cea4b889-f143-4905-9704-78435e83491c,9e11ff77-351c-4439-8e73-5b303fc4c526,11/08/2022,Mixto
9c0e9c89-fa56-429b-b5d2-e77e14f2f9c4,5c9990b2-42a5-48a7-96a5-b6475e27ae6b,21/04/2022,Mixto
155c8722-12df-4313-8f19-c39f0f7266f5,e27fcdc2-5881-45d3-b9e1-e05c0465e9b3,23/12/2021,Reparable
3fb499aa-1499-4436-8690-610633051390,9cb1c4d0-2cc0-43d5-ab07-2e8a1e57cb04,08/06/2022,Mixto
8adb4aef-0995-4235-89fe-21feea1c2893,16817224-45ea-44df-8810-2f97245b7c5b,26/10/2022,Reparable
316336a5-7446-43a3-8a15-73037cfa20d5,5ffda30e-1216-4cd4-9642-8cc17024770c,19/04/2022,Reparable
f3fc5f2a-75dd-40d5-8fe0-eea517fc2b9d,f4d01a9f-cdc6-4de1-b875-941b6b19d2af,18/08/2022,Reparable
99272ec1-a42b-471b-acde-e0dbe9197848,813a8771-8ccd-4c99-92d2-75a86cfd08f1,08/09/2022,Mixto
a8759312-160d-44a7-b7c2-e26f6972a0de,d1f5f81c-53b4-4638-9d4b-e4fc81fb93a1,09/09/2022,Mixto
601cad5d-c179-47c7-bcac-a7039b78f152,d409c188-f4af-493e-874f-8e98f8d9a263,20/12/2021,Mixto
0a198083-549a-4a78-b435-ce62b5b5b33f,e516daa2-26cd-4ecd-8ced-acf066242e81,26/08/2022,Reparable
12bd7326-53e2-4fa5-bc05-e2a1ae709e6f,e8d83616-ba7f-4986-83d6-aa50713cddb4,31/08/2022,Reparable
64c77d2e-20e4-4bf1-bb74-a372f096b8d8,33edfd08-e958-4c27-a90c-fff0eb0ddb9d,19/01/2022,Mixto
7ed89043-eb50-406f-a7b3-46569f6c694e,e0a5976d-b228-4dbd-8170-1aa60b051995,24/03/2022,Mixto
7c17baa6-e063-4594-8bec-bea68bc66e13,c289634d-833c-4e5a-854e-1f892266e1f6,25/06/2022,Mixto
e2fe1a50-67b6-4ce9-b6c1-e6da4ec45c5c,bc5e8e8b-0fe8-46c7-9e81-c0e353293ef1,29/06/2022,Mixto
0227a417-b2d1-4383-b250-a32f8d3f7534,3ffab14e-50c0-4631-81f9-4fa6f19bda97,02/04/2022,Mixto
385080ff-bcf2-4c8d-91cd-33b68d1f68ea,73a07272-5d6c-46da-a9b3-dc3f03b0b83b,24/06/2022,Mixto
0e679f25-3369-406b-a7a1-e77b9b71a988,42f4ed35-322a-417f-aa77-6aff2210a70b,24/12/2021,Mixto
c8bc8d05-0525-4a50-ac3a-a97cf7144116,72f1cf37-c75e-4d9b-8dc8-807480676127,12/09/2022,Mixto
55ece44f-5198-4f80-90a0-e7814f4e3cd6,7340fa60-f2b3-4ea7-b314-1c27462df07d,13/11/2022,Reparable
0f619f8e-7b0f-48d1-acae-fc7872d2d9f3,f62bc4b9-0f31-4f4d-80c7-5b6085ad7e07,08/07/2022,Reparable
d7e94cd7-d84e-48cf-a35d-7d5825261285,6720917e-ba4c-4eaf-a598-659342e1379d,16/09/2022,Mixto
c07eea35-079f-4666-9c03-4831172e51db,58100506-4708-4166-b1fd-87b0a507076c,14/07/2022,Reparable
60a9a511-3701-4024-807f-46e84343a6e9,0f803f47-8818-4858-b3cb-753b6e9c46b8,21/06/2022,Reparable
876d84e9-e718-4f8e-a4b5-1dd7642f5c4b,03dbcdcc-c11e-4ca1-8742-fce2d741264b,24/06/2022,Reparable
09b2b9b9-3562-4913-90e1-680c37f05472,3db0d376-a313-498c-ac67-50db9ae08a44,03/11/2022,Mixto
392a1401-ea70-417b-b396-39ba049a7552,ed0fdee3-642d-4135-b579-5ffe5b9674f9,12/12/2021,Reparable
a91f657c-19ca-4ead-846b-a4edf357fded,68eb8e87-5403-4e99-b308-767ed6a27a45,09/01/2022,Mixto
1116d896-7779-42f1-90bc-ecdf89bb3aa5,ed7acf7d-92cd-4902-8588-678b0a4310cf,05/06/2022,Reparable
6b204206-4977-464a-a4d7-870118d9759b,c7514e43-f5e8-477a-a1e3-073a6e00a407,10/06/2022,Mixto
d98c0726-7891-4ba0-9fe1-da63b077e55d,0c2dcfc1-15ba-4c94-9cb2-7598e376879a,07/02/2022,Mixto
c1fef398-0187-40f2-9f95-f4c8ce8e8ac5,334e2c07-a52a-4d9c-81c5-0633566811e1,07/03/2022,Mixto
80b21ea7-6022-4e71-8626-08856c9e3da8,5bd68292-6686-4f52-8417-9cd7031f37fc,25/05/2022,Reparable
e1199afe-f4c9-4514-8770-f90fddde66cb,17f31199-49f6-458b-a34d-a8aef8d2bdba,22/12/2021,Mixto
fb10e126-c159-4a0b-b374-0f8a68461f9d,05aa6ad8-a7a6-47f7-8ef1-db0a02be7b3c,05/08/2022,Reparable
21d93cb9-c336-4c50-b306-173fdafcd939,8296649a-655a-4b17-bef4-f87b39672363,02/03/2022,Mixto
18dbb7fd-c5f2-48f3-b894-8479160a3f28,3a8edb73-b29d-4cd7-b2c6-8c286a83124b,23/02/2022,Mixto
703484bd-59da-433b-b888-69190322ace4,3bcf1e9c-92f5-4d6b-b93f-f56dc98bce36,01/04/2022,Mixto
4d31c295-6200-414f-b124-bec4878fa59c,37c3d1e1-e43a-4416-8612-16700995de51,29/09/2022,Reparable
68b2861a-04b5-42ba-a6d7-86565c089088,c4fd8f66-aa5c-4171-a273-b09a95c253a0,24/06/2022,Mixto
8b1b8657-0fed-40fb-a4ec-cfbebb350376,cf841736-0542-4255-9067-09e084e8a10e,05/11/2022,Mixto
61ac2507-c283-46be-9f86-d79869d0a383,b6233bad-77b5-4598-a571-6f5f8720e407,17/12/2021,Mixto
33d84a16-7213-42d6-87b5-e27f199289b5,5723dd77-9f0f-4ba7-93de-90b703924bbc,16/09/2022,Reparable
a711ed6c-7f5c-402a-aa8d-2f5c725e6d99,4b53a604-3a89-4587-97eb-88fd4369e259,02/08/2022,Mixto
bf9c2a49-547e-4924-bd5d-48472268b7c4,5cfd9a63-db50-4513-b1dd-3c37403ddf2d,28/10/2022,Mixto
04513d65-712a-4f0a-92c3-f7f80365ceb1,9e50993f-1e24-4edd-a5df-1df2dfc92d71,06/05/2022,Reparable
4dce3efa-330d-47a5-b73d-454ac97cf3bf,6a72f978-91c0-4197-a1df-7b5a4c7784a3,07/04/2022,Mixto
b174dfa5-8cf3-45fe-9dbc-2762bde0883f,7679f8cf-e259-4943-ba7d-83248dc68953,29/04/2022,Reparable
da1f5e4f-754a-4f43-824c-593fa3a1044f,003fe2fa-2cf4-418c-a3ad-b7f12ea1b2ef,11/09/2022,Mixto
856171ec-7043-47be-aa3c-229bb88de72d,4a34f17b-9d90-4c99-b449-793256b4ea47,04/02/2022,Reparable
3c7cfd6f-c0b5-498d-91dd-1426cc76a1d7,a293e979-0bb0-4ae2-b358-5b57ae73078b,30/07/2022,Mixto
cf0852b4-1f9a-4966-995c-48ceab581ef8,0e5e60e8-2595-4567-98d7-970876ea34b4,12/05/2022,Mixto
76883bed-c03c-4895-9e8c-6b5658470860,9653d209-7ac6-464f-bbb7-b7db44de5c75,05/06/2022,Reparable
0d888313-2e10-475e-8afa-7cf2e1ca09c8,73a07272-5d6c-46da-a9b3-dc3f03b0b83b,02/10/2022,Reparable
bb833114-f605-4da7-8e5a-514bde2d8672,2c29fc7f-0430-4e93-825b-c0aec4e54d95,11/01/2022,Reparable
40e267b6-f4b5-412c-a006-0be96e838ea2,03ef5b74-d4fb-4b79-8e6e-7115dce0386b,02/05/2022,Mixto
a21b36ae-3c92-4f19-b528-0ffcce3376ec,1e3268db-7d71-4eb6-b811-e94387728fc5,09/06/2022,Mixto
9ef9b6de-08be-456b-bbb1-97bc41082f9b,b18307fc-6515-4cf4-b0a5-d1ec07c3ab91,24/04/2022,Reparable
4e6d7a37-5fb9-4ed7-8375-8d1bf9dbf7f4,11ef91af-3479-4d1e-a38a-ce2d8d73f125,25/11/2021,Reparable
ce6f153f-c54b-421a-860e-29a7c85828bc,5ffda30e-1216-4cd4-9642-8cc17024770c,03/05/2022,Reparable
add133ac-acd0-49eb-9a33-bffc47ac8e3b,c3aa3b40-38b8-4656-bf96-8f451b59d602,26/05/2022,Mixto
7aa2d103-227d-4294-84b2-1d0d00c6cabe,53b0d0cc-5a54-4582-9896-107d2aac491c,09/04/2022,Reparable
096bee6e-8288-49de-b598-a9a9a26f0716,6690bfd5-21c4-47c8-bc85-bdba9db27879,25/11/2021,Reparable
a0fbec11-cb25-4376-a4aa-6ea093a7d3fe,5adaa860-6d3d-42a8-899a-06033580e81e,02/05/2022,Mixto
58c88a24-5334-4e0f-956a-6e4e9a332f16,971e28d0-1edb-499d-90e3-c39ffaaf9708,18/05/2022,Reparable
ab9fb36e-9167-4da3-96be-4a3cacd00db2,03a0a17b-29a3-4b56-b8de-6b99cbcc614e,23/05/2022,Mixto
d797f23f-5a76-4db9-91cb-09647f75e893,87e0e866-d96a-45a6-b31b-5f30c50930eb,19/01/2022,Mixto
f84e452c-abf2-463c-bf61-003d39d4b90d,01a84723-a496-4f88-8afe-40dc156f8ed3,05/03/2022,Reparable
66969bfc-24b2-4f72-8476-ad50366ebc80,7fdabaeb-f0be-4864-87df-60e035bb110f,05/02/2022,Mixto
fbff7949-0915-4a02-86ef-0df605d07848,d17afb0e-4431-4ba8-b664-34e02bc0cebe,09/04/2022,Mixto
803f03fe-756c-4a08-a864-11a53ef3c026,0c4e0c98-6afd-4293-b3a8-b562e99b09cc,22/03/2022,Mixto
3aa5437d-65a7-458e-9f15-347e91a70f3a,c4fcc2cb-0e77-498d-9851-ea4d0456f174,23/05/2022,Mixto
123a30d5-6679-4192-82a6-20ce9f9c8d86,46a1a2aa-b9df-42ca-8cfa-210399d88921,28/06/2022,Mixto
e5737d99-05c0-4b34-b162-44ca22a9ca9f,e3e20e20-a803-4066-b377-0c98b90118eb,18/02/2022,Mixto
14c601c2-b49c-4bfa-9eb0-1c9cc69d2b02,52840fca-9cf7-4b2b-9183-a8cd888cde35,28/04/2022,Reparable
504e3e86-f8b0-418b-804e-9dc6cece7a77,3105338c-5de0-41ec-9cb9-b450b3f60a3d,03/09/2022,Reparable
5dfcdd40-1308-4e83-aab4-977d929fe611,a2f35d7f-fae9-42d7-80e9-0da532df703b,26/02/2022,Reparable
183f02e5-6455-4150-af43-57e7021242ab,f655949b-9054-4afa-814c-3d2484fdc174,17/03/2022,Mixto
d79fba6f-dd7a-44de-85bb-f1f33ae03f81,ece3e704-c42d-4012-afa5-34fe7f21ed70,11/11/2022,Mixto
ce1723c7-cb1d-491c-be03-b6cb7c4ae9cc,86d58cdb-fe4e-450b-8598-2aff9a77b455,06/03/2022,Reparable
e90ef266-d346-449e-950f-5a84dda1e6b7,3ab6e377-6e87-4ca2-b778-cba3aeb2b432,04/12/2021,Mixto
5b780e09-0051-4263-b6d0-2dbeffac25ae,610426fd-008d-4f29-9b27-1e4647893930,29/12/2021,Mixto
3eaeb677-e46a-4294-954d-912d25fde08f,10447965-41bd-4fd1-82bc-38bdcc662b31,08/09/2022,Mixto
ebe2051d-f034-4258-903b-f9439b256ae7,34e2ad72-d0cb-4f04-b06b-7ae4a8f36801,07/08/2022,Reparable
24d4f332-74f1-4e12-a7ac-67a9f8d7fbd5,9215efe8-e880-4753-9980-82710ac6ca63,26/08/2022,Mixto
b2f3cd30-ab95-423d-ac96-3782dbda5c73,64215ad4-e6a6-4d55-bdd3-f022cd2441dd,13/03/2022,Reparable
6958dea1-59f0-42c4-8ee6-313410004827,e4b72bf9-6f44-4307-ba61-605ecd7e6f2e,14/03/2022,Reparable
af8aabb9-886e-4918-afc8-d015d2829909,f316fc4b-f5e9-4d40-9dcf-7f956e31b084,10/06/2022,Mixto
b9c12323-11ec-43ce-a54e-2ed527f21ee0,dd5b574d-7f43-49fd-9637-d5be50078a54,29/07/2022,Mixto
c68af66a-8961-4a22-a40d-29e2dab143b5,8c068418-0425-498f-b858-ba90f964666f,28/11/2021,Reparable
e3682a33-23f0-4f75-ac34-b104177f207f,f0bcc46a-89ed-4955-9169-10c44bd8f679,12/05/2022,Mixto
1ecccf24-8c84-4022-8488-89068587ea5c,60e9eff8-02fd-45b1-9df8-b2ed437313dd,04/09/2022,Reparable
783fb34b-db26-40f6-b618-d2a359b83f0d,7ff0acc0-9219-4962-b2a5-a63c0b330700,23/10/2022,Mixto
8c88b510-5817-4a63-b6fd-07e29d889595,00938328-7715-4a49-971f-6867b3276c3c,04/10/2022,Mixto
4953e41e-cffc-4faa-9348-2566cb78c4f1,7d98475f-9d36-4bf4-91e3-a6e68aa0a370,16/08/2022,Reparable
76a0f041-1f8f-4de6-b66b-e6e5785110f4,68972854-74dd-4685-bb5c-0d14ecc5e92b,06/08/2022,Mixto
b6ac1ef5-739a-4174-811d-bb61439975ba,6e835eff-5bc2-46ca-a754-f61a9c555513,15/02/2022,Reparable
8a7cb962-f172-4e60-8e5c-e45595555464,9394d4e6-f050-4c15-bbeb-9b7919d6e03b,01/08/2022,Mixto
f03f7d84-42d6-4d42-8afb-59054fbf0420,1c59ba89-2d3a-4d01-aff7-f906bf27359e,22/04/2022,Mixto
0f5d3f3c-9182-4fbb-b126-871729b8d45e,52248936-d871-42a9-a3ad-35f6ec0e97c8,30/07/2022,Reparable
7fc98250-c243-4272-ad29-95d61aac347d,c654dee1-a985-45fe-80f8-a9fc3fa0e4ae,04/11/2022,Reparable
edae5dd8-b815-469f-86bd-383659f3e639,cc90cdb7-20f6-4bdb-9514-89cd67f37c9e,02/10/2022,Mixto
9fb07b44-2c03-40a6-9939-a7f7a469e399,022ebb01-7439-47d9-ba1b-8e3f2aa47fd0,05/06/2022,Mixto
1f6b8fd8-6b13-4afd-94ec-2a5007757eee,cbc309e6-5c43-47aa-a204-30d24a9e764f,04/01/2022,Reparable
ddd35808-54f6-43a5-ad23-6e77bc44bbe7,05f5b17a-34bf-4be2-a5bd-c83c5400ea61,13/12/2021,Mixto
b9f80ef0-39c6-4a24-a058-f2c14019aa07,dd30859a-4e51-4a96-8f97-f3d5ffcc7908,05/06/2022,Mixto
57193a80-da0a-4bae-86eb-3cdf4011a8f6,591dd374-e9cc-4432-a894-70b1c6a0c7d0,21/04/2022,Mixto
59a07d00-50a1-4b74-b83f-bd4f97f77a83,2bab51e4-79be-4a22-b1bf-22a8d2039756,09/08/2022,Mixto
582e8157-3d40-4a3e-97e4-48006b9c5c6d,2e44443a-424e-472d-b64b-b9debaddd79d,15/08/2022,Mixto
29270c5b-be75-4b99-b6a7-805f7fd0936b,e8d83616-ba7f-4986-83d6-aa50713cddb4,11/12/2021,Mixto
acab9213-fcab-4591-94cb-a36becdfbcef,943a06c0-fa2f-467b-8169-590bc00898a7,25/07/2022,Mixto
7805d146-a253-47c4-b773-b6b823798f2d,e4456fbf-65f3-4709-a20e-c65d55606953,28/04/2022,Reparable
564ba004-c4af-45fe-8f43-7115e892702e,9653d209-7ac6-464f-bbb7-b7db44de5c75,10/11/2022,Mixto
15387720-e369-4162-a8ea-7cc25f350cfc,68eb8e87-5403-4e99-b308-767ed6a27a45,13/04/2022,Reparable
361ab021-b97c-41c0-88ad-188a0ab0a76a,0292817f-a137-491a-803a-8ca5b528ed90,27/04/2022,Reparable
d62167b1-c3ff-4136-ae7a-4d4fde29d068,354cdbfa-49fe-49c3-900c-4741d5f2268f,18/07/2022,Reparable
d05230ab-bfb8-4baf-b506-829efdcd7948,722eca39-3775-46a4-ad63-e943cadfeffd,25/12/2021,Reparable
d9a2eff3-36a7-4c41-8496-93e0436afce0,d71d788b-39dc-49a2-b9db-dceb6b363ba9,27/07/2022,Reparable
9fdceea4-be81-4ffc-bd48-6c8fbab20730,0022b3ba-4fd6-4c00-b764-154c3401c8b5,17/02/2022,Reparable
1ff51e5d-4245-4447-9dec-d0d45dcff189,12d70555-5cc3-4d90-b892-a0868ee680cd,01/02/2022,Reparable
46dd7915-8340-40ef-9894-284a4cdf0f86,52b6d229-1706-4cbf-8131-f2febea67a1d,03/08/2022,Mixto
f8c97bf1-146c-4086-ad0a-fb0bd07bfb45,e774004d-9ff3-4a82-9588-b743a7569207,15/08/2022,Reparable
c47f53ee-8305-41f2-814c-1d4ffc6df9a9,e8ed9a86-0f1e-4cfa-a0e3-a44b91b8fe78,28/12/2021,Mixto
