id,name,status,company_id
dc8918fe-7bd7-4cf4-b7b4-23316f95fc06,Kassandra,Abierto,da0445e6-6865-4755-b4e3-d5608808053b
7cbb94dc-568a-4d55-817c-b61910f1f407,Niko,Abierto,ef3e9414-b85a-46eb-b0d4-641217d0ce06
abb342c0-add3-4b9c-9223-3de13bbeb84e,Delaney,Abierto,9ec658a4-6ef7-4be0-b106-492f5554bf2d
f877aa41-e31d-4d93-b115-a0f3f639d6ce,Howie,Cerrado,f84e44e5-6945-434d-b023-fb21ebcf6261
f67af7c1-f7d9-4320-b635-830af63c1ef4,Jaime,Abierto,c8ab65a8-ed00-48e4-9602-aa1d6cd404be
dcb6334d-8381-4139-8254-958b504e3c63,Cherilyn,Abierto,1418b57d-41a7-4c63-b65c-580a9d8c5b1c
11ef91af-3479-4d1e-a38a-ce2d8d73f125,Alec,Abierto,5a4044d1-4693-41dc-9b61-83a1462a7cdc
e4456fbf-65f3-4709-a20e-c65d55606953,Candi,Abierto,b2fad085-1896-4458-be5e-a808fbc93cdc
92377c18-3c5b-41e6-9f26-04a6e4b16e58,Goddart,Cerrado,5fe11fd2-f653-42b9-be87-a55d31fe80b4
444284a5-bd33-4828-9860-c6870beb3536,Shayne,Abierto,723f0a26-8286-462c-befc-8a1e318eab44
75c73c4a-086c-4fa1-a32f-cfd085edad26,Joshua,Cerrado,9ba38b03-e506-4496-877a-b5ee98468dc3
982a7ab4-6760-4f05-9840-5f207872fb10,Jobyna,Abierto,b37ae138-2ee1-4421-b072-6d8d2de6c536
f63c3ed5-e519-45d9-82d1-5a020c06b7e5,Jean,Abierto,b08bc533-7ad8-46ca-ae45-4a1d8579bd19
d84dd701-f1be-4b20-ba56-bd08bd4b6545,Auroora,Cerrado,425df8e7-ba34-4c66-b33a-ee61cb1052b3
54ce756e-3f4b-4133-a484-d8fd8ef076ab,Jedidiah,Cerrado,56022c0e-85f8-473e-b0e2-5ceb1abc5a6e
45d02c04-33ee-4b47-a026-fd214660dc40,Alyse,Abierto,7371a488-beba-460c-93d6-fcfb6db1a648
4e717022-3001-4aa9-80dc-ab48302a8833,Annaliese,Cerrado,fa2e7d53-341a-42ca-b4be-686f14fcaad1
18633ba1-fff4-4ad8-8dbe-c59ffebd321d,Dion,Cerrado,40443b19-b436-4547-bbfc-6b5ca9032a6a
b4600a07-901a-493c-90d4-12d0bdc8d9cd,Laurianne,Abierto,a4fdaed3-5273-445b-b240-96e55f9e7222
c4ee940d-f5f1-4fbd-b883-9c30665557ea,Ariela,Cerrado,42bbfd36-1a2c-4cf1-839e-4b703596f8d6
b0499eba-0d44-441c-b7d9-f9c2c612eda5,Skipp,Cerrado,2053fe80-9439-4a51-9b35-864e4612dfb9
1c1246b7-22b6-4368-a573-6e696c21de5f,Storm,Cerrado,a2d60a3a-4974-4702-bd12-2d2778298cb7
4e61ff45-32f9-4729-a5b1-080988bde536,Joby,Abierto,1dfe186a-4f36-4e56-98c6-fb640d19f158
10caeb42-2d6f-43c5-bab8-b554a7bfb8a2,Henry,Abierto,89944066-264d-4517-bc50-32bc6b642746
9e50993f-1e24-4edd-a5df-1df2dfc92d71,Pat,Abierto,4340d728-e352-4c93-a957-15b4e7e13ca4
845679d2-1c75-4a33-bc36-8e8054f823f2,Vale,Abierto,79c01e72-5ada-4f90-b78b-284ac0091bd9
9b1684cc-0d11-4f21-a21b-dcaf4e141e87,Nataline,Abierto,c8361765-ac8a-4691-af17-1d6ebb481301
659bb7a6-8376-4056-8e55-d832c9f4cc44,Gill,Abierto,8b45f6a8-dcbe-4f7c-8d73-b8aeeef2b723
a7cd3d82-4dab-402b-a3d0-ea2a95b12f3e,Amalee,Abierto,f5119377-2581-4775-9e5e-10a36e0c0299
47d7cc01-d969-45a7-8d4c-ddfdc38b9d26,Gilly,Abierto,ac29ca4b-8a49-4e40-9d61-fa59b2e75b8b
241c5624-5f95-4475-84c2-43e780a1f280,Louis,Abierto,343efea4-8677-421a-adff-bd8c0f605025
0119a337-0712-4a89-bf88-813e549746fb,Johan,Cerrado,977fb495-0e6f-49bf-8ca7-3124719ed432
e588ef3e-8623-4c93-b1f0-bfddf91d9c58,Shay,Abierto,9f1ca395-139f-4581-bc8a-655b6a2cf3ab
e8d83616-ba7f-4986-83d6-aa50713cddb4,Joe,Cerrado,631f3a98-31b4-4144-97c6-2227024907d5
08abca2c-0af6-4a45-871d-ad44206314f7,Darlene,Cerrado,4e800b6f-8902-43af-9db5-3defadc8bd38
f6544b42-ab4a-469a-89bd-a6689e9af05b,Odell,Abierto,73288dc5-3d87-4ea1-9102-533ab3683269
8245368c-4df0-46d6-8886-c765dbbe3b64,Eloisa,Abierto,28295357-a7a1-42d2-bb2a-b95bf1a6fc96
b810cdaf-2d3c-4407-9e1b-c0379b42ba65,Hayley,Cerrado,a5b5a8fc-692b-407f-b970-3494894ee0c3
d409c188-f4af-493e-874f-8e98f8d9a263,Anna,Cerrado,891a7abc-3424-4f70-b2c4-c392c376715f
8022ae9d-2142-4ea0-ad71-2502e66a3238,Rhetta,Cerrado,b3f64490-59ed-426d-903e-0297066a2498
5a630f06-5b7e-417c-be6f-b20b39f29ad9,Kym,Cerrado,425568e4-78c4-4724-b94e-d1837f7f79a8
da12aa8e-7e95-4d1e-8aa6-adb7b61f3867,Celisse,Cerrado,6d2f5032-dcc7-4089-ad62-304be6de19fa
26e6806f-5171-4f60-ab78-d4b9834ea487,Troy,Cerrado,80ca8b49-fbb9-4478-a831-55122bbb73af
b0c5cc0a-c725-42c5-9587-c14df270e2ab,Wallache,Cerrado,66cca038-0e73-487d-bf10-ed093e283c68
2b9ac9e6-9b27-43cb-9417-d80904e80315,Reynolds,Abierto,1310a351-da0e-4811-b7b0-cf8da135663c
2d4a049b-f8d7-442c-8e36-548056fa0c46,Ernesta,Abierto,502f75b4-9dc2-470c-a88a-2e33991e2ace
280aaecc-14c6-49a7-92d1-a9bda845c5c0,Honey,Cerrado,50bfe5e2-e831-4c88-9e17-7ce562544d8e
4cf4fcfc-33b9-4b92-ace4-dd2fbb851300,Tobin,Abierto,0fd67019-7162-4605-afd5-baca3d541daa
6b4f97ae-3aad-41f5-9eee-1c1b121d4031,Peter,Abierto,c4407b45-e0e4-4b06-a52b-dd6126463dc2
52248936-d871-42a9-a3ad-35f6ec0e97c8,Burty,Abierto,eb8da4a5-95f1-457d-8d1b-4bf9b477422f
569b2152-ee64-49be-8eb2-c792c90aa163,Conney,Cerrado,a56adb12-816b-4174-86fd-26698e1991be
3b3eeb1a-dbc4-4dc4-aea7-d6edc6b7a357,Aldrich,Cerrado,b05935a2-b9cf-4d32-97e4-96802ce92b4d
ff1df2ca-4f01-4141-b648-5255df890dda,Andrea,Cerrado,71edac96-8967-4abd-94ad-5c8574ccf7a8
43cedd62-85c6-4e0b-a6ab-7828d7492c82,Dix,Abierto,0f19f8a1-d03f-4338-a3b9-6524ba1095a5
cf5f496c-5fef-4ac7-9635-36ed40a36dff,Marnie,Abierto,ba29d080-21af-4506-a203-80b41d13d0d5
ac62bc94-ba73-443f-bcca-111c6036293d,Pincus,Cerrado,422f3905-61f6-4a6a-a6fd-77945daa1a96
dd30859a-4e51-4a96-8f97-f3d5ffcc7908,Alexine,Cerrado,453e39a9-16a2-451a-a511-58934012b671
066dcbaf-30c9-4054-bd8b-9f01bffe2e76,Fredek,Abierto,9a3005d7-23ec-4a14-8291-3fa4be5d05d0
66a8811f-debe-4014-8fd8-7b40fb64dc59,Candie,Cerrado,8acda326-050a-4bf1-9312-d3bff7f35391
472102a2-0e9a-4d57-91d3-ac149c7f4de4,Caresa,Cerrado,3ad50b8d-2c4b-4ebc-a197-d2f013d6f3ed
c7514e43-f5e8-477a-a1e3-073a6e00a407,Hardy,Cerrado,ef36c039-9db0-4edf-beb8-4e7eea2fc6e6
e4748d2f-af0d-4e5c-b293-d723f2e354ce,Noby,Abierto,5c402a48-c765-4d69-bb79-27df7bda27f3
26c1850c-ed99-4576-bc45-3c863e4573d3,Conroy,Cerrado,675cf48f-6186-4275-a9ab-7751a6d81e95
03f8945d-bfa8-41f5-b0ad-bf7246bde656,Evey,Cerrado,9e501e35-ba3d-480d-9a25-fe241e135adb
8017acd2-4666-4f64-ab29-f7cecb5b00cb,Mersey,Cerrado,ac0e33e3-468c-4230-8fe3-3d94fcc56c3f
565a3b03-2337-4b22-8a09-5529ebd9b22e,Melesa,Cerrado,a3393000-f045-4927-bc1e-f866dc743e31
c2afeaa6-4304-419d-a218-707ab4bc6117,Madeline,Cerrado,42837e23-925d-4b59-b8a3-c3fd7bfa922c
4246adf7-9047-4d15-972e-e4eb68b790c9,Shirley,Abierto,23223b9e-3902-43b8-8694-d0357e5b37d1
5cfd9a63-db50-4513-b1dd-3c37403ddf2d,Abbi,Cerrado,2a4f5edb-6123-4195-aed5-e0003f22bbd8
8ab0ddb0-b14d-49ad-abba-bcb2733bc52a,Judye,Cerrado,3d444833-1b71-4435-a5b0-721ad51fb099
b7f7d96e-4465-40f5-b946-2cc8945595e4,Myles,Cerrado,bdc9d0dd-c704-4727-b008-5d104fb6dd3d
788cfdf0-885f-4dfa-9276-292e78b0a005,Lucien,Cerrado,9fee1553-cee4-42bf-b905-c5b4dda69b87
868ffe6c-cfc6-4c29-95dd-d18c76f60fc1,Dee dee,Abierto,bc1f0805-5867-4694-a759-c4aea0f15da5
4a282057-b6d0-450d-a4eb-790d4586dd6a,Jackson,Cerrado,413906d8-ad32-43fb-baf5-3100fa4b547f
bc5d80ab-cb57-4411-9787-3c2b15f74e7e,Erina,Cerrado,ec96066f-6694-4de5-8d22-945f00335ebc
ae164b71-9400-4930-89d0-56b743e9874d,Suki,Cerrado,be936aee-9b74-4c0c-8769-ca0c1b502b62
13e7ab4f-9a65-42fb-8da9-54fce0e2e168,Susannah,Cerrado,df4d700f-b5f9-4176-8dbf-0f4a4157f237
0610679f-9d53-4c9d-b3cb-ccd0cd25e35f,Paige,Abierto,d562aee2-497c-4ebf-a712-35d48068fb5f
1c59ba89-2d3a-4d01-aff7-f906bf27359e,Conant,Cerrado,9b4f27b7-df8f-49f8-99cc-0aab92ba79e3
a5994d18-e985-4f9e-bd9d-5178b984780b,Rogers,Cerrado,2a9d5cb7-c929-4600-9d00-1e3e7c999056
68eb8e87-5403-4e99-b308-767ed6a27a45,Randal,Cerrado,a5fe7cc6-b40f-4341-abf9-063d3577c728
2c7d7f62-a740-4879-87c9-fa0bf4e7a636,Lynna,Abierto,673967bb-7dd9-4bad-ad96-d54bb7b92f14
ffa4ec0f-dba4-47ae-9207-53634cb5e694,Clary,Cerrado,2f2fec0d-209c-42ea-a958-4de8700997b2
853b2306-bf6e-4c97-9a36-61e2cc9162ff,Danie,Cerrado,180fe16f-2d6c-4e3e-8025-35531806a145
fe679795-06d6-4c54-b1bf-221a166b69e4,Dalton,Abierto,fb92a329-c242-44bf-80c6-ee2bfb576a17
b8d6a633-0892-49d1-b46e-c9cc95140024,Jacquie,Abierto,52614ad5-8df3-4d08-8a51-04d6f8f18986
402cd825-6aaa-4ff6-ab0d-1ef03598e9b9,Kristopher,Abierto,41d9f842-7f81-4baa-b43e-94f5661bc7e6
09e43a9c-6dd0-4eba-b55e-97ed7a090218,Dorothea,Abierto,8276fa3f-ad87-4fcf-ae5d-5df958badcc4
d940a838-7061-4154-b858-5458cae54564,Sallie,Abierto,c635722d-7b19-4b58-9ca2-71069747d58c
003fe2fa-2cf4-418c-a3ad-b7f12ea1b2ef,Maddi,Abierto,1a7d9a59-6593-4033-bf74-6036b29ad122
b18307fc-6515-4cf4-b0a5-d1ec07c3ab91,Salomon,Cerrado,15507d2b-5ffd-451c-a4dd-34ecede7567e
0d501d9a-ef2f-4294-b5c5-d062e2fecdc5,Linzy,Abierto,3a59bacc-2ddb-4e00-9482-cbd535528ca7
ab991e53-54fe-4b53-b05f-a58042be372b,Paddie,Cerrado,f41e49f6-8bb1-489c-9a02-993e17c997b9
53882489-168e-49a0-97b6-f474924b3b4b,Hilton,Abierto,428356c5-c3ee-4f09-b688-6898489d9e68
22db1d75-10ff-4be7-8cc2-7106e53ce17f,Klara,Cerrado,e6a11712-72a1-4547-9364-debfedf55f33
c4c512b0-0149-424d-ab3d-98ba550a399d,Lawry,Abierto,25b64e9e-5637-4dc4-b9b6-1d5edde98454
5a375b75-7c3a-41e6-b756-0d53f261d1dc,Sloan,Cerrado,d7d5314d-b292-4516-9eca-51d0fe0fae18
4a34f17b-9d90-4c99-b449-793256b4ea47,Raynard,Cerrado,c2db3afa-f156-40de-bb53-8a613875f6df
3ad2caac-dac8-49e0-a037-2459eb61be73,Marlo,Abierto,26427e24-6649-498c-842a-7544335a9baf
8c86d9b6-c309-4ae2-8d11-372a789defe6,Marysa,Cerrado,e21c4b83-4941-4b10-995a-91c2d2893c56
6a016cf1-9e49-4a39-bd82-7dab3ebe96d9,Sher,Abierto,33d4c448-cbe0-477b-9f7e-887dae43edae
8e5e7cf3-5469-4eac-8616-a69b8e08c096,Rowe,Abierto,9450bcce-edb1-47ee-807a-762ea22003a2
5cd3b5fe-198b-4bb5-b6d8-c9caadcffec1,Becca,Cerrado,316bd21a-1a49-4b01-a5fa-efbce712e4c8
bcb8914a-d14a-443d-971a-a6063a13c54f,Mick,Cerrado,153850b0-83ad-41f5-ae1c-16f8ae2ce356
858fe8e6-385a-4b6d-97d9-aa2d5c1d1305,Alford,Abierto,558fe83a-fbfa-4f69-9764-96738c4234d4
b1ced6fd-057e-465e-bc0c-971440768f5f,Fulton,Cerrado,404cbf8b-1ae3-4168-a8ac-f0f263ffa331
cb713c65-4f67-4dd5-8423-a9173e46d7aa,Aluin,Cerrado,e6be22a9-ed74-4f21-a26f-4c12cf9bf43e
70c9b7ea-e985-4528-94d7-c3efb582f7ce,Brewster,Cerrado,b590722a-5ccd-48fd-bf46-e98d9d3e8d7f
46a1a2aa-b9df-42ca-8cfa-210399d88921,Drucill,Cerrado,ef0fe3e1-359c-4d39-959f-35d1e236777c
7e8e2c0e-b01b-4a74-9546-7180f625a76f,Lev,Cerrado,bd8d7e33-44b3-44c3-b9eb-ee688f018765
3af2f0ee-8787-41cb-86d8-b21fd4e9949d,Jeff,Abierto,c3c216ea-e362-4b18-9999-214a8af20cc7
5f804579-ed5d-42fc-862f-8d3105f80416,Thaxter,Abierto,81ae5fcd-31f6-4917-b011-5468771b844d
a2404db6-e04a-4575-bdef-291a7708af39,Dulcea,Abierto,da96ec06-405b-4209-b11e-38b9f781f4c6
7f763434-1cd7-4502-80bf-3a940d6f4fc1,Peirce,Abierto,3aefe9d1-7570-44d5-84ba-88659da5bd4d
61946a0a-333a-4300-84af-76cb68bb869e,Bartolomeo,Cerrado,0873b463-dea5-46c8-b921-7741baeaf271
24a2d167-3d01-42a9-a447-dca1e3a1b91d,Rebekah,Abierto,46a6dad8-99b3-461f-a924-83a593b29d12
8b3c90e0-3ad6-4284-980c-330728699a27,Sylvan,Cerrado,05877324-1b86-4800-8e3d-47a8baf89303
2ac3bbc4-4b3b-4ac9-9e08-45c8079d2e49,Margeaux,Abierto,a571e11c-cef0-4946-8ef3-8af04b6419cb
3c5ace62-d930-4407-a280-dfa739634359,Alfons,Abierto,16526ef0-16e3-45af-86be-10d8d296703f
f659ad5f-30ba-4558-bbd9-b2cd1abd12c4,Elijah,Abierto,3a28e059-22c4-4bac-bebd-bc66dbc2c3b1
549dab56-816e-410b-aef6-35a836abfa97,Audry,Cerrado,b99e6c36-fd41-462c-8dac-1c1710a6f0b5
03a1e54d-6a59-477e-92d8-3c452ba38816,Tammara,Abierto,b39b0448-422c-4739-b446-781052ac0827
d3ccb366-8158-4948-8789-fedf9996e1d0,Zachariah,Cerrado,d3bd68d9-0879-41c3-aed9-9a11d6004cd6
561591f6-351a-4b06-bf8a-b5b1e46ec3f9,Sheppard,Cerrado,c620aadd-ed7f-4038-b39e-18d4773b15e6
19711e13-0d4a-4754-ae58-b5ff1b72d65f,Floyd,Cerrado,f0e8f261-8cf8-4b64-b283-2aad5bdd63e5
4c2b4e8e-815f-4601-96d4-be1581b4e6d2,Eleen,Abierto,de210f71-72cb-4174-9f43-43761fc43d79
126c4650-7279-416c-9d56-d4e9b8537a1e,Letitia,Cerrado,f91e771c-f457-4167-a49e-2412298ab997
60dc8969-64b8-4722-9ba7-6dd357a1af5e,Eadith,Abierto,0d693665-54c1-47c4-9d15-8c901335fc26
e27fcdc2-5881-45d3-b9e1-e05c0465e9b3,Gusti,Abierto,25b51f58-31db-441b-a484-71b6caf50625
8cad693f-c020-4002-9fe0-dab79f573f3a,Delilah,Cerrado,b77e4cb4-b00e-461f-8ff6-2a2eb5668703
022ebb01-7439-47d9-ba1b-8e3f2aa47fd0,Levin,Cerrado,02918d93-0089-42de-9cfe-54dba3cc735c
e28435a7-0109-4182-9a0b-8ca10c2a4d10,Jehu,Abierto,cf928d2a-8b00-437f-8fe3-009ee6d519cc
a031683e-0614-49e1-9abf-53c25ef7188b,Sofie,Cerrado,a48b71e6-7c11-4531-8811-8e7c8686dd09
abf11e5d-05a7-4d04-b349-d6ebd370e62a,Vanya,Cerrado,1c5a5b3a-ea46-4e4f-bf8c-8d4e2274d173
8a1e52ca-940c-4f9a-ba3c-5472f3e6ee84,Erika,Abierto,ffefd0ea-d0bb-4927-a1ed-1dc233653fdb
b785ce6b-b18a-4a64-9386-e3c2c3649a2f,Simonette,Abierto,4a5ac943-000b-47e0-b67a-949411a75558
943c1aec-8de4-4dd3-8c86-0f360d20c2f1,Leshia,Cerrado,edd09dcf-b7a6-49f7-a84c-1b2f3944fbc7
22b610c7-96d2-41e9-8fad-616a59b36753,Shawn,Cerrado,9a109044-a919-4f1f-9b6d-5ede89172913
f7733874-6703-4155-999f-0efb172b9372,Devy,Cerrado,6f8312c1-ffd1-420b-871f-afa0db70d7ee
fd6321a3-04ce-449f-b043-e906e3499a65,Damara,Abierto,3c575573-9b05-45cf-bdee-ca2f7927f00f
00ee6ef7-edb5-40ef-af7c-9f14ff4d1b45,Barnabas,Abierto,ee6ac045-dc05-4bbd-a093-aedc16e61ef6
b491e2c2-855c-4e7d-9d83-570d907a78e8,Jamal,Cerrado,95ac8a67-7b1c-4d8f-b888-a2b60d7bf76d
52aed9ac-7201-42bc-9261-5909d65ba687,Brandie,Abierto,857b8700-af91-45a4-88a0-8b4c351393d1
52b6d229-1706-4cbf-8131-f2febea67a1d,Audy,Abierto,1e12646e-4d9a-42ee-8329-c84969675e82
92124857-4ac1-47a1-a09e-491575f91bdf,Mair,Cerrado,a2fcde46-0bd6-4915-b49d-a1a9c2ebab7d
763bc8de-ec90-439f-86ff-92faa60bfa2f,Bran,Abierto,79884f27-aea2-459a-9e27-c55593d3e685
915d60ce-0d09-44ce-960c-8e0885d99507,Romola,Cerrado,c37f7e68-be1e-489d-afe1-e34f462e92ed
d4360089-26d9-4f69-be0d-8a30f111c04e,Billie,Cerrado,a8ff0628-2406-4c0a-9b7b-2f9576e5a949
f0fac744-f5c0-40d7-b6d8-9824a3eb8de5,Edlin,Abierto,810c31cc-cc54-4269-a533-a2ec35911806
d20a544e-7820-40da-a986-90b2d0771ecf,Riva,Cerrado,b499f3d0-3a0d-40f9-8fc7-6522c7a60fdc
f4cb8ae4-d3d0-4f21-9eec-754b69800bb3,Laurella,Cerrado,e8e97df5-9cd3-4ce2-a5c0-a275d763334d
497a2542-c42c-4897-ba67-8e7eb328b77d,Karel,Cerrado,8944664b-5f68-4c17-8ec2-0ca0f90010f0
7bc860f1-be28-4069-9eea-8972fdb0941c,Debee,Abierto,b8874b7e-bfb1-48e2-8000-15979611b100
b4ac4acc-2e4c-4a9d-a463-c147c330331d,Alexander,Abierto,1870ee16-ed14-400a-ae06-cbb4f5c548e8
7fdabaeb-f0be-4864-87df-60e035bb110f,Dante,Cerrado,91324999-9ff9-4a45-bad2-667519b9a489
10447965-41bd-4fd1-82bc-38bdcc662b31,Dalt,Cerrado,5897f457-b1e3-4489-bcb8-0c788ade7056
7e924853-6a9b-434a-b54f-6afdd0c19738,Karyl,Cerrado,e3f4b001-e726-40df-a764-fbb0b74c1b23
1cfabd74-86ef-4d57-9934-b7749803f7e7,Carmita,Cerrado,b083e1de-226c-4172-9e67-0e3c4957b7bc
1dc8ad13-c58c-44e7-b7fb-de322a860dab,Fredi,Abierto,a0bd1330-507d-45d9-b785-0966392f5e2a
610426fd-008d-4f29-9b27-1e4647893930,Ilario,Cerrado,09b297a2-acd5-4993-ae2a-733da7b8e5a4
55950e63-50e7-42a4-8c13-a6363383863f,Johannah,Abierto,9802b413-b994-4d07-80f2-22ec952eea18
1d57db15-0bf1-4815-8c3a-ec6764019f64,Archibold,Abierto,5c142fec-dacd-4f52-a0ad-01a2fe7a24e4
83c30c22-4568-425d-a394-9d79c9223ac7,Giovanna,Cerrado,60115060-cd2b-47bf-ac21-f75579de0c56
d9117dd7-b4bd-41d6-9872-ca5c6787fe07,Rollo,Abierto,18027e9d-a7b2-49bb-9103-d3cb7f8e9d96
7679f8cf-e259-4943-ba7d-83248dc68953,Rutledge,Abierto,fb02b25f-9efb-4240-ae26-6d525d9eb718
a2a7fd46-1c94-43b1-a449-245daa70bbf5,Erek,Cerrado,d791f4f3-46cd-4a16-b201-60b369b6c27f
21c556ab-ad12-4d3a-ad2a-254c3287fb6c,Cody,Cerrado,dd56a6f1-bb21-46b5-99d1-bbafd277711d
067698e7-a16e-4d6c-ae6b-88946aa8b242,Jennette,Cerrado,b8700e32-760f-4969-85a2-d6702a332686
9215efe8-e880-4753-9980-82710ac6ca63,Adler,Cerrado,b84cb66a-edd4-4a1d-b94a-cd227919d32e
4afa37f6-30ca-4833-b3b0-79060ab4f1e7,Tilly,Cerrado,72eeb237-1e4b-4893-be77-6ca043d14dc0
8c312727-d8cc-4efa-9f9e-4f0e353f8c88,Bendick,Abierto,111eb824-e741-4315-84e2-efa47423023c
d859b045-2fe6-4706-936e-2d1f69e01774,Mela,Abierto,28910f78-9b53-4f20-9cb2-86fb12923b5c
d621a1b8-57ba-4a0c-933d-d07e353ec771,Janaye,Abierto,760b1eb8-0e12-4df1-8e2a-fa3d5acabcc2
8b00bf00-49d4-4387-ad22-6c51739a7861,Alena,Abierto,97e49f04-49ab-4ce9-b93c-5c26cb4a64ef
971e28d0-1edb-499d-90e3-c39ffaaf9708,Starlin,Abierto,a8c841ad-a3d1-4201-9b6b-23d7a9c81f86
cd9ca16c-fc04-4407-8051-ebf1bb6ca959,Elyse,Abierto,4753ba64-ed88-4b77-be5a-dfc98e6af20e
e6f1ea16-10ab-490c-b422-10e35863afab,Demeter,Cerrado,7e0ca45a-2cf3-46d0-b18a-fa54a2c3666b
5bd68292-6686-4f52-8417-9cd7031f37fc,Melvyn,Abierto,9e2ca965-c83d-4268-b8de-8ab0d46eb948
8d06c63c-4c6c-4de8-85a4-361555567402,Crissy,Cerrado,209ad159-2dad-4544-b09b-06115d0a3f1f
b81d8ee4-3cff-47bf-ac1d-2007d5f6a1b1,Cammie,Abierto,18bc238f-2058-42bd-a224-cdede736f244
822fb360-0f78-4ac6-ad9f-77510a57cc3f,Mohandis,Cerrado,2bafe54e-736d-4f0c-985b-6d4060a6e429
86a2d33c-e1ff-4d4b-97ca-186c4c66298b,Jule,Abierto,9c6f7de1-d6be-42d6-9344-1db1f22c3f28
d7d73d7d-ea67-4e36-9dc1-717fdc506a38,Peta,Abierto,4616207f-c15d-4858-a0ff-4b82f323fc1f
631eace0-42a2-499e-aab6-f196f9029ef3,Glen,Cerrado,5cb89ed7-0fc0-47ae-8232-bc3ad6eaa491
afee1206-1be6-42a6-b54d-ce1c31255a02,Cinnamon,Abierto,1179a096-71db-41a9-8f83-8d45a9b02469
a153e981-47e6-4876-b8e4-2d2828036cea,Siobhan,Cerrado,749f898e-ff16-4bcf-aad6-a0ec0e15c0e5
201d5c53-6c4c-4538-bff5-a5e50e5f8940,Viva,Cerrado,73e0c494-8c3e-467b-bdbb-fb24e696858c
f0786523-fa56-4ec8-a3ea-236908fae6f7,Ulysses,Abierto,f6f2aaae-ebc7-4ef8-9254-73878e5e696f
d17afb0e-4431-4ba8-b664-34e02bc0cebe,Wade,Abierto,2449d88d-b4c4-4eab-b5eb-9612b3f7393e
591dd374-e9cc-4432-a894-70b1c6a0c7d0,Jacky,Cerrado,ea5f32de-81e5-4a5d-8101-76c0f8b4f1ff
aa4e6710-75ed-4ef5-9dd4-7b3382866838,Tracy,Cerrado,ac95c3d4-98ed-41cd-b9d2-e488b0340684
c5d500cf-5d67-420f-9481-b1b98267753b,Wallis,Abierto,7d5da2d8-965f-47c2-818f-a8bec5fad207
c3aa3b40-38b8-4656-bf96-8f451b59d602,Brook,Cerrado,0e84f156-385b-4190-9c4a-532150422bca
ebf239c6-6718-4e28-9ecf-3d9c005b9bac,Tana,Abierto,f5cbffb2-d986-4922-a4f6-7d2c8df86022
b14a721e-3968-4afe-91e3-e838702f07c1,Alfie,Abierto,e45bd2cc-f88c-4c44-be08-47398ba1bf0f
d10a04f0-a21b-423b-a571-f398083136ed,Lyndsay,Abierto,bd4ecc90-1196-4178-9f8a-f3f82b4fbc3f
3ab6e377-6e87-4ca2-b778-cba3aeb2b432,Dieter,Abierto,778fab4f-103d-4412-a633-307241f4fec0
0ddd2180-f268-4d8d-a6eb-fef7478ffc78,Bren,Cerrado,73447913-8f41-4890-a7e7-99cb3ccc3aab
7efd197a-77c6-4da6-9ac8-c5e47d353702,Conni,Cerrado,2239747d-9aed-43fa-bd25-28ee10f5a980
3ae79628-4382-4539-bdce-f61a76855c06,Filbert,Cerrado,03006d4c-6627-4405-934a-a4357a69ee19
ba2521e9-ff53-4d18-afb6-4a4d75f4b7e0,Karl,Cerrado,65f645c4-ea14-4ca8-9937-22dffd05bc1f
b9533d57-d909-483d-bdfb-b729c78132fd,Christiane,Abierto,5c24e1d0-52c5-4102-851d-58da9bc0e0b1
d29db393-0935-462d-ad2a-7234db6a68a1,Shayna,Cerrado,3ec59e37-aef2-4332-a4aa-2dbcd4b43568
ef996351-2459-49a8-bee4-ba0617aa4a6d,Westbrooke,Abierto,f441f629-e9ef-48ec-b804-6b932892b010
35e7ecfc-1bbd-4fd5-805d-b566cc4969e9,Vanna,Abierto,94334652-6979-431d-9f0e-522f771f81e0
3b280ccb-29f6-4b88-9482-81ee42a322b4,Gregory,Cerrado,20c6d461-fd3c-4559-8b7c-724a3faee46e
7ff0acc0-9219-4962-b2a5-a63c0b330700,Emmery,Abierto,d21a5d56-f0bd-4d14-bf96-b5391c6d02ee
1c36bb7d-febc-41f9-8597-ebc7dc358c2b,Alameda,Cerrado,9b761762-62f8-470c-9cf8-de0b79b86629
f749b8b9-0d71-4af3-ac45-a19dd1858bda,Piper,Abierto,060fbe33-a6f0-4cbb-8d65-4d516bbcf25f
3433c4c0-0ffc-4562-b3b1-c1a934ced652,Malinde,Cerrado,29b4a123-f1b4-4c06-93e8-8e12248e2ed7
352d80c4-e1b2-4742-840d-a9c4d4898fc0,Armando,Cerrado,4383416b-6b1b-463a-85fb-0107f49265fa
5f9a0175-0601-4ce7-a4eb-0fac04fa2864,Frasquito,Cerrado,21e17ed8-94a6-4acc-ab13-f933786ef1c6
f316fc4b-f5e9-4d40-9dcf-7f956e31b084,Robb,Cerrado,c9f5b5e5-2092-4de0-996f-eec0a1dff3fa
9482f97b-0d8d-487f-b5a2-6db7743eedc1,Elfie,Abierto,9c26fd6d-4e47-412b-8a54-81f0fa17646a
924499ea-a94d-44a2-890d-f65f1a7ce09f,Orelia,Cerrado,0743f740-27ee-48d1-b055-b9de4dac3031
f1556b44-404b-4b71-ba3d-7188bdd452a1,Niall,Abierto,7bf154d2-1573-42ab-af64-eb2a902d73a0
433ece33-9475-49f3-889d-16df3dda47d9,Lynett,Abierto,c5de4bd4-6fa9-453e-8c22-e768849adf7e
076ad1cc-7cd6-4605-a32e-06adf142d549,Micky,Abierto,413d2f10-7550-4e41-981f-8ce1a66d79bb
f2b3c25e-156e-4743-90b3-ae1a99e3d6e6,Misty,Abierto,8298006b-9eaf-4ef0-a32b-f1b4b99ab067
98bb2a04-9fe0-4fab-a86a-0f728e4774af,Mickey,Abierto,463db7b9-4c19-468a-8f98-bf809ad0b0e8
29d82729-2d87-422b-8a2f-501b41cd3097,Celisse,Abierto,7717543a-501d-4152-b804-7422347d6667
0c1ee25b-518d-4513-8b36-7913eb24e847,Trixy,Cerrado,0cae54ae-3944-4afd-b6f5-58c3921a9343
abc9d669-3701-44fc-923f-d98be69dc666,Maximilian,Abierto,68877253-5917-492a-b0c8-af7c83944f62
d7ea469c-162f-4a46-811b-14d6602c70bf,Veronika,Abierto,6cd0b90d-751e-40a5-8388-7576b4076468
a48bf38d-260b-40a6-ae3e-e854f0bb18c3,Braden,Cerrado,8cb4d0a7-b16a-48cf-9498-3099a67adf77
86d58cdb-fe4e-450b-8598-2aff9a77b455,Doe,Abierto,b3353fa2-b217-46ce-b76c-a48307e0870c
0781cc53-1711-4937-b5c5-e1bb05c3813f,Igor,Abierto,3b3aad91-d68e-4b5f-bdd1-7e09302bff6e
5be1e6fe-44cb-48e4-9103-11fbce7f3e2e,Hinze,Abierto,adc99035-3ec0-47ef-9752-afeb98692700
528aebdd-7ba1-4efa-9fc1-4c0af118174e,Dewey,Cerrado,6af5c14b-ecca-49b0-803d-c4d1c424bffc
267e09ce-6a37-4c3a-b3eb-bb319be07133,Mallissa,Cerrado,64f7aea5-ecf6-4b7f-9287-60e3bdb88938
00f83105-f8b0-4223-a408-060a9b23d25d,Bartolemo,Abierto,b6d4468d-b246-4dcd-a01e-abdc5295262d
9fec8f5d-a757-4ee6-8da7-aae6e712301f,Garv,Cerrado,c0a6487c-0697-4120-8d8c-b1bbee69dd04
55e12309-aca1-4c62-bcf6-9c2de231eafe,Fritz,Cerrado,f54b70ef-42ab-4213-8683-148d1c15152f
b3ef523f-5cac-4de2-be96-156953a5e817,Tilda,Cerrado,65ede9d8-b704-4e68-8c50-226b9ca7cf59
16155694-b057-4e1a-b8bb-aae1c2e4ad30,Sophie,Abierto,a3b710c2-f0c1-4f46-8f04-ca35139fa648
157c6489-ecec-48c0-9e7b-bc1f5615e6f7,Karlis,Abierto,d88ccfc9-30f4-4b90-8181-5f3a16338560
ebe9db67-13ad-4e60-9aaf-9480cc60fa54,Sigismund,Abierto,6ae48f30-6ee9-4037-a155-97ca29a72de5
29197218-a657-4439-9270-13300d85ae76,Cris,Cerrado,142dc5db-fedc-45a8-8265-cf9585e7fbd2
bc5e8e8b-0fe8-46c7-9e81-c0e353293ef1,Tatum,Abierto,cd156a45-113b-4d64-a83c-2a866fb0804d
0f266ade-44b5-4109-a364-0ded737ead75,Saunders,Abierto,180584bd-f48c-45af-a58b-299a9d82da5a
66830804-9c38-407c-b944-8011133a83df,Gustavo,Cerrado,c589809c-aa32-4f7e-8981-49a038e2c718
5e8195c7-aff9-4285-9443-0524ca46dd4f,Ky,Cerrado,18fd53cf-00c5-4ba5-9134-f5821571e5a8
3d513c9a-0de1-407f-bf7a-2563b4b035e4,Cozmo,Cerrado,883244b7-bfff-4d03-a211-576fad9e2638
460fe33b-9cbf-4c73-bdda-41980764aedd,Ham,Abierto,d5141c45-cda7-452d-b3b8-86aab8132930
8242716e-836c-4e8d-88f2-6879d46da9a9,Fey,Abierto,06d3b052-b9e7-4b8d-bfc7-418c797c681f
af20cdf2-91e6-4e16-b823-3edc261c58c7,Tedmund,Abierto,be48c6dd-2ab3-4f6d-9071-aee8ca1f3d8c
e47a6d12-b0e0-4db5-b089-806d1d2f869f,Arlan,Abierto,7b70a961-e9a6-4cc3-9c1c-bfe2463fed6a
2b82dacc-cefc-4f33-833a-03cf97476b8e,Ogden,Cerrado,cae62365-28d4-4128-b8f1-09f0d39911f3
5383d7a2-05c8-4eb6-a295-40e7e75905b5,Barbabra,Cerrado,cb8118d1-02c6-4205-af60-259a0450d57a
c243565d-65d3-45a1-b508-5efac06b77cd,Cirilo,Abierto,64570793-a3bf-445c-9a89-48dcd4b69c6e
8502dbd5-ae17-4a94-9c5f-08270bad88e4,Shalne,Abierto,52354da1-6476-459c-bd49-46cd396425e3
8ec03eb2-a5dd-447d-90af-324ce612b048,Laure,Abierto,7e64ee02-ad0b-43b2-9ed4-699abf1a0385
c4fcc2cb-0e77-498d-9851-ea4d0456f174,Ashbey,Cerrado,d5b144c7-a126-4872-93ba-c02d06fd7e4f
427d0b5c-9269-4d43-b431-bdfc94b846ef,Colene,Abierto,d5780f35-e56d-4548-9b4c-f192ca62ba83
60e9eff8-02fd-45b1-9df8-b2ed437313dd,Mikey,Cerrado,68618b35-bf66-4768-abc5-3b85b8ba9d0b
1db210e3-c5e7-42ce-8055-f361a3706ed0,Chiquia,Abierto,88f1a08d-f6d7-4fd6-9bb7-eb0100f2f20c
4a5ad458-35b4-4ffc-ac81-1b831c810617,Leo,Abierto,223b4a45-0ceb-4963-9218-939a9868cf4e
613f7832-a86d-4aba-8d67-f0c9775751e2,Moll,Abierto,0b03e64c-26e8-435b-aa75-03ca7d78dc87
fc5e20f2-22d7-4fb2-970e-5d67670c03c0,Gannon,Abierto,609f272b-85ce-4f2b-976c-ab66e02db101
7a09ff08-2679-44d7-9bbc-5e3984099a39,Rudolph,Cerrado,f5bfa3eb-df80-4303-b82a-08c6b0761d83
e8122c93-1147-4434-a10a-10fd2c74c6f0,Donny,Abierto,ad12e1d2-1a5b-4bf2-a35e-db9737851f38
c57f98ee-ac58-4e3c-a26e-c7f1065d9ba1,Irvine,Cerrado,c6e9a254-91e3-4156-98f6-642ad41a2dff
04bb3755-267a-45f7-b8b4-cc9e67e77a96,Fran,Abierto,d1bb21b8-572b-4a7a-84af-dc424b502ce0
56198e51-9cd4-4921-9d6b-4d6faf784e64,Libbi,Abierto,0cb3c7c4-b9df-4a24-8663-2bd5e3ae39f7
4e94bb47-080b-4013-add1-a5737e543e88,Daisey,Cerrado,77d7bc52-f321-4240-9c9d-93ef2221c8ed
89486c6c-c83c-43e7-8bd0-390eef073ebb,Romain,Cerrado,f95c7c08-6af8-4326-8235-b08db19c4e33
b85f5dcf-037b-4f76-bbb9-27a5448bfcfa,Abby,Cerrado,c261256c-8475-4441-ba83-8c79c6ea6103
a5835f9a-081e-4e81-b934-b8896a649ea5,Evonne,Cerrado,d447b956-c59a-4062-b6ee-1eae98002770
e27c8c35-8ea0-4769-9e9f-aad48de7d29e,Keefe,Abierto,f0393d1f-22e9-4a54-a19c-02f68b92833e
a6612214-d231-4df0-a5d8-4b19cc1e28ab,Phaidra,Cerrado,ac426f5e-d22b-424e-93c6-9645d6ee8e82
e479f11c-49a5-4909-bb7b-784d1d00ac24,Roxie,Abierto,4a989bc1-3671-4b97-aa95-f88f883183f8
339e3932-3b15-49f0-9405-df76cb72fbae,Ketty,Cerrado,68d9c39e-be92-4efd-a791-db1b9fa0338f
d3f8dc27-189f-421f-9a3a-e20ea08aaf85,Jacki,Abierto,1010e062-2f9d-44ea-8912-2fdbf01c0773
e021625c-930e-4165-86a7-c8b0d4f8bf69,Thorsten,Abierto,8445e209-dc84-4e54-8d1d-efb7225d3577
77610650-0499-479d-bd43-8d29a8cc816d,Rube,Abierto,dc8caac3-bee9-4a4f-968f-d2086dd1c234
c129bb2a-339c-4881-a4e9-07b22f56ab30,Faun,Cerrado,907829f5-2119-416d-8252-9992eadb8304
3a8edb73-b29d-4cd7-b2c6-8c286a83124b,Sharron,Cerrado,f4eb1828-d9e3-4ade-a0d3-a3fde0759541
408536f4-0167-48fd-8284-2a1bde8ec9ab,Hallie,Abierto,4581f41f-050e-464a-86f2-4023ab6b93d0
a1d56fe0-c29b-4c82-8a6b-189f226c314e,Lindsey,Abierto,e9d966cc-60b5-4cc2-abc4-8b2c3f3a9549
7b8d6af9-4af2-4022-ab24-7fc5e35909f5,Wittie,Abierto,5d2775ca-dd2c-4662-bc16-cbe617fd15e6
4b4fcfde-f146-48d4-80ae-d72e807e682e,Teddi,Abierto,ed4665c4-8f19-481e-aea9-c4df22feadaf
1c063cb1-f456-48c8-8a9f-cff06ad1d432,Fanchette,Abierto,3ca7367f-7d53-41e7-8a4b-12343d53d401
818f021a-447a-42eb-8950-3372606a072a,Gussy,Abierto,c033cf7f-2548-4245-b71a-640ed993a802
90038095-fe6e-4417-b29a-c6bd5e6bb79d,Traver,Abierto,76ae1dd6-d2d8-4337-8238-7b712bbf9738
8c068418-0425-498f-b858-ba90f964666f,Franny,Cerrado,1ea7983c-3936-46a6-83bb-cf6baab18523
3c990659-33ca-4a6d-8918-ba41ca6787f1,Celestina,Cerrado,19c1ba34-168e-44ae-a4c9-7d81b36e9ec1
743eb685-25ec-4258-b69d-8910fdfb641b,Agna,Cerrado,21916288-d63b-4235-a967-712b7af4735b
38e2d712-48ea-4eaa-b90f-bcef28fdb8af,Jacquetta,Cerrado,093c3fdc-7676-4fda-8129-c9d4b80e0bea
49137bb5-f81e-42f5-9628-939f3a4ad2a9,Nichole,Abierto,47f082b7-0210-499d-9825-4e623dc6a92f
005ec66d-58c5-4cbc-8c7c-ca33ed3d5fdc,Livvyy,Abierto,4c5b7d9d-7789-47dc-a82c-f2b2f3fdc0c4
d5ff5f50-d96b-4be9-8a1a-7d8b65833c84,Charley,Abierto,d8ad145e-3b29-4c72-b60e-534fd2160a45
76369cc0-f3af-4ef4-9c08-226be3287e1d,Artus,Cerrado,2fa5a805-ee86-4611-98f0-7872d4ab5e65
98042558-5f3d-4a3e-8c75-32c875b8846a,Clari,Abierto,eb9fc102-e4c3-4c20-aca4-c4d67990785c
6db28e5e-10fb-4821-a920-5c6fdc1d7d07,Towny,Cerrado,55ec162b-da29-4b37-a76b-60eff3781b35
ab9f219f-93c4-4ea2-90bb-74fa8e7750ac,Giovanna,Abierto,f8bebf67-4750-4dcc-90e3-6f0141e0ecfc
1564c62a-777e-4c7e-9161-e960d311f286,Hunt,Cerrado,c0902a1a-d9a9-41bb-a7fc-321082f3336d
66e86429-0a64-4ab2-9e9e-1225b24fc607,Orren,Cerrado,75d71b7f-034a-4b17-b3b4-7f0596284e23
5f6a5c5b-11c6-4bf9-843c-d0385e520ee3,Dun,Abierto,71a2007a-a624-45a2-a9d6-7e4a84ea927a
4c88fb45-8c8a-4fae-87ee-46d8818ef55a,Prudence,Cerrado,78df4ed0-3b39-485d-866e-aecaf085c392
cc6f3265-f6e2-4e50-b070-ead254d448ff,Natale,Cerrado,b1bd9b14-a234-4438-a3da-fa42601a30f9
1dbf34ec-c678-42cd-a86b-76933212f87f,Dylan,Abierto,e921023c-ffa8-4836-8f2d-2748d5a8cfc3
31fe7732-9671-416c-be0c-9749596a7199,Becka,Abierto,839f71b3-482e-4562-8c7d-ef27f3029e34
125e0ba4-04a1-40ab-bee3-96c10d0f7824,Ainslee,Cerrado,9622cd27-2cea-4c70-8178-b6a5fd8b0c94
1e3268db-7d71-4eb6-b811-e94387728fc5,Mirabelle,Abierto,90d79799-1b9d-4033-822b-509a6c9a0ced
ee9b489f-ec19-44d6-97ba-b8678324818c,Mona,Abierto,dcf6fc10-4451-4067-b2cd-b63365644cb2
2a655d79-b8e9-4b00-82a2-da0f03a3f67c,Dyna,Abierto,48f67f54-ec47-4daf-95e2-68c782197f3e
7fb4a3e8-227f-44d3-9422-1c6f12191b9d,Debora,Abierto,c1bf5a42-c543-4aae-a879-89e75674ca6d
9d16ba17-d163-49e1-b02b-9133b3f15b65,Jermain,Cerrado,8e9a6810-5d07-47f3-813c-00f683453a7e
84af32a3-45d3-4459-8cca-6ed53128459d,Jolie,Cerrado,c8d9d2db-232e-497f-9add-e50dd77ca2d4
09157260-6df8-4392-8518-ab49c8086bad,Miguelita,Abierto,69899e7d-c24c-4eb7-b92f-fea2d0b6ad6f
e8ed9a86-0f1e-4cfa-a0e3-a44b91b8fe78,Tisha,Cerrado,0a80e52c-51fd-4624-b652-db59278640a5
3499872c-0358-4299-a471-81747e3933c9,Kelsey,Abierto,254a913e-2437-4d57-8532-787870e8d8c9
56381cfa-1179-4738-bff6-906a03fe7374,Joey,Cerrado,f2300047-8697-4d05-b256-55ceee2815a7
56e03e4a-1233-4737-b5ab-f4cb91eff7d7,Lalo,Abierto,c5e656d0-f39d-4459-bfa5-baf0ba7d853e
eb4c6ddd-3ee2-4ba8-8e94-cc9a99fa3b78,Devland,Cerrado,03c52b15-8db0-4d6b-9698-c387943ffd81
addc5f33-658b-43e7-9dfb-f5897798f4cb,Christophe,Cerrado,8b8a580b-a0f2-4835-93dd-483c26b03e2d
71f6f21d-97f6-4781-9da9-323d15ef202d,Mona,Cerrado,80a33ade-351e-45fd-b0c7-4ae3adab36f9
ada8e470-622c-415d-841f-7c0b59dee44f,Benni,Abierto,7b087474-977c-42d1-9d23-98c2fd806ba0
673a8a39-cef0-43ad-b61f-661e89e3033b,Barnett,Abierto,bd6fa198-fcf3-4bd2-a3d2-37d80f45477c
16daa13b-7fbe-40a3-8300-b19ba3807966,Brion,Abierto,f5d14308-7d68-4bd8-b3e6-3f4c3d677e0a
6973f22e-4dcc-4570-aa18-72b322d659fd,Mair,Abierto,16fd89bd-57a3-4270-9bad-777111eb2e08
0c2dcfc1-15ba-4c94-9cb2-7598e376879a,Becca,Abierto,459ad78e-5c54-41f9-ac06-6b2d72824dfe
514f8d65-3fa5-431d-a0b5-480a94a516d1,Mill,Abierto,521979b7-ce19-4db1-98da-4b30338d385b
3d93c08f-fe9a-4efc-89f4-50308682f33f,Dermot,Cerrado,203b09f1-e84b-4cc8-935b-cd823b578c28
cf932a76-bfd0-4315-9c26-d86dda1671b1,Osgood,Cerrado,5890afd1-8ece-4bb7-bff1-fd12fc2588e2
ca641eba-0bd2-408f-a6c6-1d0355d4bb64,Viviana,Cerrado,21ffee03-30b0-4336-912d-30f4e9bd1fde
b01ab6bf-cac2-4e75-8b62-19b385bc00f7,Lorri,Abierto,da7c924b-fe24-43fb-96a2-16d306e42310
2c85f7ec-8684-4b53-aadc-216563550fce,Deerdre,Abierto,6b6313e1-8466-4f93-bb2b-5f2d0afa3bb2
974c758e-1d69-462d-8724-5d8d67fc3f7d,Alonso,Cerrado,91e187ce-e7ed-458d-ae0c-784683ac53df
2e44443a-424e-472d-b64b-b9debaddd79d,Sollie,Cerrado,0b2f84c3-b4ad-4b7a-8eb4-856b6bd07d02
41553464-0f98-4343-96de-1f469b32d4e4,Gery,Abierto,1a8c9476-33be-44a9-b7ab-4031b44b62ce
5da8b991-3a16-4f92-aae3-8a00c8d292f8,Aldous,Abierto,d8767bbe-2185-4bfc-986b-c07696ee7259
bff833d0-9dc3-4b35-befc-f37f3ded90b1,Boris,Abierto,1b71ce9d-4b6c-4927-8ea4-04dfa9f66865
0c20b910-2cef-4ee0-b28e-b198603ce4ca,Archie,Abierto,7306e849-e245-4a7c-87ab-f8e2169f11d5
f6be471f-3e6d-4c68-ad45-26694cf7c660,Renie,Abierto,0dde0621-a1db-4b27-81d4-40480a031775
775db665-5ac9-4ae1-a3d4-8999fd0dfa29,Emelina,Abierto,30fda7c4-d34b-4b29-b8f3-4aa7a72c3ff5
9b1b5084-8321-4518-8f77-14fec688d2b9,Vincent,Cerrado,c72ecef2-0f81-44d6-85a3-06ae052a654f
6383319d-ae6d-41a7-a1e5-748653e9becf,Joyan,Abierto,9ea34ec7-4694-4c7f-9448-74a85b532422
2702eec2-0260-4112-9ed3-de526e13bf26,Norbie,Cerrado,dca4ff53-c3b2-4f4a-ada5-bc962e1d27a3
3ffab14e-50c0-4631-81f9-4fa6f19bda97,Galina,Cerrado,a4d47141-ecd7-4b5e-8739-7e4b146fe5e6
5e07150b-9672-4325-9a3d-71f4944fd817,Yorker,Abierto,dbd8fdf2-31e7-4b5b-9a79-d90072fea710
c4121342-1c47-402b-9000-f4a5e1f3a15b,Arni,Abierto,3415424a-9613-4968-b7c0-ada2ce7e82d6
887354d8-e9d2-453b-9858-523c95f2503e,Mariya,Cerrado,ebf121c3-78c2-4600-b197-7fd1bc3b0863
9bb4de18-6b3a-4438-9b67-be10438ee49c,Humbert,Abierto,122c6f9a-a89f-47fb-8f9a-bc04b9c11de5
1f9595ee-9976-4162-9b08-8e8447faf68d,Beverley,Abierto,b20aa1dc-1f22-4e48-8bde-5bca394ccc61
f00fe16a-d1ae-48d6-95a6-a57ed4089698,Shell,Abierto,82bcfe6f-eeab-4dfe-89e8-0a44d0084979
3592f667-119b-4295-a1c4-f0c9cf685aa8,Hope,Abierto,d6a616c6-7643-40b9-8521-058bf7815596
f32659c8-0155-4113-8935-6e7327e475d4,Nance,Abierto,60d1a20a-8d8a-43c6-b15e-820e03519fc7
325c85ed-cee8-41ec-815b-980a93c0c812,Estrellita,Abierto,83425b6f-8dbf-4ebb-aebe-4e0ba9d961a3
73f60bfe-1846-44a3-b008-ebf79f090420,Ibbie,Cerrado,fac4d4a8-cac4-40a1-b4c0-f84dbfad41de
7d98475f-9d36-4bf4-91e3-a6e68aa0a370,Binny,Cerrado,2b997d70-f115-4138-9885-d778002b05c5
05f5b17a-34bf-4be2-a5bd-c83c5400ea61,Morena,Cerrado,e4d7221e-c285-43ba-b4b4-2b1c645a2587
7b75452e-ac17-445b-a3d8-bd0eb8f8bfe3,Alexei,Abierto,8fba6431-8395-46de-98b0-dc92fb72aad1
152cec22-3806-4375-9e7a-3e7692788c49,Ibrahim,Abierto,12e8a022-4c11-4fa1-80a1-f43adc3b1769
cd262ec6-4e1d-4d37-b0a2-5908f98dbbed,Letitia,Abierto,fdb6ee78-4c9e-4039-b37a-e8af41b273a7
238c052e-d6ff-4ba8-9282-9c8367f9ff1a,Jacinda,Abierto,94397745-3188-468e-8416-10b8c51230a8
1f67a09a-1cfd-4511-adbb-3c0532f85c0f,Cointon,Cerrado,f6a5eef0-dddf-4f3a-a65a-cd593ac0285b
263e6b94-5791-44da-9b10-1866f055680e,Flossie,Cerrado,9801b730-22f9-4aef-a6f7-ee826504d606
15d51331-838d-428c-bbeb-6b186394e097,Gwenore,Cerrado,cd2d11cb-764b-4155-8621-53ef783ad7f1
6720917e-ba4c-4eaf-a598-659342e1379d,Emogene,Abierto,85f3f8ef-15ee-496c-bbb7-1b8a72ca59cb
87e0e866-d96a-45a6-b31b-5f30c50930eb,Serena,Cerrado,4e33d2da-b1b7-494b-abde-e381cc0c7ad8
d204fa58-b151-4055-97d8-ed39fff02062,Jean,Abierto,5329c9b4-a432-4cde-8aef-279755d42a17
f0bcc46a-89ed-4955-9169-10c44bd8f679,Lonnard,Abierto,7321408f-e3b7-43bf-af5e-20509bce4eec
cbc309e6-5c43-47aa-a204-30d24a9e764f,Court,Abierto,eb3e64cc-25c8-48c4-8436-b901c7260afd
74b731d3-9f91-4feb-b32e-1ae556e670e0,Janka,Abierto,da376fbc-01f5-406a-a5b7-ac329e7c0bc2
f655949b-9054-4afa-814c-3d2484fdc174,Emilee,Abierto,583b8f49-e75f-4897-9479-c60f060679c3
bb9dffa3-519f-49c0-9422-90095b2d9bde,Lorene,Abierto,08b1ce27-0f03-43a6-b8ff-e6a16f733119
aa7dc5cf-4c5e-4986-9d22-46078925f8c0,Olympia,Cerrado,ed144512-780e-43f5-99ce-82e05a172203
b166fbc0-4233-45d9-96e8-e879b09df251,Jesse,Cerrado,96a7032f-cdc3-4955-b688-8ea097cc3d92
57ccafd0-f2e2-40f1-ae48-ee45eb91864d,Elbert,Abierto,2a90e88c-9234-47ec-98b8-fb5712ce495f
111156d2-153d-4262-8632-bc7bd19273e5,Alverta,Abierto,195079d4-26ac-4253-bc44-6a76e916421c
fabe6b60-ed33-4723-ab3c-3922f4886ed4,Timmie,Abierto,7b1be43c-c67b-4965-bf27-fc6f160b0118
722eca39-3775-46a4-ad63-e943cadfeffd,Hanny,Abierto,c352ff1a-9f3a-476e-b95d-a35f1ea5a153
62fb3597-a03b-449a-b22a-8bccc1633cdd,Kelsy,Cerrado,ab7a9041-ee83-4e04-b27a-69235cd23142
7675387d-49e3-4c9b-8f94-794f7d7fbcbf,Ellswerth,Abierto,ba56ff67-0c55-4611-9642-91b6934e37c5
e381a34b-da93-4c71-abf9-ef911afbe037,Venita,Abierto,384ccfe3-cdee-4c45-95b8-36655c4ecccc
eb9c997f-bf08-4572-9e8a-e52a85bd6bf5,Shirley,Abierto,d809ec84-f79f-479b-a853-fccb3e6e902c
91a5732a-cbe7-4dae-a49b-5e4d9c8d48aa,Liza,Cerrado,80233d2e-a6ec-43ce-99b3-e80267ec4d92
7a8552df-7bf5-4cf8-bf63-9fb9f474d5de,Court,Cerrado,d560d0d9-9d30-4c34-8d7e-0a83a08600bf
daae99a3-3b89-4e2b-b9fa-ce7f2e4cfa9d,Fowler,Cerrado,073f476b-3354-4b3b-bb50-d237610d51e8
eb255029-dd83-45b1-8d65-12a5cc3eb209,Melamie,Cerrado,4df252d0-4526-4678-9f2a-86b9aadbf0d0
1297d4a8-641e-478c-800c-4542e19b5162,Scarlett,Abierto,c569665f-0f89-4bb1-ba97-e6e64785d257
7340fa60-f2b3-4ea7-b314-1c27462df07d,Meridel,Cerrado,e695e35d-bc93-4c3c-8461-1914d84a668c
447acfa8-8c9b-4eb2-87ac-213c76306ff3,Dona,Cerrado,c050d501-c6ea-4920-8823-8f898399c471
d99cde41-2606-4c13-a071-ed87a25e9661,Ronda,Abierto,3ac5839b-ea82-482d-8dca-0733d8aaa063
c4fd8f66-aa5c-4171-a273-b09a95c253a0,Martie,Cerrado,01f28033-9892-4da4-b7d4-53d70c7f4939
51c5f1f8-fe52-4f29-b6a7-ae03ddc0ca12,Denney,Abierto,3efd3de5-590c-44eb-a23d-53c5c19e0a1b
6d029341-e446-4921-a0a1-62a51baf46ac,Charin,Abierto,e09334e9-2f6a-499f-adc6-17b8672c7db8
7b5ee9a5-5bfd-4853-8415-3af0cb1103e3,Germana,Abierto,f574f686-0c45-4ead-b07c-54761712d520
b44fa7f7-4418-4575-8d29-e94d6e9ac1fa,Anica,Cerrado,9d71416f-6b8f-4ed2-80b8-a6af15021cb3
97ba709f-0960-4d4e-9bcb-099364100f97,Erin,Abierto,76f8bc3c-b1b5-4ede-9b72-1004cf7b16ec
d3a5209d-4ef9-4d12-8952-c8d69ba50932,Dayle,Abierto,bbd6fe9f-2187-4d63-be2e-7a0ad8b3ee40
6cae7b60-1e73-4785-be85-943364e77b4f,Rickie,Abierto,0c8cc55c-7b83-4ec9-8227-4680fdb28921
6d4d65da-643d-4f4e-919e-10ef01686777,Alisun,Cerrado,fa249828-ad6d-40b7-b58e-cd03467b4eb8
f6a646de-11c3-490f-8d7c-c0ef63d03350,Natala,Cerrado,b738e3cf-172e-42d6-8bbc-297e8efa1a20
82f100ea-fcb9-452c-8372-8482511d64c0,Lisha,Abierto,d95c9bbb-4058-4ba3-b183-0d2457737b31
72f8c017-c742-4296-876f-e9305e01f7e7,Grady,Abierto,74db4390-3f51-49bc-9066-f6dabe887ae4
0d89832f-3c9c-4211-ab07-5da034c71a5d,Auroora,Cerrado,10b86bc2-25c1-4bd9-9c0e-52c4f9141973
c170e152-e412-41fa-850c-8b36a8d4e007,Laurette,Cerrado,28d30987-6b9e-46b4-8fe1-f5c40032a085
3db0d376-a313-498c-ac67-50db9ae08a44,Marigold,Cerrado,cc0df46b-080f-4298-a517-fd277c27c705
b4b14eda-0e7c-406f-bc8f-475e77498a0b,Bo,Cerrado,8564f069-31ca-4c62-9af5-d081910a5d67
fc039668-4a15-45ac-a24f-9a7661ad7cdd,Melita,Abierto,45937852-1897-46af-b4ba-0c4f0b12bbe2
3105338c-5de0-41ec-9cb9-b450b3f60a3d,Alfie,Abierto,2038c25b-e5f9-458b-807d-76bc8d5ff8e3
59cd3178-2295-4e4a-8382-3f1609e015dd,Maryjane,Abierto,58e24d45-a72f-4a52-975a-e787461bd529
f6421e4f-33a4-4967-bea7-349f0df2087f,Franny,Abierto,c16b5e02-9a1c-4704-a84d-fef96a54d319
915dd0c6-abaa-4da1-bbe2-28f47edf2d05,Tripp,Cerrado,045e2f76-76c0-4cb1-aea2-a9cf313a7590
d7e1a050-99ab-4ec0-b7e0-4658039788cc,Skell,Abierto,6ca3e2c3-59e9-4c6c-bbf3-6e23182aaf98
2b8b63d7-ff10-4147-970a-be083ee1be6e,Maximo,Cerrado,b2cd5460-d7e1-4b9b-ae29-c099c3b4d973
942462b3-8eb1-4c52-a41c-c5ffd8486e35,Jannel,Abierto,8917fc33-1f3a-4143-b38b-b1127a230101
5723dd77-9f0f-4ba7-93de-90b703924bbc,Jade,Cerrado,d2ed6abb-454b-4090-92e3-a1a0beb6063d
7e44438c-f207-48a8-b83e-4d5a50f8a8e8,Chad,Cerrado,a61cd801-3711-479d-86ca-f6085880f7ad
553ec12f-fa6a-4691-a212-59e443144259,Johna,Abierto,9d2bcb04-1554-4eb7-a422-eceaed75d856
d6f96149-a865-430f-aa78-efdecbac557b,Laney,Abierto,2e7ca26f-6e26-4fca-9134-126008049794
f64fd311-206f-46b9-819c-46279d38f3c2,Lilian,Cerrado,38219db0-87bf-40c0-bfbc-9481e02dd601
79bec117-eda2-44a8-b942-0341db44be5d,Avrom,Abierto,20823560-7214-4215-9f7c-34bc321f7d86
33b410fe-da12-4cb8-b71a-9ef43d8e9ed3,Ardeen,Abierto,dfa8f733-1428-42d8-a838-ef5537510bbe
6d687e8c-eadf-42cb-a5d1-73428b51e3bf,Brig,Cerrado,e470cb6b-da11-4905-9d32-2616b3dd0f89
e516daa2-26cd-4ecd-8ced-acf066242e81,Ronnie,Cerrado,aa8a5445-ec77-46dc-adcf-9b10b10e3c1e
3787e3d2-f584-43fb-81ca-fb4db9ae9199,Stacie,Abierto,0ccb6917-a444-4986-869c-ab83bdd98c4d
75217c8d-b372-4cc4-b345-ad1ba2d9bd22,Roch,Abierto,a4065faf-e684-4f1c-90c3-f6c9f144d6fc
5d60b983-aa38-4369-823f-dc79725ec95f,Mitchael,Cerrado,36a1aa84-cfde-43af-bc1f-72aed4182108
dc5fecbd-9728-4a8c-a987-6232ecd1de1e,Christoph,Cerrado,e4d5af1c-c511-480a-b558-98e465b9c30b
1d23f3f0-bf0f-49f0-8ac5-b76ebdcf6f18,Harland,Cerrado,933a7256-8e89-438f-8af9-3f8e65a4b57d
e2b3b1d6-d214-4e9d-a2e6-4e343e1b260a,Vonni,Abierto,3fc517db-1d7b-4590-b150-1f0bda84ae55
650d9a5a-eb33-4382-927f-757abc3d9214,Nina,Cerrado,639c0986-5a7f-4cec-9af6-6b375fedc25e
79548213-bb9f-4eba-9d7a-e03c8965f519,Rick,Cerrado,38c47087-4f78-423a-aa1a-4edcca06df2b
817e38d4-a2a1-4f02-96b1-5969a8d4cc87,Caspar,Abierto,7d5595e6-90c5-4dab-8b47-fc6dfdc377cd
56a4584c-e417-4a42-9c37-20d00db07e14,Tori,Cerrado,4a388c3b-d2f2-4365-9a66-b53f0d8de2b5
b7ba5358-e2dc-4aba-919d-a1b1029bec6a,Cody,Cerrado,85a1ed13-8830-4b6d-9092-37e2d75a1410
79be2704-1e49-4c2c-b613-88424e5d4d62,Clerkclaude,Cerrado,2169c2c6-b3e9-4b68-8bdf-562e189ed388
5adaa860-6d3d-42a8-899a-06033580e81e,Marla,Cerrado,4ae92910-b948-45ac-b690-0148b7b2d034
0e5e60e8-2595-4567-98d7-970876ea34b4,Traver,Cerrado,83880ddd-71a9-4837-ab6f-141ec88b10cc
a4aa19d1-3f38-4dab-8f72-232e564ac541,Grissel,Cerrado,ac655f2b-f76e-47a6-879a-bd5e76a772f4
6420cf83-87da-469b-8084-f3a59d1da116,Reidar,Abierto,96981865-576a-4032-a897-d7d2284b3d88
c06ab8d9-1177-4a02-b1e8-db8a5e9373ff,Godard,Cerrado,e4b885fb-19d3-4808-a175-04ac038230c3
892b275c-d10f-49ed-86c1-19899d27389c,Annabelle,Abierto,4b18cc48-6a0b-4ee5-a3e5-150df3570578
03ef5b74-d4fb-4b79-8e6e-7115dce0386b,Shana,Cerrado,4c2ea04d-a6e3-47d8-93a5-6826b3f34268
9d217cbe-4106-4e6b-ad0d-e82998db2ad7,Kellen,Abierto,589d4ab3-04cb-4c46-b187-14f7f24feb3f
8cdd0c04-f4f3-4f0b-bad1-f994122ce8a9,Madelyn,Abierto,44baf117-afc6-443d-bbfb-1d958dcd3ab4
56f25d80-0e2d-46e4-86ce-9c52d82ccd3a,Kelley,Abierto,1b997809-9c79-4c86-9611-62b77bd21e3f
11fdf321-6d28-41e7-848c-c3af88e51d8f,Nickola,Abierto,e5c3351a-32e9-4cea-99d6-939cf75aa8fa
359f495c-d4e7-48c2-9a37-0b05007ebb63,Ardene,Abierto,df13cd64-02fa-4f86-8e50-ba550862384c
b3fdcfa4-96fa-4a3b-8872-e1d2172f3986,Cindy,Abierto,0af291f1-cc5e-4f80-98ad-17f183caf67a
ea8d9af2-2df9-4cbe-b66e-b4b43979d689,Stanford,Cerrado,24243c10-8cf6-422a-ac17-ba88da986b8e
b89725db-f1b8-445a-9293-2a572a1d84b0,Maurene,Cerrado,d8477864-3ae9-4f7d-b5ba-7fa14344020f
3e4da342-01b7-4c07-82cf-f55cff86f5a1,Laina,Cerrado,de92d2a7-06cd-44ef-80f0-ace328f0404b
dd2989be-2739-4dd1-b15d-a36bcf6d7818,Eunice,Abierto,2f36dd07-7048-43fc-944d-7e5d7c1d6049
9d883b98-99a4-473f-b8a8-641f693b1fff,Bentlee,Cerrado,b9813d1f-5e71-486d-84c5-857e18a8a9ae
00038ae6-a67e-48c4-9d79-9809912b22e3,Shayne,Abierto,f15a2a1b-ae23-4a5b-a5c8-19804b0265f2
e6990113-37bd-4d05-9bac-bca4dddbd398,Torrance,Cerrado,8949367b-62db-4e6e-9639-ec74f6acf45f
2892b4f4-4496-45ed-aa29-027d718b2981,Curry,Cerrado,328cdc3f-f59b-4b90-9788-6683a163ea8c
e215832e-a112-485e-8071-ed46d7abec6a,Hi,Cerrado,6002f9f2-2ec0-42e6-bd75-2242f7e46d85
df17cacb-d528-4b18-ad92-285b4804c37e,Shel,Cerrado,117c4569-4020-4103-9407-fe09b11257b4
ca8280de-46d4-4a27-a8f5-01eafae47fd4,Gualterio,Abierto,32f08504-2d35-4dcf-a114-4fe5a4fd59b5
ebbbbf1e-8c85-4410-999c-9c91877c0557,Dannie,Abierto,7a66b2a6-940c-4028-9b48-e6e9b851fa9c
e182a366-4395-4ed0-83aa-7abebd3d2fa3,Lorinda,Abierto,1de2ffcc-5b6b-45f1-807e-75b22c999602
81c39389-ce9c-4e31-811e-b4c01677cbff,Gwenora,Abierto,da15ee23-8855-470e-b22b-b9fd207d0f5e
aa7ebb0a-87a2-4f56-bac8-c26e0819a23c,Janelle,Abierto,1ca9b7e2-895e-43d5-8b78-95b7b3f7f740
8296649a-655a-4b17-bef4-f87b39672363,Reider,Cerrado,6ad5b899-9d9a-4fe6-b26d-4523228a98d1
82ce5ad1-fc29-49ec-b1b7-932bae454220,Janela,Abierto,da1eea98-f4a2-4e8e-8173-8dd7d62608ea
f9664c09-db98-4925-8d16-df21b012d148,Hubert,Cerrado,6e395980-d6b1-4cd8-bc26-79dc76be5aa3
e9e49593-f374-4c42-9b98-44f34985f86e,Cyndi,Abierto,2688fe99-c073-40b0-911a-0bab0429a9ca
4ea0bbc9-9b2e-4d77-b88e-c69b4b025b3a,Eddi,Cerrado,37161b38-d106-48d0-8e35-b449a9394b3e
d8bd1fcc-e937-4557-8edd-9d46aed38d70,Christyna,Cerrado,a4ffcfa2-59e1-443e-8733-89abf4cd4d59
3e7031fd-a754-41ae-a5c0-596536561037,Emili,Cerrado,8f72bec2-f98f-403a-aae4-1def8c42aa4a
9e95c455-48e4-4897-add9-f2a74e145e5b,Janeczka,Cerrado,a4bba4f9-69c5-4714-904f-c5627b422ad6
34e2ad72-d0cb-4f04-b06b-7ae4a8f36801,Netty,Cerrado,d22a2043-c116-432e-ba09-7fc5c35fcec6
d839cfe1-af52-443f-839b-9ac29c87441a,Corri,Cerrado,2079af92-d9fc-4ba0-80ed-544c34c04425
404555b1-a5f3-4c79-a36d-cdbdd760ba8f,Edsel,Cerrado,9c5a7e4c-0e24-4e24-ab6e-2e0cdf898d96
0f7f0740-a524-4003-9597-e69ccb272589,Brade,Cerrado,51f089c6-1b6e-4ad5-b271-b9cee78ec168
8c5830f9-aa9d-4811-a2f5-1d75c78b17ce,Hana,Abierto,710b643e-d243-4bd5-9273-055c0865645d
e774004d-9ff3-4a82-9588-b743a7569207,Shela,Cerrado,9b5b284e-e2bb-4e13-a95d-9cc43e527e30
079e92d3-0868-44e7-9ea5-97628f4fc66c,Aylmar,Abierto,6591988d-2846-4259-a8a6-66243793c8d4
4a975efb-c7a1-4f25-ad6c-ecfe89888a4a,Matteo,Abierto,2c1a9605-d9cd-4c02-8158-e93f98fff806
5d05af4e-7f69-4e52-87fe-a4571fa37a23,Ethelind,Cerrado,35d5427c-fb6f-4841-89dd-aefb79c74f87
97d93d81-6f59-4048-b876-bedd3fa9ad0a,Merrily,Cerrado,947743c4-2f3a-4810-8f9a-92acca468036
29b94799-e89c-4e3f-bc3c-02e721db27e8,Jessamine,Abierto,996c94ef-c665-4011-bbd8-98dbec060ec5
d4f9c738-0ef1-4348-b3de-69cb2970373b,Aldin,Cerrado,b3e281c1-c750-4cff-89b5-9a5e0c170379
49ac0746-4255-442c-b726-421c62c80a2f,Petronia,Abierto,0ae583b7-e1a7-469e-9614-66f9196653a5
8c96ac72-b5cf-4138-acd3-0ac3cfd621c2,Jourdain,Cerrado,d2b91bf1-aff8-46bf-a389-1e5af1c0402f
9e11ff77-351c-4439-8e73-5b303fc4c526,Bjorn,Abierto,4bf08ed0-574e-4165-841f-f65e6276df1c
2ef65ef0-01b1-4f51-b73a-b49067d114b1,Sukey,Abierto,6c4f1e8e-220b-434f-adb0-dffc3e6f31a8
6cde861c-7e30-47ba-829e-20f9a9e4b8d3,Jobyna,Abierto,cec85b46-341a-4401-92d8-a417ac98d0a9
54bad730-f7f2-4e00-b934-149b800b084a,Malorie,Abierto,fc31a3b6-4a2b-46cd-aac2-d5e92230a280
bcb637fa-96b0-4978-aed5-c24bf9f90db8,Franz,Cerrado,030b96ec-983e-4e56-9c48-6bf5fdf2e970
64face23-e491-4c06-a7e9-cbe63c9b0194,Kristoforo,Cerrado,5e892086-da6e-4546-b01b-0b61cb4c9e60
dc5b05a1-f130-49d1-9aab-be13ae39cdd1,Karoly,Cerrado,ae2fea2d-d606-4fbb-bac3-65a1c72912be
005b5b7b-e519-4137-af11-f508e9f886f7,Marleen,Abierto,2832ca4d-7e88-491d-8a5e-eff4a5ebb7ba
bdca9072-ec73-4003-aaf1-b49cad62e3dc,Nan,Abierto,0eaaaab8-e496-4a72-a943-9c44c8bc8424
6a72f978-91c0-4197-a1df-7b5a4c7784a3,Cathrin,Abierto,eff3f990-3248-4121-bd90-40b6afedcf05
0ae6d5f5-8ac1-4e38-a08c-c28a64589004,Tymothy,Abierto,049c4283-ed8d-49f7-aba7-a8154ff17b52
a08f5b0e-892f-4079-b877-f0e561b4b819,Felicia,Abierto,071c5783-ec45-4e98-8e43-757ff380bcce
b5615e10-412c-4802-ba7b-9eec5697f481,Hobie,Cerrado,c096b6c0-e0e5-4eca-9c5c-e38aca89deb4
2a29fe64-3290-468f-86df-04d90325111d,Eilis,Abierto,0de869a6-83fc-4f59-9243-bdfe61ffde54
4d010ea4-5ccd-4521-8e78-62a995d1e6b9,Clemmy,Abierto,c4cbc797-160e-417b-85be-8a5210f8d7ce
8dcac64c-c218-4ab2-985f-836faa647984,Wendel,Abierto,379fa964-da15-423a-97fc-c5ddbcc01fba
a2f35d7f-fae9-42d7-80e9-0da532df703b,Jojo,Cerrado,21f86e96-bd68-4be1-963a-bacca6adef08
f82b6774-8f1c-46c5-a522-dde05ed302b3,Fifi,Cerrado,1b7b362e-2be1-4877-9428-ca7b6063d30a
bf041017-de81-4d22-8ec2-cd94c2dd7e09,Stillman,Cerrado,d6397af9-c6b8-4e84-9ddd-8eeb196affaf
c4948a7a-f382-481b-92f5-27ac607df199,Selinda,Cerrado,5c8846b3-1b78-4512-a658-aea7838ff5c1
a7353b0e-83aa-4255-9a34-8a5084ffa451,Fleur,Abierto,806dba5d-6f30-483a-ac8a-5bac8a1e04a5
03dbcdcc-c11e-4ca1-8742-fce2d741264b,Augustina,Abierto,68937d3d-9dfb-49b0-a37e-a1da5cc119be
04570c5b-a32f-4ca7-937c-b5e2cfd3a6c0,Bucky,Cerrado,79db6ad7-3ae1-44be-9764-a508b9a60fb4
02d4508e-aa99-4f26-a2e7-6661afc01a73,Palm,Cerrado,4db3bf4e-5115-4f82-9be3-4ec340b2efba
2da59670-38e0-439e-bdca-e1a37c6a2571,Maryanne,Cerrado,c10ef7a2-ff64-4569-90dc-1cef5f270ae8
fa6833cc-74f9-41c0-92fc-334dc3a7fc07,Babbie,Cerrado,ae31db2e-ec56-4866-86d2-c1898d8773fc
9b04feb1-a786-4504-b269-e2a537e3191a,Edithe,Cerrado,67c5aa7d-8fc7-437f-8468-5717994d4069
b1d34a53-0106-4d13-bcca-cef5c70e67bf,Emmott,Abierto,2035a6a3-8b88-46e4-8969-c6053f0dc3c7
57f4d625-0db4-4687-a63f-24ad51c4d1ab,Tasia,Abierto,d0e5cab1-7da1-44b4-b877-b91180029f11
1c5e8da6-4cb6-4661-8fe7-9178fd3c6208,Cherrita,Cerrado,809bd3a4-201c-4d56-a9b4-18b8f3816a8c
e970a841-c492-467e-b215-6689e4b1495a,Patton,Cerrado,20642423-53ef-41e7-884c-bb5ba72653a9
a8edb8b7-82cb-4cbb-914f-80251184312f,Florencia,Abierto,cc19864f-3d39-4418-ab55-b005ae215d8d
b9f59a70-df08-4a8d-ba28-16840c77750c,Leticia,Cerrado,7b19b994-3d76-4c6b-ae67-cd59bbe87252
7f9794f7-9c99-475c-b940-14e0c3acec7e,Elbertina,Cerrado,a3bf925d-32be-4dc1-8dca-ec1e3f72dece
580d491e-f280-4b7c-afbd-f767245225fd,Shelby,Abierto,1f9b457b-8a64-4299-8ed7-bb42b79b053f
028a5e92-3018-451d-9ccf-64110fb9d86b,Des,Cerrado,88dea44c-dcb3-4ed4-9e17-7c013eca0c58
12d70555-5cc3-4d90-b892-a0868ee680cd,Ann,Abierto,2180bb85-ba80-4205-814e-3e807872ee98
42f4ed35-322a-417f-aa77-6aff2210a70b,Fanny,Abierto,30839fe3-a538-4524-a977-0bbf9120dec8
0022b3ba-4fd6-4c00-b764-154c3401c8b5,Shandy,Abierto,5c4d3228-46f8-4b9d-93e0-170600b140f7
1deb51b5-b3d2-47f2-864a-5d16a205a274,Rosalinda,Cerrado,6ac8d050-4c44-4baf-9433-95e7323c2745
58100506-4708-4166-b1fd-87b0a507076c,Taylor,Cerrado,e7f2f9ce-4372-431b-b7dd-a202c8dccc79
c1f80c36-d4e6-4b8d-a797-51d6f0a9de30,Karoline,Cerrado,59ced85f-6b3b-46fe-b979-99c1a7e894f3
db08a35a-12dc-4610-b51e-183b9f018db4,Tanny,Cerrado,fd5cc7df-50a8-441b-8a39-27750896c961
1047920b-b1c2-45f0-91d3-b6a46d273e5e,Mervin,Cerrado,5dfd6d98-80e2-43d7-906b-305884ba621d
6e0e62a1-62b8-4975-9e02-63306ad79be3,Jacquelin,Abierto,0e4e3e9e-48a4-437b-9050-b701d42b691e
cb703ca0-3657-4efe-b068-a840d9baef4d,Raeann,Abierto,3f527245-a909-481b-8722-46433580925e
f5c94614-9624-41bf-b278-54726bba20ae,Jammal,Cerrado,727fed39-3ac3-43e3-a30c-94a249dd4fc1
bc39fdb3-4937-4650-ab35-b1c766af30fe,Julieta,Cerrado,4836603a-c2e8-44ca-a321-7d624e5b580e
fda196ce-fb87-4891-89b0-340573527e4c,Noble,Abierto,37f2d629-73aa-4c8a-bfe9-a3ad89b0d4c8
62989729-5274-4833-b36d-f06e1d176b03,Callie,Cerrado,94499327-b630-4b20-b998-ecf3d04fe6e5
520aa804-bc8e-4a11-a941-697b0cb0c504,Korney,Abierto,b317e836-5c90-4351-8634-39b6ceb42451
8e63ef15-169c-4e50-8f2c-3d29e3385296,Marylynne,Cerrado,c31a4857-89bc-4389-a46f-81af31911b19
a1a8d213-3363-485d-a592-68c3dc227cd4,Koren,Abierto,3f3d9ab4-3a67-4b42-8fce-1cb8f01a9658
0c4e0c98-6afd-4293-b3a8-b562e99b09cc,Theadora,Cerrado,5c80ee30-0e9a-4571-9e70-2cf4ca6da593
cea5c08e-188b-491d-84ff-d482de5a668c,Nevil,Cerrado,cd5f40a6-a7e5-4d0c-88ec-41df87ab0d6e
529b392e-a282-4180-994a-5cd5924e94aa,Shela,Cerrado,dd59e253-adb6-4880-a2cd-e03beb720af1
897baad8-3bd1-489c-baa2-e1c361f10e55,Burt,Cerrado,92e5d31b-8a4c-4824-bfed-0534ceecab0a
36cd25aa-5f87-4842-8100-01536cb205f4,Beryl,Abierto,10ad5ae0-2716-4619-9998-d96375ead48a
ece3e704-c42d-4012-afa5-34fe7f21ed70,Willamina,Abierto,51843672-233f-48e0-9dca-9c85e7df36e5
67fed84d-74ee-4bad-aa33-918f911322a1,Gabriell,Cerrado,b95c4599-3602-4d36-b382-6c9a45179660
8579f77b-f710-4a0d-9cdd-7b81fe9b555f,Darbee,Cerrado,67ba0f1b-40d6-4625-98da-debda6e51f2c
9ee41510-c688-4b36-9f6a-0841c428db95,Teriann,Cerrado,fa9760b2-9ef9-4419-9a76-72406d4448d2
3555600a-a458-4bb0-9688-f01148b8f930,Richy,Cerrado,b43463db-051d-4090-93df-f0d5d7beca91
785836d8-c31e-4418-af25-c6afb6d70011,Leland,Cerrado,a04f3594-5178-4f85-a869-f0d7e4b9bcb4
ba1b18d2-e6a8-427a-acfa-0ace651ee1f4,Vite,Abierto,510b7fe8-5edf-4da3-abfa-ded5d78b12fb
589ce15d-a2d1-41de-a5c9-cd02388493fb,Marlo,Cerrado,05df29fb-d4dd-4c18-8880-0b1afa52d935
1f41dc41-783d-4b58-a96b-180f6cc4a6bf,Zebulon,Cerrado,b81570f6-5298-42b4-a0cd-c02e45664c7c
d6378e16-bca4-4847-8ce2-75bd442c305c,Tonye,Abierto,c18bd4be-6cc8-4953-9d3a-db1f5766348d
0f610e55-f480-4d3e-8bca-b857230fa194,Alidia,Abierto,291994db-0e4e-46e2-a20e-2295e69eb271
31a3a7ae-570a-44e0-9ab1-074625e4ef29,Margalit,Cerrado,714a668e-adcb-4430-b758-2a96b31a0044
250265c6-d55c-4476-8687-013df549c1eb,Marleen,Cerrado,bf4692db-2c1c-4107-bd68-21bfad9e6abc
3454d7ec-34ef-48b9-95a3-bfdc777dd85f,Donelle,Cerrado,313478be-18a8-4d8a-b273-850b3fe66f68
6fd7c58d-5074-4c74-8540-de8df8026e81,Layla,Cerrado,c64f45d6-3db1-418f-80aa-3f34288af4ec
89949ab7-aecf-4976-9f28-5ad8fc288c1b,Friedrick,Abierto,9b03ad36-0c26-4fc5-8655-1012ea5071f1
384b46fd-af8c-487e-ba0c-6afcf5f1d422,Dayle,Cerrado,da07ba27-e907-4f75-ab0d-bcc9ebf32e75
07b3b8bc-6c83-43b0-9363-c7f1fc36d3ee,Rachelle,Cerrado,705b3325-cc3b-4948-9159-205291e1f1e4
7f28ad94-2c9d-4b37-bdd9-1ec26fd43324,Dotti,Cerrado,91172083-6a78-4056-abe9-41e314a6664b
59eb649f-cc30-4a75-b9e1-2f1cd9fbbc8d,Earlie,Cerrado,600f5afc-6bac-4e13-9ed3-62a58cd5d124
2c29fc7f-0430-4e93-825b-c0aec4e54d95,Jonah,Cerrado,05fa5646-6158-4bb2-8e71-a95cae5e8ae6
7cb1b4f5-e069-4808-90f9-674d2cde9c26,Billi,Abierto,d21a55c2-05ed-4ef3-a418-9f9f4967aacd
4a96b165-67b5-435f-bd69-33663bcaceb2,Tessy,Cerrado,cf65e428-c1aa-41db-bf08-bd298cfe4a3f
39ac5ff2-6aaa-405c-8f04-b645b453c87c,Micheil,Abierto,3fe1b258-a443-4c64-b1e8-b9113eb1f0c5
29ba44ce-7ce7-45b4-bd0d-a9a60aec9f18,Nicola,Abierto,adba20ab-a360-44a6-9d7a-e5cb7dc23481
45784937-19f5-45a9-ae3d-f91e220a7701,Leopold,Abierto,c0edc195-f290-495e-b8bf-3c8d0aca9ea3
3e4a4120-824b-44e3-a1b5-74d1b87fb09f,Eb,Abierto,c3efad18-82a4-44db-a9d5-2d2b863fc8b6
cbe6bc64-d108-4d80-9719-d95b99bb1120,Vassily,Cerrado,b9773de6-5e6e-4d5e-b420-2bb7b2ab94b4
54bd7006-5208-4138-9e54-da4a589d4b42,Bren,Abierto,a9bddbd6-85dc-4dad-9f4d-efc98eaa6a66
813a8771-8ccd-4c99-92d2-75a86cfd08f1,Sergeant,Abierto,12b8e883-d0a5-45de-8fb2-7cd4504139e0
34a071b0-2a32-4d70-99f5-38eaca4cd37d,Samaria,Cerrado,a24f3b36-27cb-4e45-8c7c-89e2c89822ee
97e363f5-3ece-44a3-90d0-16b98b86b107,Sophia,Abierto,12edc09b-20b6-4663-b2cf-1ce2ebea0120
b6233bad-77b5-4598-a571-6f5f8720e407,Rhoda,Cerrado,6be4592c-1541-4976-8fdb-b4c39c7e8258
14ae5ab9-ee2c-45db-bd64-5f33f44ae768,Carmencita,Cerrado,43e7d9b2-05e3-4142-9e0b-e01ae0029b6e
6fcbe76c-a5a0-4d58-9ff2-0faa518c79aa,Jeremiah,Abierto,e0c9124e-84ef-4f5f-a551-9331d8340e7a
494bbed1-2dea-4a59-935c-85f54ce44e13,Tripp,Cerrado,27016bfe-4a31-432a-81ab-e99b71175c62
ceafd938-b7d6-44f0-9e88-d72497efedaa,Cristi,Abierto,5efbad9f-00e4-4abb-ac98-dc7854f9eba7
dc085155-807a-4e1a-9efe-8a8bb59c1ca5,Konstantine,Cerrado,a3651e0c-f57e-4307-8b3e-1a4cecc672ae
11c361db-9308-408a-afbb-a63fd06297c5,Miller,Cerrado,177fde2f-e6cb-4b8a-8a55-2fba85964779
a9293b58-47da-4e63-8ed3-6f41d361a2c9,Lin,Abierto,c22c32a1-15b5-46b9-8e2b-f095ec9d7e28
5ffda30e-1216-4cd4-9642-8cc17024770c,Cordy,Abierto,206394e0-0d8b-415a-b71c-b0e2d37cf37c
4d303744-4c55-4f66-95ab-3f74d63889e1,Brucie,Abierto,fb40a253-e942-4ce1-873c-52f33a5209c5
53b0d0cc-5a54-4582-9896-107d2aac491c,Bobbi,Cerrado,6372ad61-3067-4073-bf44-f711154291e6
7ad3acff-6647-4195-85d9-a4c212af6398,Melli,Cerrado,6e64d07d-421d-430d-a71b-922507e4d6b5
30c26e2c-ef18-479f-bfba-205f86ac3112,Haily,Abierto,f9740ecd-3d25-4c2c-8d05-32057e35b644
3c83821b-f689-428b-8147-5f4b27000fca,Lyndsey,Abierto,ed25fdbe-f54f-456a-9cdb-513670dcbfc0
56514ba9-fd77-4c38-9b29-674384f6eff4,Abel,Cerrado,fe5187fe-8dd3-4eeb-99ec-b556f2135bfc
45c2e0d0-c553-4537-83dd-bfdd0c93ff36,Isidoro,Cerrado,3dcf55e6-6bc4-4514-a678-3ceb25c60c19
1b7824b4-7272-4218-a335-3a825fea84bc,Donica,Cerrado,8a5665e6-296b-4037-b16b-2bf9a45d990b
6690bfd5-21c4-47c8-bc85-bdba9db27879,Maddy,Abierto,ad706044-ef53-472e-96c5-ea068875f984
526105b6-aaa9-4e9a-a31c-aa7cd878b663,Tiler,Abierto,c996f954-08df-43f0-b349-116de2e2be51
69cafd6f-1a1b-4a50-b515-97be4e3315d9,Marley,Cerrado,2db61c65-4d30-4482-aa5e-59324bce0c37
50ef5086-dc32-47dd-8180-897e36e99444,Uta,Cerrado,d6d4d6ce-59a6-48f3-8d57-4d7d4678fa44
13decad8-3387-4018-8466-27b5ef3bb6ba,Norry,Abierto,82d7de2c-f4b0-42b4-bd53-82d2d423fa2f
d0186df7-9cc0-4cb6-8bff-c507ebe8f88d,Velma,Abierto,c8b49021-a6e1-442c-b092-39952745a5a5
506726b7-8c9b-4fa1-8c2c-6249bda9f3d0,Robinson,Cerrado,3c596a56-36b7-4991-b349-8415459273b7
88fe311a-d958-4384-a55e-4735582c41a6,Ebenezer,Abierto,b60bc688-a9db-4a8c-8491-9bd3cc2418b7
ec15d9f3-ccdb-46d6-ae77-74ac9578551c,Lanny,Cerrado,aa4a095e-e3b9-4ae8-8a3e-c8d838436493
40f79f5a-1509-4ea5-afe2-a14ff4e0c7b9,Perkin,Abierto,57acfbdb-ad2d-437b-a1d8-b3c55020d5a2
9b0d83fe-3416-487f-be21-823b1dd4f791,Olivero,Cerrado,caece329-df10-467d-8ee3-adac1339b29d
e92c79ba-2b11-44c6-a377-5a9b646167fd,Karlotte,Abierto,cbe44ef1-7459-4333-af48-526c54f76d21
55c74978-3ac9-4fb2-9acc-d01747d3a50b,Drusy,Cerrado,d33305a6-fe2b-47f2-9a09-982907289682
cbcd2910-1657-4408-8170-1a47f53506eb,Jewelle,Abierto,0db86ef9-3907-48f6-b876-6c9f2aea22c8
db7ef28c-549b-461d-a449-a63974d43ba8,Sherie,Abierto,63eeabab-2fca-4d27-9d85-982dacaee848
c0784436-bf24-4724-ab7c-feb480fff5e4,Guinevere,Cerrado,48bede83-0b73-45e9-8fa3-a7b89569e0b3
95cbe98b-9e83-43f6-b160-e4bcac5bb478,Devland,Cerrado,0b2cd791-beb1-404e-8f99-3cba93da96c7
3bcf1e9c-92f5-4d6b-b93f-f56dc98bce36,Damaris,Cerrado,ec275a44-9aef-438e-a868-e8cd29d5b57e
334e2c07-a52a-4d9c-81c5-0633566811e1,Marylou,Cerrado,05d9585d-8497-42d0-b4eb-c3119f3185e6
c1123423-0a31-4668-a453-5f965b042333,Cob,Cerrado,3416f187-03a8-424d-a8c0-4be30d9ccbb4
0357793d-f561-47a7-b2e6-d3fb3f050bfd,Gran,Cerrado,634d88a8-b98b-4df9-839f-3ada25e0ceae
ccecf55f-e5f7-45c4-a8cc-1f5650c2990f,Teodorico,Abierto,1cc7cf23-afdc-480b-bfdb-4989a47edeac
0877af1f-5031-4832-ba78-41dcac5f7c52,Niel,Abierto,3bfbd2b4-5373-4cba-a9e1-f1b9e8bdce28
60c46c75-c27c-43fa-a1de-91b8f4aa0375,Keeley,Cerrado,82232e5e-ef3f-40a3-a436-8b06a5a38478
6c98ab0e-d363-4ee5-8fde-19d135341ba5,Papageno,Cerrado,448ca312-75d4-44d8-bc56-2a02f3b7e9cc
18631632-ac5e-4781-8007-3a7adb8fe64d,Elfrieda,Abierto,ecb98db3-bfe8-4487-ab9e-711c26aa6c50
4adabc3c-1902-4c84-86e6-524627c0e434,Christye,Abierto,ec9c3c16-8de2-41f5-a1b1-cb422ffc20e4
c6297590-beab-4f22-9bf1-05ca9459c7fb,Matthieu,Abierto,f0d62f42-2c7d-4a27-a61c-d0376e00e7f4
777890da-e24f-4229-af30-ba38180b648c,Caitrin,Abierto,440eeeef-8461-419d-9808-4d5ef71bb103
4b53a604-3a89-4587-97eb-88fd4369e259,Michaela,Abierto,96de872a-0c99-4729-9a2f-a80902629ef8
738aea1f-d107-4d4d-b717-c33faa350481,Murielle,Cerrado,c7c8b055-61cc-4137-a3cb-655821d9cd59
7b2c9b98-c854-41b9-9717-b6a0fb2cf6fc,Tracy,Abierto,2ba06684-0393-457b-9296-6abb8769f33d
755889e7-c9b7-42d5-bd6d-75fe559b81d0,Hurleigh,Abierto,8e7c2154-5d14-43c0-a720-fd21cef6c4af
c3d6f50b-7a64-4990-9c44-b278908c13af,Hertha,Abierto,8dac039f-d578-41db-8ddb-be3f666fb9b3
00cbdf84-39bc-4c45-b3bb-5e9b26834246,Rosemary,Cerrado,0cb3a95f-4f30-49e6-8b63-48fc766b2653
8d21781b-5aae-4464-adcb-75effa065391,Kathryne,Abierto,67928bff-f854-4773-be40-360dbc6a0419
6f0a7637-137d-473b-9736-6bf5f690a7bf,Jenni,Cerrado,a92e0680-8773-4e07-80f6-2e6c3cfcd28e
9c501daa-815b-4205-9fcf-c59a571dc3af,Ely,Abierto,36b2efd3-3ac1-49c5-abdd-b0c201f0d178
878da05d-50b7-4445-97d2-e2e48854aee5,Shelly,Abierto,1225a354-473b-4455-b621-6a5278d1e6dc
ad4255f8-c805-499d-98c9-554391b23ddf,Marnia,Abierto,b5d87969-5a89-4f4a-af1b-08af57c6b6b1
ffb8b390-25ce-4ea8-a251-133cd1bb5803,Perla,Cerrado,d1c34a4f-02b1-4edc-8a48-299dc62605bf
464aee90-c78c-40cc-b58c-4527e3cf8662,Carissa,Cerrado,8db50b8f-7c6e-4ccc-9174-d8485a71b66a
1a93bf64-3463-4a09-92e4-08db42b266cc,Maurita,Cerrado,24c44690-aabd-4f85-9f18-de07084d59c0
c6b96d20-7ca6-46e4-934b-7b5b6fb23d69,Shari,Abierto,865c5f2e-c0b7-44b6-8142-8ff3f5f4307b
17800894-91d3-4d1e-8522-ecd28e20198f,Arv,Cerrado,7018fae8-c510-48fb-8146-6b12227ef92b
56c43e7d-51fd-4350-a4d0-bdb4959ba5fd,Lilly,Abierto,f34660c5-cf19-4cb9-b4a1-0aa89b3ed40f
539cc911-948e-4891-b9e8-74c8d085d548,Grantley,Cerrado,b31b8cc9-2247-4bf8-81b3-29af3733d60c
c18ce1d7-cc48-4bc4-a0ec-d7a7dc149e72,Modestine,Abierto,c5df2907-72a5-4f0f-b6cd-f3b6136c45f9
8efce8bc-29dc-4ef2-aee0-0ff431fa2d44,Bianca,Cerrado,8abc337e-4813-4898-8729-546c224e0797
b15eb621-da95-4112-9b68-65122427096a,Kissiah,Abierto,b0f8ebf6-92dd-4047-a3d7-e9ff714b54ec
816edcca-63df-4612-ae19-d7f6fb98224d,Langston,Cerrado,324a72b1-f72a-40e7-9802-359ee6c90d13
62d396ca-265c-4a9a-be02-2b56b2d94e55,Fons,Cerrado,2e77fa83-379d-4e5d-a6c8-9091076512ae
051426a2-71f3-4025-8454-7da56f7a3238,Kesley,Cerrado,2af380ed-ecb8-4972-959d-150c8edd8d50
8619379c-6ad5-4bd1-b58c-758fd71114a6,Lacy,Abierto,eef974f8-1120-4661-a715-9e312cb6e268
da3b0b75-5d50-4dff-a264-a1c448f3c444,Evin,Cerrado,9c98bf05-61a5-4d69-a667-c6d5b208171a
4e194fc1-8b14-44b6-9c38-87ad42b5696a,Ashlan,Abierto,8c8ac19a-fd91-4b57-89b5-593b492fa7d7
6d910d2b-c439-4c75-87f2-57a4b841319b,Ellette,Cerrado,5a41d460-6f77-49c8-b68b-b687870ad959
46bea385-22bb-4add-96bf-c48600380a07,Talyah,Cerrado,890ee548-d058-486d-99ea-0124dacc5354
fd8723e8-a9a9-414b-b4cd-bf623f713cb6,Jenn,Abierto,da6dc2bc-c9e3-4b81-bb1d-6edce62440a3
8fbdba2f-1d3b-4b79-baf1-25b61c318158,Aland,Abierto,afacd87d-9dfc-4d7e-b899-c1838460744d
e9964a0a-38ab-4efe-b5ac-5e516c07dcd9,Yoshi,Abierto,21905fa8-6649-4993-a064-d91bbca060cc
e3e20e20-a803-4066-b377-0c98b90118eb,Al,Cerrado,16950dd9-e346-45cc-a31a-1b3b6267416a
742f7569-457a-4a4b-a05a-057c390c9ad2,Reta,Abierto,6d881ae6-3a3c-42ae-a0c1-1478f4fff318
9bd4f4f4-1812-4f77-afde-a843b9d99c8b,Betteann,Cerrado,007c8a71-fe39-4d85-9f5b-c07d7767d2f4
15173768-b58f-4e2b-ac3b-729caf7993af,Augusta,Cerrado,278867ef-355c-4f75-92c0-97ad9741e0fd
76ddc7b9-ab57-40cb-8ab3-4908bd4792d7,Tara,Cerrado,653eab7f-92ab-49df-9797-601af8bd3a47
fc4c6789-c534-4da2-99d1-00dc8d7f7690,Frasco,Cerrado,3c53f0b0-2cbc-48fd-8d6a-d5eace27bd1d
950b7375-b7f4-4634-b277-609d2aefe51b,Estevan,Cerrado,b9a64c10-a380-4e53-9043-c5babbafe753
3039265e-1a38-4f17-a631-603715ade266,Kiri,Abierto,bd1c2f31-51f0-4121-8635-72f8e0c28d77
fc3ca9d0-b5e0-4560-9207-98fa699b389e,Nelle,Abierto,dc177539-e88d-4025-8325-82b97255a407
4c330a15-3e04-499c-b3cc-84083f4c0309,Francklyn,Cerrado,09bafc06-2246-42ac-8968-4e254022e8ce
5dcd5090-3ce4-48ef-9cfd-d5e67c47197e,Ferd,Abierto,8d44650a-f85e-46fb-935a-0df38ca0c1ad
bae9c10f-c643-47ac-8ce3-83dff9347345,Tybalt,Abierto,e3527907-4d3e-4896-bf59-ad520fc90b63
07e7a3d9-7522-430d-8ee9-0f5b04f3f637,Filide,Cerrado,db52f072-5817-457c-b891-f709596873cb
5e479bd9-7ef8-470b-b2d2-938580d8f257,Carmen,Cerrado,4bfba83f-2ac1-4f0a-b146-bb0819efedfc
2b3c82e8-9a3d-4d38-8a24-0473411a7410,Lammond,Cerrado,aa168c31-94a0-4cba-8dfb-06c9c89e89c9
874f99d4-a257-40f8-a299-456c0c0d7724,Shandeigh,Abierto,500d66a3-1001-40a1-97be-75cdbc3fcb88
db411292-cdfe-46cc-a8a3-9e0dd97d1edc,Gabriel,Cerrado,37382978-54d7-4adf-b591-c0b471e5b11a
5cfa4e82-2c41-4698-9ec0-5f56849f32c8,Myca,Cerrado,11e056c1-9b34-412b-b457-758097e3e2e2
d77180dc-c5d5-4a32-b140-e2916ba2c949,Muhammad,Cerrado,6e4905e4-8512-437c-b739-9039c1dfacdf
64cdf2aa-c73b-44e2-a29b-ce3b8ecd6533,Floyd,Cerrado,49b1ead5-9eea-4ec4-b81e-0449ef3cfdf1
a293e979-0bb0-4ae2-b358-5b57ae73078b,Alexi,Abierto,727ae666-c4dc-424a-b1b1-669b1e2319c6
efbdccfd-8923-4c77-8f46-4ca0e8fe9252,Padriac,Cerrado,5e099d05-75a7-4304-a23f-59d33cde0be6
cfd61fb6-a4f0-462b-8230-69f1d5ccd43e,Launce,Abierto,7317ed8e-5f12-44da-9c7d-c06bf59db6a9
e1123b80-ede5-4d89-952c-e2a36dce8070,Agace,Cerrado,6b182867-7963-4a4e-81f8-a561a71228b7
d1f5f81c-53b4-4638-9d4b-e4fc81fb93a1,Hussein,Abierto,62092719-0cb2-48b4-a5aa-e9b525849ffd
a2f1bb00-b025-4fed-b306-7f286c4b91f0,Emmy,Abierto,c1fceb8b-582f-460f-b131-6646aa578f9b
39743352-b3e2-4969-b78d-e7e6616a2e59,Lanny,Cerrado,3b4be5d8-6b6c-496b-9de4-a5d2ee29865b
ef29bfa2-a258-4a4e-8b16-6adb12ff19c5,Juanita,Abierto,7c91efa3-34d9-4923-aad9-ed039108c8cf
8c38a77e-73d8-4725-9ff7-2be486aff8f5,Andy,Cerrado,c8c6a05e-bc60-4ae4-a4ce-3e69ecc3f17d
f3a36056-955f-4847-b55e-eddc95ed3fc7,Ursa,Abierto,7ebc46ee-4b66-4218-90aa-af4d7939cdba
36b38ef5-9f17-40d5-8c81-bdbe90459ea4,Mariquilla,Cerrado,cae0e597-4990-4217-914a-c63793fc3a98
00938328-7715-4a49-971f-6867b3276c3c,Nikolaus,Abierto,851b2aee-dd16-4453-94be-aab338e25a4c
f8663624-2d43-436c-b11a-6571a552d764,Ruthe,Cerrado,436688b9-af22-43c0-ae29-167ea865077a
15232e7b-5497-4558-b595-6e1d5bdc4d2e,Ashley,Cerrado,2748bc26-04b5-4ec4-b9d6-855762f8aa17
f9c9e5f8-f8bf-41d5-8108-9c9f23589b76,Angus,Abierto,435664e0-2064-4940-8edf-b9e41d1fc8fb
4ca1d706-f444-4876-a16f-d618b9d63637,Portia,Cerrado,46676c0b-03bd-494c-a45c-49e53db387ae
f65e09f4-7d27-4d8e-a7cf-5a2219039b30,Latisha,Cerrado,6f64954e-4976-4945-b0d4-4bcf94c93e1e
c7bb7cd0-d654-4763-897e-dcfa03079d54,Nydia,Abierto,165ac1dc-37e5-4330-828a-4c7e5ff238ed
4c49209a-69b6-491f-9200-f966fa41ff0a,Portie,Abierto,58423492-c317-49d7-a52a-46022f5b9e7f
0b0fd204-f0e8-4312-86d0-957ba63c8c3e,Hilly,Abierto,bfd54d40-c9db-4d9b-aee6-c16091bd0e96
7f34377f-4fe5-4001-b3ff-570b0029d8d0,Fulton,Cerrado,74f9bc60-63cb-4d02-85b9-40e415196f0a
51b66187-4023-4c70-b7b3-b58b81935f3b,Rubi,Abierto,17e9fc5e-f769-4110-9cda-0a66c4b1ff80
61484577-b92e-48e5-a2bd-313bf035f09a,Nonie,Abierto,0dee7478-5e76-4b1b-b9af-d04d3ff799a3
b2e9faf8-8429-4a3c-b33f-1d456a52bae5,Caralie,Abierto,21f14564-192c-4fcd-9f98-1442827a8d5f
8654eabe-2a6a-43d2-8aea-c3123d7d0c4f,Ethelyn,Abierto,ba76f20e-35e3-4c96-a1d5-d414cb4852b1
3954278f-22a1-4aa5-95d4-542730133ed9,Piggy,Abierto,3b2351c7-9906-4f7a-8c4e-2409af6f27c6
8d4d85eb-a2ea-4103-b26c-7098e23ee84b,Cathi,Abierto,7b6861dc-1a89-4257-be95-56c8371b409f
1b9c1ca3-5977-411a-ab65-ab25995820d3,Walsh,Cerrado,4678aad1-6b2e-4af6-9fbe-9c58ac505ea5
ed7acf7d-92cd-4902-8588-678b0a4310cf,Doti,Cerrado,cd1fa5c2-5098-4ce4-b548-1bd3977af435
120a6151-3810-49f8-a2ec-22179a90a01f,Alissa,Abierto,8f60b09e-cb02-4c12-a306-a1a52fedbac3
bd08636d-6527-44d5-9f82-36248fa999c8,Taddeusz,Cerrado,c6c08e16-544a-4890-822f-0d667517b76d
fa1e3ce7-46d6-4ade-afa7-7173c990f055,Jodee,Abierto,1b3553e0-b639-4c06-bcae-edb313481250
dac4f0b4-0fe2-477e-8c82-b2cfe1b64d01,Constancia,Cerrado,d2a1f985-7368-49e3-9c6d-7cbe794ff9c2
848e534b-4c02-4205-9a26-d197ea8dc5e3,Jaimie,Abierto,edd1c826-d41f-45bb-9c7f-87de9d2218b4
7da1cc43-f3b3-4b7d-a61d-3d297834fce8,Vale,Abierto,311e0c97-7636-463b-a3ef-0710639fc033
367edc2d-1f1a-4ff7-b595-44119f55ee24,Kerianne,Abierto,86d1ffbe-a7d5-4439-87fa-a56325a7c25e
e7c65516-d440-4b35-b1c9-28e3bcaa467c,Cecelia,Cerrado,44581178-ca5c-41d8-a89b-d2fbfc12faaf
17f31199-49f6-458b-a34d-a8aef8d2bdba,Winn,Abierto,3de4e58d-dec6-429f-b9cd-84e28cdcd6d3
020b1e6d-cda1-4b84-a0cd-ce7649982dd4,Lorain,Cerrado,17a37f2a-358f-48e6-abdf-e789f7ce75b2
e8cfc40d-a1e7-4917-9379-2e6c18f27d1b,Dare,Abierto,3119e810-0a37-4e6c-9a08-d0ee4e923fa6
86c023ff-3007-4df9-b4b6-75490f1aed75,Gradey,Cerrado,15ee3a67-e087-4c75-8097-94be8a96dd12
0bbc6d17-d6f1-413c-979c-c07121470590,Germaine,Abierto,4a900e20-1a67-4bc7-ac4e-0dde0aae434a
5d9b5545-5807-47b8-90c2-b0b83257ea21,Chaddie,Abierto,6bbfc649-3ccb-4f31-92e8-d3f31b5b9fd4
1ce356bf-1a35-44d3-bd71-4af3541695a8,Erma,Abierto,bc0a5116-5f9e-4df2-8cf8-10cfb18d0631
a3a3decd-090d-4065-985e-04bd1b2ed082,Gregor,Abierto,eb5a3e71-9c75-4319-b905-f7b68ba6fec2
d43c5091-0149-4215-a1fb-004e446a4c86,Phaidra,Cerrado,475cce14-b4c3-43b1-9c71-77681b1a24c1
01a84723-a496-4f88-8afe-40dc156f8ed3,Micheline,Abierto,f9904a18-ee09-40b9-b4df-1d30ff13d6be
294aa21c-df3f-409a-ae89-667229050d8e,Vito,Abierto,49f85af8-ad5f-45d1-a84b-bee3d577741e
574d90eb-d8b7-403e-90fc-a2193f791158,Leroi,Abierto,b1d38593-c964-4021-9fca-ba3713bc4994
94e9903e-65b9-4663-905d-5eb510218999,Katina,Cerrado,4fcc0566-9eb2-44ff-984b-43f1c67eaf9a
725f7051-0e08-46a8-a501-5ac68253419b,Robby,Cerrado,4d46ba2d-28db-4d89-b226-32957a99beba
2ebf9568-11d4-40e9-bb2b-0154f05281f9,Merna,Abierto,9ef898de-9ae8-4e25-a129-84220ba97561
a0a6ba8a-f088-4e93-bab1-54938e0f1912,Karl,Abierto,6fc4cf45-d496-4cd6-a6b1-3a9dd4bd2bdb
abdeed50-c3de-402e-8a63-2cae3ed34e96,Dougie,Cerrado,662b2a61-e084-429b-9150-5a21321182ac
748867e5-fab6-4599-9183-12ea967a2286,Codie,Abierto,1eac8110-effa-4cce-9bbf-a7b3c1c73502
b4371d5a-ecbf-4605-a6e9-329a70b7a440,Clarie,Cerrado,276e024c-1ddf-43d7-8ff8-001e6dac7f17
9a0c0ffa-8baa-4f94-b4b1-0f855f6f0707,Sergio,Cerrado,cfc2d875-799c-4c28-a423-8f12eac38033
6e008793-551f-4c6c-a63f-1ad5b81c82ad,Ham,Cerrado,ef2e6f77-e217-4fa5-a9cb-258b81f01f39
12074258-1c5a-42c1-9a43-8b1e5a359224,Henriette,Abierto,c7e2c9a1-adf1-4b84-9b5e-a977fb5afd9b
1f6ed3ac-88d4-4228-a2f3-b1ee364b9c19,Maddalena,Abierto,d47f12f2-60fc-4781-9dd8-c5b4ef2480c6
eb65c1b5-65fa-4a0f-a949-42a49b435fcd,Llywellyn,Cerrado,96703601-38a9-4092-8423-730c70784678
8ad73172-600a-4230-82f4-6abf503c2ce0,Jolee,Abierto,c0844c90-4af1-4965-a9a0-64ab8e2e86ca
c654dee1-a985-45fe-80f8-a9fc3fa0e4ae,Eugenie,Cerrado,163e8c4c-501c-4315-b6a5-ed19e5a8cf07
cb4a19d7-adbe-4bcf-8661-2f05626bbaad,Beniamino,Abierto,6b92aaac-d446-4c9c-956d-950f00ac5c1c
ea508886-22b6-4ebc-bba5-d67d139aea31,Bud,Cerrado,5e7515f0-f5aa-4629-bb3f-4e96ecac8e3d
cd6b0c47-e403-4ccd-bd7a-3a6fbf1bd4ae,Richie,Cerrado,a808dac6-fa1c-4c40-a793-6cc419228744
01748a95-d346-483b-8aa2-7cdf6913897c,Che,Abierto,90e604e1-52a9-40d3-a088-023b02f4fe5e
97d73425-f689-4e0c-8809-4f9ef9bb00fa,Britt,Cerrado,b58c8a2d-85b3-496e-996a-7c17996865d0
b6bd418e-e05c-43be-9a0f-93e744fb4c7e,Tandie,Abierto,f97f7625-56ea-49e6-82ab-d7b2c1b8fd66
ace19c60-a852-4968-a25d-c50fe0ca0cf0,Winnie,Abierto,c2a04205-88cb-40fe-9d39-e00aa09e3618
4150850e-546d-471e-91ec-07943be39ea7,Ben,Cerrado,5d19c161-0fa7-4299-b78a-3e4e5cc080a0
563f40a0-470c-4780-a144-ec083de475ec,Wildon,Abierto,c443e3eb-e979-4502-b19b-6ac4ad4be8d7
54fec84e-0063-4849-a328-6206849302f3,Pierette,Abierto,d64f7b14-97d3-4313-93d8-bd242fbc2c91
28771061-a0d5-4d33-8fde-c954b961d3f0,Nanete,Abierto,814a557d-bb3e-43e1-9676-2026a982a373
88e5b662-931b-43cf-b83b-e17e52277cc4,Sula,Abierto,182cf106-8e12-4b27-9ac7-35abb023e08a
56c113c3-0266-4d33-aaf9-ee222b8322b6,Wendie,Abierto,7de76549-118b-4431-b1ee-01c18f9ec50a
103750bb-7ba2-42cd-b408-03218d1c2862,Malissa,Abierto,a9f8583c-263e-40b6-b3b6-3ca9f157f428
1a050901-0657-4ac8-9ab5-721b0e635ebb,Billie,Cerrado,757c399a-432c-4edc-b5d8-fa26d7d12655
fefb55a0-7aab-4934-8170-6940032c4066,Arabella,Abierto,7463ec9f-8bed-4144-ab63-643458f75bbd
7c621d98-06e9-4cfc-bc75-c43a5b22168a,Dennis,Cerrado,315090a8-d790-4942-acfc-5dbd9e1ecafa
1b6ed366-86ad-4250-8087-e7ac6b51f252,Yulma,Cerrado,7a8db2c0-0d51-4ac1-9bf5-170db4e68ac4
33edfd08-e958-4c27-a90c-fff0eb0ddb9d,Seamus,Abierto,ab4981a4-a17d-4bc5-850a-a80ba14a32bb
dbdcc854-adc7-4c13-9f75-f071b55b8eb3,Marnia,Cerrado,79ef230f-eb42-44d7-8d9f-6af92b688158
0fb528d7-d474-4460-a44b-d5631213235b,Ichabod,Abierto,b85d2c5f-c6ca-435f-8efc-38dfa8e1717c
27aa4516-5485-4009-8a2c-0cc59bdbbbc0,Philis,Cerrado,0f1bcc92-3caf-4edb-b0df-e7323e4dd10e
485d2bd7-8e44-47d4-82fb-e2285d2926a9,Othello,Cerrado,3c7c724a-61cc-4817-93cc-2b2cafa38c14
57e5acff-581b-4c7d-bf95-b735bac040c0,Annalise,Cerrado,85aa76f1-2b36-454c-ba18-6e7996d077fe
c289634d-833c-4e5a-854e-1f892266e1f6,Addy,Cerrado,55e76d57-8a15-45ca-8b77-96130d566a13
a117fcd0-1c0b-47f7-ac7c-5d64cf616179,Derrik,Cerrado,61b4b233-e64f-440d-8e3d-0da7559e7fa4
96ddccc6-a63b-43e5-8891-6d44695e95f5,Dickie,Abierto,41b449bd-93d8-427d-aee3-d149512edafa
1f36b547-ec40-47c8-841c-9162e2ad5174,Sharline,Cerrado,a2f74fb5-e91e-44a7-a013-fcb17e718483
6e835eff-5bc2-46ca-a754-f61a9c555513,Carolee,Abierto,9e18a84f-811b-4d5e-9909-68f966876c77
d97d7f53-f71c-4efd-a86e-f523c3d80bce,Robers,Abierto,930ccaa7-fb2e-48bd-a2c2-e2c4ab53b2c8
6c67a5af-ec30-4f19-8235-36b1ff9ba778,Lamond,Cerrado,9f058455-a53d-4cef-8fdf-e0aa7167b892
a761161f-51df-40b4-9e6c-1878c1859ef1,Halimeda,Cerrado,9d51cc9d-84a8-4fcb-9c1b-15024b07f1ba
ad579101-9f9b-4a0f-8c96-72729a4a9514,Bea,Abierto,afeb9966-1275-42e5-a568-6b1adfe859cf
9394d4e6-f050-4c15-bbeb-9b7919d6e03b,Dorella,Cerrado,84f55682-7797-4dad-9ed2-5578828cc24d
a15682f4-6462-439f-8e4a-693065860158,Calhoun,Cerrado,53af59d1-ae28-42cf-96aa-046336337c70
8ad75cf7-cabf-4031-9629-2065609a8ff1,Rubin,Cerrado,dd26be7f-5e3f-4b6a-b79c-5fc5dbf06c14
fd522213-89d9-497b-bbe3-c895cbe8d1e7,Candie,Cerrado,58164014-a8d3-40bb-8ca2-9e49a3c8c47c
ac9b2754-381a-4a41-9be6-1758a8a8cf3a,Mohammed,Cerrado,414705eb-a3b6-489c-ab4a-886e3b9a0072
16817224-45ea-44df-8810-2f97245b7c5b,Liana,Cerrado,5bcf8887-8297-48c5-9f4e-079288520723
5c9990b2-42a5-48a7-96a5-b6475e27ae6b,Etty,Cerrado,53fcdfeb-0e10-42f0-b060-b2163d8fd313
2e073e03-7f36-40ba-a247-a26cb5d59d68,Rudyard,Cerrado,7ae38aff-19db-445b-94d6-174829b58dca
840d5340-d39d-4ba2-a737-7fe909141536,Jeffy,Abierto,f516bb08-4043-43ff-9e46-87b70e37df8e
ec633bc8-3c53-4c9e-a88e-4c1ae9f20314,Riccardo,Abierto,d41ca3de-325f-40c7-9bb1-97241c31671d
0f39c597-f2d2-4d24-9f74-2cf55503b41f,Silvain,Cerrado,8c4340fd-3c08-4176-b8d2-360ce3c72792
4559eb47-3484-41df-969f-b60c2f5d11a6,Quinton,Abierto,8febdeff-e0fe-48e5-8cc0-7bcce4e8d0dc
309513df-d07c-4962-814a-520c14437d72,Ephrayim,Abierto,87680ae1-4f68-4876-9b5c-c63e80885525
7c02f254-4cd0-4ea7-b4b1-bc1f337cbcd8,Stacy,Abierto,4e8850a4-e459-44eb-bc9e-7d05932d418c
540fde74-d168-4f28-bf06-4f416ee3e969,Jandy,Abierto,3f78e1c6-5a99-42a1-8c43-31da2298807b
482bf008-33c3-422f-8c79-b95caeb17ee4,Gonzalo,Cerrado,c66408fb-9731-488a-9d7a-1a36e79282c6
4f2b7b0f-c3e2-476b-a067-041bd0bb3e06,Deina,Cerrado,f8cee3f8-46e4-4753-b906-95739b69d229
4b99206e-0de6-44fb-9f60-9f391dd5bbfa,Gerladina,Cerrado,1acb99b2-7d1b-45d2-86af-61d14d498ea4
ae2e5829-953e-4e4e-be14-22fec513f682,Glynis,Cerrado,276446da-0c74-459b-94d7-146c31e39dff
8658acda-f5a5-4702-ad85-829a23417760,Zenia,Cerrado,1a94fed4-c904-4fae-882f-971caa7f9993
fd843cfa-904f-4724-9cd0-6640bd438f88,Micheal,Cerrado,de0df76d-6997-44e4-909f-edf1eb7fdc01
8bda0349-54dc-4774-a968-15be9ec0cfbc,Barbette,Abierto,79494218-1ae6-4846-8576-108cda803202
08be8d6e-7ce0-400d-9dfa-f59997992be2,Brinn,Abierto,a47f0686-670a-4734-91da-55b8448e9962
2d84bd54-a48b-43d8-aac6-b859df49475d,Yehudit,Abierto,afc23e94-0232-4830-abad-d8516e204824
28825273-6fd8-43a1-b99a-4a706afd6523,Marchelle,Cerrado,5bee9fd5-296a-4862-992c-73cad3253624
2726176c-fea2-476f-a24b-d560dab95473,Carlina,Abierto,cafa7545-ef53-401f-ac5d-7ef992ea11dd
4745ba40-9ece-4ae4-81e2-9b3d2f7eb265,Eberhard,Cerrado,fbe620e2-7029-4b9d-a4a3-7e65b157ccf6
34825c9f-aeac-46ea-b6f8-dab7338af417,Blisse,Cerrado,288c69ad-af69-4cf5-9769-75491f3e6cc5
f56bec44-e2b7-46ac-bc4a-4f935d298d29,Val,Cerrado,0725b0db-1816-4906-b699-e3b31666f560
c1b9ddc1-9a41-4060-a717-a27749dc1e17,Antoine,Cerrado,a3a73a26-0d28-419b-9501-3b0d178216ec
3dbd49a5-cafc-47ed-891c-5984e521c6e8,Alon,Cerrado,50b89e68-575d-4419-82b6-bcd673004e14
47171efe-eed7-49df-ae03-05d5df933738,Juline,Abierto,cbf62fe3-a804-470e-ba82-fc486c80338a
5cf34d08-7b82-405d-8215-d3f193dd9d69,Silas,Cerrado,05f3ff3a-60a1-44b2-83ec-189bfd709cb9
e35649e4-f316-45ee-9866-2def566b1041,Andie,Cerrado,db205cd5-5cac-4b22-af7e-15184e82c94c
ac20387d-bbc2-40c6-bcac-a3feb356d7d3,Lenna,Cerrado,957c7127-bd0d-4016-a950-4258c0e61543
9f593a2c-28e1-4b28-88cb-959361b39247,Idalia,Cerrado,74d1ffba-b76b-42e2-a81c-f3f76c1b2aef
6522d5bf-6b6e-4772-bc41-4902426ff19b,Joshua,Abierto,877d4da2-d81e-4605-baf1-3b4ee83295a2
a3d99374-0b2e-48af-a86a-0655be8bb1c7,Court,Abierto,fb494913-c8a8-466a-8d3c-848aa02a2bc0
645c6f8b-fc83-4a5f-bbb5-567812ba1a74,Adlai,Abierto,6e861ea2-7a85-4abf-baae-49b6568b626f
3013c8fd-1dbc-47ac-b466-1f72eebf80a6,Essy,Abierto,a37fa75a-d1fd-4bac-bdea-ae51e0e254bb
12d48ed2-42c3-421e-a227-cdf5db3a5abb,Porter,Cerrado,ee8d55ce-dad0-4550-b15d-52f9b8e83d42
39e63893-94f8-457d-a27a-bb5aa048120b,Etienne,Cerrado,60364228-2c7d-4408-9d6d-0099dbd96e0a
d7985b11-e36c-4ae5-9621-ddd133686165,Giselle,Cerrado,25fa7c78-9a0a-498c-8713-077f74b75b64
96b2bae1-d670-460c-844c-539ff5561cd3,Nat,Cerrado,99ac954d-eebc-4055-9164-92aeaf860bfa
f0ddb64a-ee68-4785-98a6-25cf8440b31f,Yelena,Abierto,f6957abe-d0c3-49fd-92a9-95fb018bd763
b2d01847-8318-4441-84da-ed27d12ff688,Farleigh,Cerrado,7525fac1-b4d8-4ccd-88ab-9a90e4dabb6f
981dc7ea-25bc-4479-9ae0-e7107c00bc65,Herbert,Cerrado,dee248ac-e8fa-4636-921d-75411f9cf3b0
88ccd461-d754-44ef-a0a3-796a4ee6e3b6,Isadore,Cerrado,82b1344c-1af7-4471-a8cc-02b1bb824078
043a7922-dfba-4a6f-9790-01808175e3e9,Krisha,Abierto,216e0f86-d85a-4a8e-8a3b-0720c2c47af6
55f53154-bb0d-4436-95fb-ac2ce70e36da,Junie,Cerrado,3cd8e195-52fb-4fbc-bebc-8409d348143b
01e49700-b4c2-4c99-8d4a-21320a8702e8,Darsey,Cerrado,81b54f19-ad17-4db9-aed4-6be7ea3a8309
2492db4c-081b-4dfd-b323-9577d3496b8e,Filia,Cerrado,c743cfaf-b4f2-4748-affa-04c55cb07756
5704d429-49b0-4f2e-9515-17d158739162,Reynard,Abierto,1df90026-e19a-4ef8-8cb6-7f28067a8273
a9c4bf96-0793-4c4a-b5c4-f2c7bdd7b8b9,Brod,Abierto,e425f668-c18d-45cd-941b-f872fa00bf71
4ec8a98e-505b-4728-aa38-fa689e21d6d7,Thatcher,Abierto,5e5074c6-e8d4-4687-8fe4-b38bd43939fd
5490face-0780-4a57-a7f8-1ce24418c94c,Celene,Abierto,08705c1f-e695-4075-a1b0-9737afae585f
7e3d5f45-77e2-4cb2-ac26-2bc2ed29b10a,Jacquelynn,Abierto,0770ca76-8fa7-4806-8c1c-75aee3b0b2e4
28c0a6c2-4071-4120-8e47-648c89a462e6,Tracy,Cerrado,b6e23e01-0f5b-46a0-8fbf-bde16c1e46fd
0292817f-a137-491a-803a-8ca5b528ed90,Arabel,Abierto,8620693d-61f5-42f7-ae93-4de4ab041c1d
05aa6ad8-a7a6-47f7-8ef1-db0a02be7b3c,Korey,Abierto,a79b5386-e6e4-4748-9496-fa361ced3371
84ed6c0e-2225-4bc7-9a77-127e717bc451,Clim,Abierto,8107ed34-0a28-4de3-9ab4-63d932889221
6e4051e1-a463-4d92-a8df-3ceb085fd7ee,Craggy,Abierto,2ce83f2b-ed98-4fdf-a940-1288beb0dfdb
17ac1f94-6db5-4042-bad8-cab53f9c7a82,Juditha,Abierto,957facfd-6517-4ff0-9fc3-6d2ff67db4b7
5a3bada3-1945-4f06-b3e6-4e1e87703d0e,Spenser,Abierto,3399017e-787a-4375-a952-3e96993b61e7
6db8837c-3006-4368-aa4a-382df730a3dd,Meredeth,Cerrado,736a12df-82d1-4a7a-9975-582bbf095cd5
2d1e1fb4-93a8-4ca7-9cfc-7e884af1c3a3,Carry,Cerrado,04bd794f-30d9-411e-a20f-9b7cccdd8a75
cee36eb2-5568-405a-9efa-649a264b2681,Obed,Cerrado,4dcb9461-3001-474f-b6be-7e1c0d3958a1
3aa5b333-582a-4ca6-a66e-c81b16af3b2a,Lefty,Cerrado,f2ffbb41-58d4-47b4-9e36-1f839eb40128
0511cdc7-e707-44a5-81fa-6e6a4d7e6ecd,Roxi,Cerrado,8b1cf148-6544-4ff5-a5e8-bfe7a433c548
4737266a-5648-465f-897d-446e5038e311,Jesse,Cerrado,55f84eef-b2f5-4c6a-a487-c32918f46322
d71d788b-39dc-49a2-b9db-dceb6b363ba9,Jillane,Cerrado,b6d2e204-0cc7-4e24-88c3-799cae8ddeea
efaa0aaf-78d6-49ee-a6da-86c85a2a4a4c,Bren,Abierto,a7ee3816-0537-4dda-85de-21fb6131fa2b
417bba81-ffa2-467f-963e-5a12325ac429,Mirilla,Cerrado,9f6d7dde-f81e-4f9b-9f2a-752ee4716271
c2d45b75-0c1c-4c66-8ecc-406c2ccabab9,Irita,Cerrado,5c13b55e-071c-4509-a54e-52d1df092e32
e80b70ff-a980-4b6d-9b07-9bbb27f9179e,Mendy,Cerrado,765b030b-a5b5-4537-8835-f62f06027a7a
c1ec23bf-6ca0-491e-9993-ed52b36d30b0,Nicky,Abierto,7650fe09-4206-4488-a035-1bde5679869d
3179a3ed-7ddf-46b4-af10-eac2b66eec34,Edy,Abierto,e0650dc1-a683-416c-ab2c-cdde23d59995
3b3241dd-b469-4cd1-9fa3-17e229a2371b,Elke,Cerrado,4217fdee-077f-4ab1-8b5e-7d3166760097
f4d01a9f-cdc6-4de1-b875-941b6b19d2af,Milissent,Abierto,67bc4707-2e29-4818-adda-d1dfaa74d952
d450f8b4-14bd-4a83-b6d4-3ee470b8f0f2,Amargo,Cerrado,0d9ef1ad-73d4-49fa-a08b-df3ff1a0931b
ce97f35c-e536-428e-b847-64bc5fea02d2,Margy,Cerrado,37fdb443-d481-439b-bf38-7eff5ae77376
9578c501-6396-494f-b951-13daed7b06f0,Marrissa,Cerrado,ebb75ef3-40d6-4b81-8682-77b4b3183975
cec15916-394f-465d-b633-a3a013dadba0,Umeko,Cerrado,58839f7d-5769-471e-9e50-fc08f68868ed
4d17f141-e5de-4417-9551-1b611eb03038,Man,Abierto,a35287b7-7088-4818-a9e7-2988471bed6d
68972854-74dd-4685-bb5c-0d14ecc5e92b,Maynard,Cerrado,281e585f-9810-47d8-bade-926d45952645
711d1b55-92d0-442d-9b14-e26aa5937f94,Loni,Cerrado,f697fdf1-9fea-414a-80e8-48bb6bda793c
b92fc89c-d086-462a-8d17-5f1c46e2c31d,Evin,Abierto,07bffd4e-51c1-469b-84a7-825386662a8e
b767ef34-e558-4812-b113-bbce805b03af,Arlen,Cerrado,194db8ba-c2a5-41d1-8fb8-51c1ec0d9891
417d0efa-f0f7-4766-96be-00b9739f7f73,Rosy,Abierto,1fe9cbed-a23a-485a-84fb-3469c84aedf4
68ea2c0c-7d49-4c84-bb4e-290e59f3fe82,Roanne,Cerrado,74fc8dec-9caf-4987-aa62-0cdbfdbc51e6
ff46f38a-a0ab-4100-920e-aa8ae7d3715d,Luciana,Cerrado,ef3c5564-97dd-43d7-9cb1-50fb23d472bf
ffb07903-b6cf-4d16-a7ae-31a6f08b6c57,Sabine,Abierto,459b8554-cc52-48ed-bf55-78d6ffbf8121
73a07272-5d6c-46da-a9b3-dc3f03b0b83b,Erin,Cerrado,9f8ceb1b-6844-443a-a55f-08fe01ac534a
d077decc-f552-4ed1-9a17-d99c39c082a4,Delmar,Cerrado,a7390ef8-02be-4369-8a40-d37af5d7823e
25e8fa01-11c6-4d42-8eb5-2cf6a6776c07,Martie,Cerrado,a315def4-ef99-4824-9ecc-32a96b82c413
40e2536e-40c1-4c83-b0d0-0270f95a78be,Beaufort,Cerrado,7304ee69-ac1a-48f0-9cae-7fd580dbc956
30fc7bfd-23ec-4d97-95f6-882ea7e2c04a,Alejandrina,Cerrado,49dc1afb-8e17-4cea-8a8c-832b8d10ace5
53e41f51-0f9f-40c0-a490-7b5ee53ed645,Edna,Abierto,6b06971b-4c93-411c-a549-5a771206349f
c5864d11-1181-4356-848b-fc7892eb55d4,Franni,Abierto,2f59f9b2-163a-4c31-b68a-19bc50c61e7d
dfd82199-9e84-4df7-80c7-b6317b6568bb,Johnathon,Abierto,4baec08f-95c7-4fc7-b21c-6845fd8898fb
2bab51e4-79be-4a22-b1bf-22a8d2039756,Drucy,Cerrado,381b4324-d298-4366-911d-fad58c62bc7a
861ec6f3-dd03-46f4-adb3-1de17dba3646,Evelyn,Cerrado,bc1aac2b-fcd4-401f-a6b9-6edfdf0ce19d
3c622df1-4cbe-44b6-8dbf-1e2f5e9f4cca,Lauraine,Cerrado,d9d91a5d-6aeb-48de-b219-65252ebc4449
60335c94-2cf9-4602-b930-4cab245909e2,Ardelle,Cerrado,b9bec3cc-9b46-4020-8677-8f5deb699d23
49648683-77fc-49d4-a156-485706f9aa2d,Weston,Abierto,846d3d5a-b0eb-4ed9-bc95-6a54e0d558a8
bbee32b0-4219-4419-8432-ac5178cd4d8d,Lotte,Cerrado,c655c3de-df08-4fa5-a6b0-26627f1cb739
9128c7ad-1204-406b-938e-ab81f9851379,Beck,Abierto,217cfe5c-64c9-4623-9a21-7bfdeaf34494
f4f86dc2-e936-4d09-a322-a6a1537e174c,Bink,Abierto,4ca86d60-6e78-413a-a2ab-f7b32fe6250a
e59313e1-3878-4e3a-b867-51352418ca72,Gayla,Cerrado,215dfbb3-58b6-4255-bf8c-3bd85204f8f5
c3122073-8ab5-41a1-91be-d3d21c1066b7,Nester,Cerrado,f8696082-bcd2-40ad-9b6a-0560feddd062
0f803f47-8818-4858-b3cb-753b6e9c46b8,Thedrick,Cerrado,54110cc2-29b2-4b6d-bd45-042e1b8f2c12
8c5987b8-e1ec-4980-a6ee-6c9fc585c6f1,Lanna,Abierto,b815ce40-26e4-4eb9-b8c4-e546ede0b5f3
c14d0ba8-d0d7-4767-9b0c-c68eb8a3d31f,Ingram,Cerrado,2c9ef15f-09a3-4bfb-af4e-eaa7d7ae5f2b
a0b9500c-2b80-4847-a644-0436665c7408,Clari,Cerrado,0a3e114f-bdee-4e67-b4e9-af5e5eb65c04
0985c045-109f-47c1-8c21-acc1cef3e73e,Martie,Abierto,6dfbcf3e-a3a9-41df-aff6-3b5c5c47f88c
9cb1c4d0-2cc0-43d5-ab07-2e8a1e57cb04,Glyn,Abierto,e177fcc4-3135-4b60-8111-34b41d39455e
6e687625-a241-4e77-b9db-232e36cc47ea,Reagan,Abierto,e6096e20-cfca-4a60-92d3-da725a6379a3
72f1cf37-c75e-4d9b-8dc8-807480676127,Junette,Abierto,b6d69c00-6edc-427f-8ca5-7f07516491de
64215ad4-e6a6-4d55-bdd3-f022cd2441dd,Camella,Abierto,2c630e21-e55e-4b4c-82ee-833c37b8cea8
cacf4bbd-3bdb-42ae-8142-c6803e99a0cd,Herta,Cerrado,72b5e614-0970-4484-887a-ef54dbaf7f81
94233b06-9bfb-4926-a931-6860cb15fd6d,Marney,Cerrado,aa25b5ce-6a55-4596-ad34-02dbfcedc0f1
502bc65d-1f12-4a22-9b86-587ebd414c5b,Welch,Cerrado,772a70a5-b3c0-4e33-ad42-4b4e1e2c888c
47dc4fa2-034d-4d90-aa37-7b8974570851,Yevette,Cerrado,a59d845c-b012-4f73-ac4b-2460d406a43d
a79c4497-ef23-4e6d-b0fd-8e38a347489a,Yorke,Cerrado,4dbf3f9c-5229-4d51-b6f7-1c430a40309c
bb3c0a41-c079-4d72-9b45-0f352296c0d0,Sasha,Cerrado,81d7c5cf-8285-402a-b95e-2529d7734bf0
e3f80b13-b11c-48d4-a157-25510f3b3791,Lenka,Abierto,43ef5380-eb0d-43bf-bcd1-70803137d802
22e3c967-c3de-4827-8246-f10206f5141a,Darby,Abierto,c5867395-6e7f-4a7b-a1cf-15f461ea12e1
c280a4a9-dc3b-4522-be33-b608432bde8b,Case,Abierto,291f898c-67d2-455b-8d64-dbb06b8d9ec2
4401a957-a637-4b50-b8e5-4b6a3aab0838,Keefe,Cerrado,546f34dd-26b3-469d-b573-b2c4f6b1ef8a
4e0ef892-fbfc-451a-8616-3be7caddf793,Gwynne,Abierto,88056d3c-821d-4590-bf90-20bd7cf56166
4f518540-1421-41ca-835b-4cb886706cb0,Codi,Cerrado,b82441c2-38f6-4f82-ad5d-145f691edb9f
0373bb9b-d83f-4bf1-aa8d-be489e9e7513,Erwin,Cerrado,a4028705-9f13-4a73-9ead-6e0a57015035
bbc61f44-2ff3-4cd0-813d-e38e7b3df83b,Riva,Cerrado,11a5480e-bf43-46e5-b4d2-e450bf7e82f1
48477a23-1ac3-4560-b3c0-dae18c1ef14a,Avie,Abierto,cd33545d-2355-49d7-9c6c-971133c75da5
68df85f8-3782-4c46-9c3b-69ee65eb9246,Alaster,Abierto,5f5c4f99-3e74-4804-9674-e0b32db232f3
fa78f9c8-290f-43c5-8e68-53ecc8cf88ed,Eveline,Cerrado,cb846722-b1ff-473b-9603-49fe86e9b1d1
7d2cadfc-dd05-4344-ab17-6441e657a034,Barbabas,Abierto,499258c2-e4c3-4d59-8b7f-3bac0b5d9519
9653d209-7ac6-464f-bbb7-b7db44de5c75,Giulio,Cerrado,bf3f793b-7761-4f03-ae5f-c13cd9e08a1e
fac57dc7-ec22-4512-8db9-d6037a687b9b,Constance,Cerrado,35a897c8-0e97-4f24-9a5f-9a8e02c7b9b2
cc451416-2659-4974-a4a1-4f2004a1579c,Denver,Cerrado,9e57613c-6654-4124-9b67-e7669aa0ad3a
433cc397-7c3b-4301-b50a-7346752c9a8c,Keely,Abierto,8ab80152-2b1d-4022-98a6-f59a7c5ecbc6
50c0c958-4233-4956-ac7a-89c99421576f,Kym,Cerrado,5c34d1c4-75f7-4245-b345-61d5d117dcaa
dd5b574d-7f43-49fd-9637-d5be50078a54,Bibbye,Cerrado,a267a35a-4ece-48e4-af36-165c632c0cf0
fe602245-b6cd-4b44-afa4-aa4cdbbc1279,Skipp,Abierto,ba070e01-98b5-4b44-90c1-65afa0359fd2
37c3d1e1-e43a-4416-8612-16700995de51,Marigold,Cerrado,8eacdb74-1ab5-43ee-af1b-f8614390f8c0
1ab62a86-0ea0-4858-af97-d4e739194a6f,Ugo,Abierto,5b53c3ce-ae5d-4738-913e-634cecbe68f6
ed0fdee3-642d-4135-b579-5ffe5b9674f9,Arlyne,Abierto,f4300460-c659-4c82-b172-6cfb559ef51c
a4b503ed-d2c4-4b23-8bf7-a347b5252254,Renee,Abierto,2ef04562-5481-43a5-b8ca-2935ad3a6261
279c4da4-4daf-43a2-8827-ac5365497229,Dani,Cerrado,0afff2bc-d156-4aed-8224-3bf9c0ddaf64
c4e69ecd-37bf-40d0-86fc-61669a6d1ca5,Teresita,Cerrado,8dc9ac2f-1777-41bd-84df-1c3804f2ed63
f94f9c48-c013-4ce2-8624-5c251f080ece,Carolan,Abierto,1c39589c-d810-4739-b8f1-3f19e7134160
e5d0f07e-8141-4947-84a9-2262ae52638e,Rorie,Abierto,8b867d00-6cef-4b8d-8341-7e7f667d0531
90a89dd2-7922-41a7-bc84-84808c6a4155,Jeanelle,Abierto,cf1d8552-e4ab-419c-9479-4bdbffb69bf9
fe3f681b-22d2-42ec-81e1-88450ef49508,Cam,Cerrado,49d485bc-80a9-4567-a0a6-97de7676af09
354cdbfa-49fe-49c3-900c-4741d5f2268f,Brigitta,Abierto,faec7698-91c8-44c0-bf90-37f2b24fa415
011d3781-62d4-4d34-b79b-8da7e79bfdfa,Alayne,Abierto,44618140-be1f-483a-b112-a8b4b7ab70b9
b882859f-a66b-4fba-941e-15ffca660208,Irwin,Abierto,e1def913-01dd-41d3-a183-8a46157e436a
087afe90-7f82-4ff3-b4cd-8d4c2e216aae,Hollyanne,Abierto,ad02fd35-6cfc-4c69-bdc0-3d1ea07873a0
943a06c0-fa2f-467b-8169-590bc00898a7,Whit,Abierto,c1a09893-361f-4023-a617-b84ea6e83078
5fdd9e01-d49c-40dc-8f48-5822b2741ffc,Easter,Cerrado,80602e9a-dbf5-4f07-b5af-3e0f77d9ca80
c18df36c-b3a9-4637-8196-8097892ae909,Wilden,Cerrado,00673c1d-7901-4a07-b02a-91d580365c45
bc340d93-a65a-4834-b533-4ea4719659b3,Roi,Abierto,a88d14bd-b15d-462c-b5cf-ab067f71235c
f89b579b-aa57-4ee5-97fb-26ffc1c45c60,Brianne,Abierto,eb066c78-c8cf-42b9-9ed9-a97533158fb7
036868fe-7851-466a-8524-f80bfe88ddd2,Leontyne,Cerrado,d55e17a5-fe90-4e58-b16e-3185662f4403
c013c04b-1120-4364-a303-e9d36ffbd6c8,Salli,Cerrado,fe5a52f4-3d6b-4f06-8812-1bcfefb381d1
97da53d4-dafa-4f0b-92dd-dc2ee364c323,Tabby,Cerrado,051b7f9c-2c2b-48c5-a6ed-b0a52ec2be37
a415a33a-874b-456d-9ae8-dd34140664b7,Jan,Abierto,2f8aa866-5e5f-42b6-8f54-809db37e38bb
ec7a1a2d-437e-4033-bdb2-ae7ecd16f6b8,Deanne,Abierto,14791dc5-c6ef-4a10-a787-54feb5a0d829
64e9a51a-be3f-493f-bbde-9863d4c566b1,Barnaby,Abierto,75b05d3e-7582-4e93-8ac0-41f890e1660c
4d4c72e0-bc28-4f89-aab3-0f27fbd06c23,Sigismondo,Cerrado,06734649-1183-408d-bd99-5226cf507ff5
159d7108-3d54-419a-b769-3f943c3ae81c,Camella,Cerrado,ee63a0d5-690a-43a2-9f3b-97c6cd113aeb
e0a5976d-b228-4dbd-8170-1aa60b051995,Chaddie,Abierto,d3a4855a-38da-4097-87c1-e3372acbb052
03a0a17b-29a3-4b56-b8de-6b99cbcc614e,Syman,Abierto,ca131b01-bd88-491f-959e-cdc3090abdf6
32001b02-6774-4737-b668-a197402a8027,Nadya,Abierto,b0369a4c-c2c1-4057-82a9-b7c3e43a48c2
0458829a-5c15-4c2a-b12b-13f218568141,Farlee,Abierto,06eecaf3-e873-4822-a603-1b467e7ef42e
0c4604f0-2c23-4783-affe-8f4fa49430fa,Meg,Abierto,d569b158-420b-4369-a165-29a47cb67f1d
4ee5f7ef-e59c-4180-88cb-9131885c39ad,Aldwin,Abierto,1fd0ee25-89c8-4074-8369-ab109438b085
f87780b1-69ee-48a7-a923-d3962b3794fe,Thebault,Abierto,f0c48c1f-2dfa-49f9-8b76-55dc2aaa8b6a
c7c0d74c-978f-4439-b9b5-73b5c4e16c18,Chicky,Cerrado,c0c41a83-8a24-4c6f-8ad8-cf5cde42e060
fd518942-5c29-42e7-88b1-2c7f8bf8e8ba,Julissa,Cerrado,e8efb3e1-2ffb-4184-912d-9756c7805d93
3baaf946-3c18-4daa-ac37-87c3fcb01fb9,Genevra,Abierto,11a37ef6-47a1-4f5a-bce8-868e96e05a6e
cf841736-0542-4255-9067-09e084e8a10e,Jasmine,Cerrado,75ac317a-f535-4f66-b529-48b65d94100d
95503252-5064-4551-9af2-8d7b569fb31d,Shelby,Cerrado,31484c57-a348-4ddb-959c-3f1255105aaa
2a783bbf-e7bf-458f-9abe-dc00ddb8dfa6,Lura,Cerrado,0d2b9440-84e2-4c8d-a601-9b11188f950e
f490c360-2c05-440a-8910-8f3ef3c67351,Tammie,Abierto,87f2cd32-3582-4c42-9e3b-6b45882181c2
0811c861-0fa8-48b7-95e4-6053e6fdd25d,Stefa,Cerrado,b8df6d8d-ed59-47a0-b543-95fbdf1d046b
d43f2813-e0ab-4c25-bd69-82a1a7e77cd3,Albert,Cerrado,be425e7d-6bae-483c-8ec7-a00cb4b519ec
355fb765-b48f-480d-945f-26b8f2d4ea00,Cherice,Cerrado,2654fad5-07ea-4c83-9baa-1f6748f76c8a
1808e8a1-f188-4881-bdde-16183955b9dc,Curran,Cerrado,502f0a94-db64-4300-b02d-be19113efc36
9ca506d9-599c-450d-b631-c8432840b5c1,Stella,Cerrado,83e68673-d341-4e09-878e-b815787bf2b1
e609b8a1-59f7-4a14-a33e-b3743d666328,Mycah,Cerrado,bb0e1893-ef2c-466b-a1b4-70943f5555d5
93aeddcb-0035-40b1-89ac-b6352053f262,Fulvia,Abierto,54644702-072e-45e2-840b-b9210a862af0
ce484a17-4364-464d-bcdb-475cc5122dd9,Staffard,Cerrado,20ed6e4a-9179-4ded-81c5-b943447d66a8
8beb459c-a104-4f0d-adc2-2e8077c3c43c,Camile,Abierto,05a4fa38-f716-480f-80ae-4f6cb5f46475
28fc9807-4c11-42f8-9cfa-040fa7af8676,Nissa,Cerrado,c1a9808e-86ac-4bff-8430-394fa9bf821e
f62bc4b9-0f31-4f4d-80c7-5b6085ad7e07,Rodi,Cerrado,8da01cad-0568-44a7-a258-1871c4134e0a
bc303d10-679e-47f0-84fa-43ddc26d8826,Frannie,Cerrado,472742f0-3042-4e8d-a165-6ace85a5fb96
0ca24b47-fcaf-482b-9488-b841c74f9ce4,Aksel,Cerrado,c55d2d9f-cfca-4ff3-8222-9d3729fb7f69
906db2e9-c588-410e-82ec-63709b64f0ff,Patrizia,Cerrado,23440817-f665-435b-904d-70c66c9667b8
85453acc-58b4-4e1c-a800-f166ffeefb2a,Walliw,Cerrado,5c0634d5-f496-4e0b-bdef-e8c234b84af3
4c0019cd-314f-4fc7-a9d3-a02baf0efc34,Earvin,Cerrado,28604b2d-e415-4b1b-aac8-6f8a62cc56ca
78713873-9d1b-45a9-b984-4d8757fdcf71,Blake,Abierto,11957f42-b472-47ac-b44f-21c591968cb3
e9812a0a-6bd7-4d1b-8c9e-b9c3b43a574f,Maximilian,Abierto,6b35e049-66fa-42ac-9951-287a1da9bb85
8c06ba54-66ef-41ab-871c-2ee1eb4e343c,Keriann,Abierto,d9cd35f9-4575-4ed6-af73-f8ab01ae1771
e50e309d-a0d7-4d39-8f81-2fe9bdfc5f09,Gordon,Abierto,49e58942-d067-4edf-872c-d1f3f423e895
9a54eb93-7c93-4a6d-b3c7-f493742a2418,Jonell,Abierto,81e2054e-155e-4b92-9c3b-e89c814a83f5
fb6cc775-37ae-4d76-a912-7d3014372e50,Doria,Cerrado,04cc4d16-e601-4272-ae3e-b7cc0207e991
b290b635-5402-482e-a095-f94274900178,Angelique,Abierto,3b48ed5a-26e6-4592-b070-59ffbdeb7da9
182436bb-f9aa-4246-b66b-3d51640f52b6,Staffard,Abierto,98e3538b-b16c-4b41-801f-0d96fe777a37
474cc688-7bb0-4bd1-9317-2df94bdd0433,Sena,Cerrado,6921ab44-6f51-4476-8103-cbd6c0a3cf3f
04d00fea-5c12-46c3-bdf5-5dc1b4966268,Rainer,Abierto,bc941382-1596-42a9-93ab-9af3dba48534
1652496c-7f79-44c8-a432-5142c947b6ae,Joaquin,Abierto,164a1419-f29d-452b-a1f5-4c1c0aa79aef
b7f13af0-6ba6-4e6b-a2bd-11851f0f7b00,Ophelia,Abierto,7baa4614-985c-40a3-9fff-c44db4b6de85
7dd8e6dc-9913-495b-b14c-64af8ee2210f,Catherine,Abierto,bb8bf5c3-5a0b-4009-9e93-ed7ca296064b
e4b72bf9-6f44-4307-ba61-605ecd7e6f2e,Jaquelin,Cerrado,bf5476ce-abf7-413d-970a-8d3839b22551
8c2508f0-6f7f-4a14-81dd-bc56a7b5c35e,Horatia,Cerrado,89e7c55d-28a1-4d86-814e-8ca99027979b
84346b63-a6d9-463b-8421-5f257a026e7f,Felisha,Cerrado,6e95c54a-5a29-47e2-8371-999041d3352d
eae27ee5-d04f-4d03-b500-f382f3155c09,Blaire,Abierto,5aefdfed-9a98-437e-9d15-cec98ae422cc
684f7e67-825b-4a2b-85b4-e7519e59cef1,Nichol,Cerrado,ceccd041-aa07-45b3-bacf-49ec5290e8ff
5adada80-3122-4a6e-8ea7-b99a473b75c5,Ernestine,Abierto,52073187-0799-4607-9a94-fd91f4556019
a70e4469-1f91-4ffa-aef9-651e556c9d5e,Kirbee,Abierto,b0463627-e616-41c1-953a-16840a3cdf7e
5fbcbc24-f47c-473f-b98c-e7da119cbff9,Rriocard,Abierto,857c8569-81c0-43c9-b916-94a085086aaa
cc90cdb7-20f6-4bdb-9514-89cd67f37c9e,Tristan,Abierto,60063f15-e928-41d0-ab08-321dc766c84e
9a26bd1a-990a-4067-a1ab-a0ddedb693e2,Daffy,Cerrado,240fde62-eba0-4d47-a28e-b02f246b1d32
e9d41d89-3d83-41d5-8852-4a1b8dce3251,Ware,Cerrado,0ff54a33-e76e-4143-bee9-8c7eeee977c0
52f9f096-165d-4a2b-886f-600bb4107edb,Erny,Cerrado,14136de9-3af6-4c1d-9f87-4c66edf40e18
67df126d-5ac1-42ba-aad1-ff0ca54335e5,Magdaia,Cerrado,fb573279-15fc-4bb9-8e2a-0045ba22c06b
ff535cb1-3b6c-4801-95b6-ef5c5c0509b0,Amabelle,Abierto,fef23776-6bff-4ee8-a5a2-ab716ce981f0
ee7e0870-8862-4e8a-b59e-52219d5231ac,Risa,Cerrado,8fa4e836-509a-4701-a545-15edc30b93cb
5e2be07a-54b5-49e9-9280-3e5ef49adc7c,Tammi,Cerrado,94f869a8-71ee-4b8e-90f6-3729029c98f4
19a38cb7-f230-4ba0-9310-84e3974e3897,Hannis,Cerrado,97e7e48a-1663-44fe-9721-9cf511fe2cc1
98daebdf-843f-4365-9d2b-27e57ce10a2d,Jeralee,Cerrado,efef22e1-b467-4767-9cba-0d71c33bfc85
19fad006-f57f-4af9-8681-8ec428fba5b3,Mateo,Cerrado,b3013ef3-c95b-430c-9e55-675053c76488
1153d608-1c02-4b29-ad32-246a6a77eece,Alverta,Abierto,4a7c0a81-6058-4539-bf6a-951c2d2cf9d3
156dc09a-24c6-4e54-851c-32df773b540f,Theresita,Abierto,b2fe0a95-e57b-4cfa-aa3a-6dcb36cefab0
52840fca-9cf7-4b2b-9183-a8cd888cde35,Joycelin,Abierto,62b14cdb-48a9-4e24-bb54-8ac307bfa27b
