id,first_name,score,score_2,score_3
70fb62c5-fd8a-4ba5-a3f0-27e80d91ae6a,Cindie,6,10,2
70fb62c5-fd8a-4ba5-a3f0-27e80d91ae6a,Cindie,6,10,2
751d423f-22d0-4434-95f0-1991b5a7e288,Edy,1,4,10
6f06a411-82ab-4893-833e-5b2bd0e95070,Buiron,2,8,6
32149065-7767-46ae-ab5e-8f9642a501fa,Any,8,4,4
6ad5cade-ff52-4958-8b6b-fdda3e67ec21,Loralie,6,10,9
10dd6fc1-499d-4940-9026-e5bfc9280bbc,Boony,5,1,10
dd72e468-fbda-4322-8606-7d4383a350a0,Shaine,2,4,3
9a1b9bb4-b0a8-451a-a799-561073bbed8d,Lorne,6,9,6
f0364984-7999-4833-b151-2ea32a32ee36,Tammara,8,6,6
3fa0d547-03d0-461e-8ba1-dcf26187a02d,Tammy,2,5,2
ee7a258b-c281-45a4-954d-494eb6112ba4,Micah,4,1,1
e5283562-a9e9-4283-ae09-01e66b7fbf43,Vikky,6,3,9
884de861-8f8e-40fc-8b5e-b81664a4caf3,Filippa,7,4,9
1915c257-108f-48fb-9aae-925a5a9bb35c,Amy,1,4,9
a4741f68-016b-4839-9b2e-a0c4abf35b81,Nicolais,10,4,2
98377f4b-d8fe-4459-9701-aa0e6b7ce943,Margaux,2,3,2
553f9125-f1c0-4a97-a110-959d0b6dd7cd,Carroll,4,3,9
235d5d28-f802-4501-936c-3801d2e4d138,Ase,1,4,6
f975a6d0-e57c-4318-b34f-1707a9b199f9,Kennett,7,9,9
41beef2c-3590-4c61-9b36-637c20272d1b,Kip,1,3,7
5fd057f6-76e6-43f3-b5e1-7c2599ac40d0,Weylin,2,4,9
6dfd9b89-e5dd-43bf-ab4d-add33ffa5fd4,Fiorenze,8,4,7
17019053-4b6a-4722-a29d-a701b8a1c973,Osbourn,10,7,4
53368363-1bb8-44ae-bcff-a4034d9217a3,Corinna,1,4,3
65825c95-09dd-4c4e-adac-0923142eae42,Trude,4,6,2
e66388b0-8bb7-41bd-8d48-609928a78384,Shirley,7,1,7
840aa9ec-c19a-44dd-a0ab-f08d21b6eba3,Haley,9,4,4
515428a8-5bab-4be6-bdf6-359c8b96fd55,Dennet,6,4,4
5d440b15-a0a9-4310-99af-c9b7f55f30e0,Joanie,6,5,5
b8716dae-1ac0-4447-ae75-4e873c659195,Ashlee,5,5,4
1782e52a-11f9-4d61-aecb-fbb370c51d5d,Kass,5,8,1
4671f3a1-31e6-43fe-b198-0b604128240b,Cele,3,8,9
6a686791-ff80-4350-999f-0ffc9bd38174,Emmalynne,5,1,8
93316064-518f-48f9-a485-33a04ab7f500,Sena,8,6,8
436a56b5-c1d6-4e64-8cf7-60f46939aed2,Maddy,8,5,7
11ce54d3-161d-4f95-945e-4fb0b07f97f5,Beitris,5,4,2
aa4f135e-f366-4f38-8f9c-6c26d620c21d,Rubia,3,10,7
8e72f4b2-9d0d-4f3b-b67e-b50eaf4655b2,Burgess,5,10,4
61b4cfca-a849-4531-9da2-47f4be6ec25c,Merilyn,10,4,9
1a9dded0-806f-4363-91e7-301088fe2e51,Francoise,6,2,10
a360a488-d491-4789-a13c-0275da26efd0,Obidiah,2,2,10
af41c32d-2195-47ae-9e2c-33c10677a7d1,Mina,8,8,10
271592df-db37-443c-ae82-94a2a38af926,Jerald,9,9,9
a302fce8-ebc0-4bf2-a0b1-26581df42684,Joyous,2,5,2
2259b8b5-b161-47cf-bb1b-d1024b45030d,Quincy,10,3,4
c117b047-b5c2-4af8-aa73-c16ecae95e90,Bernardo,4,10,10
a6ddccd8-9c97-4190-93a1-aa33409016fb,Corny,6,2,4
222c2698-faa8-4ea7-b7b3-6b2a80d5cdd0,Ralph,2,8,3
5a9a1fdc-e11d-4a85-b1f5-b0f633a2509d,Tiler,1,4,2
9878cfb5-4559-4445-8071-fd88be8a6df6,Skye,2,1,6
69876283-d7f5-479a-92d0-24e8284f137e,Joelle,6,2,9
198070a8-1770-43f3-917b-90f6e2d16aea,Ginny,8,10,4
da9b36a2-6f01-44f4-b44c-775fed360ad6,Emalia,6,3,3
7b58fe06-b561-459b-b537-66b6e1511997,Orelie,4,1,8
fd3090ea-34bf-461a-abe1-bdfc341918cd,Maureene,6,5,4
b646a40c-152a-43a4-b84a-fafdcb96d658,Celle,1,10,3
45e233fe-235b-4275-b073-72afbc60c213,Clerkclaude,1,8,2
310698c7-cb43-4b8a-94d2-73122ae57f91,Janey,7,4,7
77bc7b04-a1ba-45ff-b2c3-a7d13c1ca9ac,Ermentrude,1,9,1
ace038f1-0f06-47dd-8dc7-5781b13bfcd0,Davin,9,9,2
79a7670b-dc65-4b17-9005-9fd51578baa5,Dianne,4,7,9
15610954-b29a-4bb8-8e98-47fa2e2af595,Prentice,4,5,4
bff290e1-d11e-467f-85ca-5b7340ed6727,Stacy,3,9,7
1f18f75c-b2c1-4b62-a30c-7c539e4fa82c,Rickie,7,7,5
da819d89-a894-425f-a2d5-1e3aa9ad8aba,Monro,9,8,2
d0ca8764-4bac-4a9e-a23e-ae24927d523a,Ermengarde,1,3,1
011f6383-cf51-4fb1-96d2-f418ef2cda61,Maighdiln,9,6,1
5cd5ba86-e150-465c-af02-3b28c2eae6c2,Shani,5,4,7
bc075fbb-af44-4ca1-8513-fcf7d704030b,Garrek,5,7,9
e92b6624-1bc2-4140-8e81-e35a4ae1d3e7,Persis,2,10,3
9cfabd00-8577-4f84-92bf-0f9922ce354b,Fabian,10,9,1
ff3d0df5-db14-49a0-97e3-ecde1fbc3ee6,Dreddy,8,6,6
3f54a15d-7aa9-4de4-b520-2f8f9ebb2f07,Donavon,2,2,9
1f58cd11-2841-4f7b-91f1-42d7aa031072,Maureen,10,5,3
a45a03a7-a547-4017-b9a2-c211b1f66262,Hilary,3,1,7
53468468-0b62-4a3f-9ef4-eeb02d44a124,Prudi,5,1,6
2c330dd5-3d5f-4064-ab02-2a3e5877859a,Pearla,9,1,5
1e893b13-f22e-4d2b-b05e-5a44af0ea886,Deeanne,8,7,6
7be7d15d-e715-48c6-ab66-e530f32a4816,Garvy,9,2,8
b6dbf635-bd1a-4b40-b641-8be88066a9ad,Ashley,1,8,7
cda2d19c-5654-4b46-bbd2-0fb30391572f,Kimberley,1,5,9
a97958b7-9216-4605-8a99-2c2fb60e108e,Fred,4,9,8
f40d5539-2266-49b3-86b9-d2f94e8a596f,Humphrey,9,7,10
941f7dea-8bd4-47b0-9690-a24473813e72,Durand,2,1,1
5daa3890-d3fb-4d63-84ed-4cf5e46201b3,Tull,5,6,1
92f8f913-b06f-4d4c-829c-727864151f67,Leora,7,9,1
eb0352a1-d60e-4465-a90a-db786a969597,Fifi,7,4,1
c52652f6-b2a8-4965-89d1-1766046498bc,Kaia,6,8,8
69ae2d67-188a-4111-93cc-2e157b955c57,Uriel,1,6,10
001f3ae8-c75a-45f4-b666-89ee9c17bcd4,Camille,9,1,4
2eb66b95-91f1-4105-939a-59a05c8df6fa,Dredi,9,4,3
421ba388-7be1-4761-9d11-9bcfbb0ee364,Domenic,3,9,2
81428eb4-d7db-47d7-a8a6-241ad0c720bc,Carina,9,3,3
9b6b9c41-3493-4349-a11c-e9cab698d01d,Atlante,9,5,10
13bc6c6f-fd14-4adf-a100-27ff635b4382,Nikita,8,5,1
889208bc-79c5-4e7a-9d05-2311dadf0d57,Haily,2,5,7
67e9a8c6-e60b-417a-8e41-d92df404a0e6,Queenie,9,9,10
5ef9fde1-1df4-454c-a662-86be5358b276,Albie,8,9,5
be2aec74-1516-4fef-ab51-af485d6c9f43,Cosmo,4,8,10
2087f0c6-1692-43c6-8925-5f2333c078fd,Linea,3,4,8
f153b77f-d772-47ab-bc2e-4adee80f0696,Cara,1,7,9
fe785a27-710e-4ea7-a2dc-98b8b6deae9c,Lombard,5,6,4
38e8b70d-4028-42d0-868d-0a416e09abe4,Liv,9,7,7
354fbc0a-d083-41cd-93ff-63a52aa5038a,Delainey,1,8,4
f0240889-bd05-4b97-af2e-084735aebc98,Danni,1,1,1
4714fe97-782d-46c9-8235-06ddde2d4154,Leona,5,4,6
fdd0f9ce-65c9-4c36-b0f2-f552848460a1,Gabi,5,10,8
795aea0d-c1da-4dc3-adf8-b73d36e002dd,Kalina,9,3,3
1f6638ba-6ecc-4cb2-8c10-bbe7e2076d8f,Barnett,2,4,6
66a3dd5e-8e48-4f31-aedb-8145db85db72,Mathilde,10,10,3
7c63767c-f223-4f3b-8cb1-03b759e26cf9,Nevsa,4,8,8
ac48b80d-fb7c-4cce-a142-59b82d576017,Easter,6,3,7
04eea92e-575e-4e8d-aa03-583e19f335f7,Norine,3,8,9
2cc445f6-21bb-443b-a8e0-467cf44eeda1,Chance,2,4,1
85942d55-8168-4519-99fe-bff40e7a1fa8,Amanda,8,6,1
0fddaa22-b5ea-492a-831d-440a3dfec435,Brock,9,4,8
796c5365-8c5a-4945-b7c0-bc0500d96896,Lynna,5,1,8
35d9fa31-45e4-4573-98f2-e9f22922f8b0,Pepi,2,1,3
5c7c9692-3aba-4254-b94f-a15bfd97d12d,Jake,6,1,4
9222605e-4d6d-410a-8b8c-6be3ecd99bf0,Oralla,4,4,8
adbfad2b-c3c8-458a-8ecb-3a90954b42a0,Christie,10,6,4
d2088c99-e2b1-43a8-8b7d-26e7ab0500d2,Meaghan,7,3,3
c10435ae-840f-4ac9-8d05-dec89f5c339a,Averell,4,1,1
2df65c78-6170-49d9-8c2e-e9fc85b15c50,Padgett,4,4,1
2b2f9486-5907-426f-86b3-2dac18a57308,Mark,6,4,2
1af7756a-5dd9-475a-bc76-cbaa26cddfd9,Cayla,8,10,1
875deed5-7199-4f61-adb8-5602369727df,Joelynn,3,1,9
a2b5020b-e63e-48e9-9b53-daf753be3572,Josefa,3,2,3
13f13a0d-e856-4bc1-92a7-fff13efab08e,Joy,6,3,3
5199c386-0f57-41f5-a2f8-7cbe15a44020,Hartwell,9,10,4
48bbefcd-75cf-466b-989a-0ba7f632ccf8,Florella,4,9,2
da83d027-82ca-41b0-ac4d-f69a5cc0665a,Justine,6,2,2
e09873d0-dd33-4756-99f3-8719d838051a,Modestine,5,7,10
7b41e667-7a78-4e5e-b045-86e4435a45f7,Colleen,3,5,6
8f389783-0eaa-4370-a3de-50d541fd4e97,Hermina,2,7,6
9600bf51-ab0f-4ee4-a563-6a9edea061c7,Sherri,10,4,4
d9729cac-2e48-4c44-acb1-90b6a72ba433,Jeth,7,4,1
5999bec0-50dd-49be-ad40-bf6160fa905a,Land,8,6,10
800177a5-4f63-4b4d-824e-ff9b0ddc14ae,Alisun,1,3,8
334783ba-4b26-44b7-ac29-35bd1ebe57b8,Sasha,2,2,5
42a8ee89-e812-4e0d-a647-aa344b422792,Pancho,6,5,5
9b140041-790a-47d4-86e7-a138b9cec59b,Aurore,3,9,3
a269f75a-9be5-4f51-ae03-c020bc21507f,Carr,9,4,8
c8f9b338-bae2-4257-b037-a0966d37e0fa,Egbert,4,5,6
844a113e-e3c2-4618-beff-ffd96ae40b14,Martyn,3,6,9
178cdb19-0b52-48aa-9a67-b8563ca5f12e,Tripp,1,8,8
36bb6a9c-68aa-4fc6-909d-2fb65c530de5,Rozamond,3,8,5
5a3d75b0-7f86-42a0-a8c9-3071a2399fa6,Isak,2,8,7
043e7181-c0fe-4dcc-a38c-ce1ba191f417,Emyle,4,9,4
83777ddf-1b51-4a4b-a218-fe70b0fac22d,Teddi,8,1,9
e38045e3-c681-4a97-9367-8a9bdff69614,Perren,8,3,2
83676d5b-e7a5-4c04-9b3a-e65ae3512e73,Nollie,9,3,10
1b7add83-59fc-4355-abce-232fccf587e5,Federico,4,7,5
d18e5806-e84a-4921-b025-920175c9f69a,Hurleigh,2,4,10
a190f6a3-a13c-4bb1-b79d-a71ccb203df4,Kamila,8,3,5
24476d47-6ef1-49e6-9ae2-5fc698996dbe,Janna,7,2,2
2b725454-4ebf-4312-a67a-acae0691aecc,Lizbeth,3,10,10
74e9fff9-56a7-4c38-8ab5-21e85491ae68,Webster,3,3,7
b638a547-de50-4d9f-85b0-a68f5a54098b,Kayley,3,4,5
8b056f88-7f17-4d4c-b209-3fc3c3adac39,Armin,1,8,3
fe83c84d-d1ba-44d6-ab66-a52c872ec69d,Joye,7,10,5
434b2be3-95c7-4f01-ba8a-2d0aa4ff1635,Adham,4,9,1
dbc0a97f-cd94-47ed-9030-23224fa8957d,Nert,9,5,9
55c0e0d8-a4d4-4824-8418-1ba191d11442,Jourdan,3,10,9
d074fb4c-a0c1-4bdf-b4df-d2e75beb2350,Rana,4,3,3
1772e0ea-41d1-495a-8345-130c8d1d73bb,Pepi,10,1,6
15d178dc-9d75-4a7b-a2d6-c0f3aa7fad24,Timothee,8,1,8
7e64b054-c9dd-4aae-8a4f-49cb453a98ee,Massimiliano,7,8,6
e814c75f-4d31-4c81-82e6-b0684b8047dc,Danny,7,1,7
f2b7388c-fb78-428d-b035-d48ba7b1f0c6,Faustine,8,10,4
497b51ab-d82a-4ee8-bdda-402bf80f7501,Dionis,9,2,2
29c85560-3375-47d8-8cd7-1499b13a9d35,Anthia,1,4,10
452da10d-8ec6-4a5f-a249-e558ceb5e5da,Andre,9,4,10
d054868d-7a0b-4636-8344-f844e9f1094d,Astrix,7,7,7
94c26730-f368-4d54-8f9d-7c0b46585df5,Darsie,1,9,7
b82be6f6-e40f-4e2e-9079-0ba7c31694a4,Adela,8,4,1
3537086a-b314-4391-a30b-bf4902bb59b7,Timofei,10,8,10
08f22abc-e8fc-4133-8928-3a66f447f8e0,Libbi,6,4,6
637446b7-cbd9-4072-8e9c-c01b8389eb13,Fancie,7,10,10
a5fc7cce-2dcd-4031-a87b-5a233235cef5,Kenn,6,5,10
727afe46-a60a-48f3-8c66-44f362bf0018,Gabriel,9,8,2
6c84a042-e936-4542-b86f-fbba61eca3a9,Michael,1,3,6
f531fbd2-37ea-4e5d-a0bf-f38ba9e1d27b,Wilona,7,2,6
20d92ed7-2017-4158-938c-98c885efb389,Charmain,7,10,8
059185fe-048b-4261-8601-e28817a8accb,Annabel,10,2,5
531ea469-81e5-4f95-89b1-af6ab293302b,Felita,6,7,4
2470a888-b903-4aba-913b-4a204b4bdebf,Dex,6,8,7
ab7f2b7e-fe2b-49e8-b71e-901e67ce96a7,Jaynell,6,7,8
f068b574-ab41-4894-a09e-ddbf2a7e4990,Merrill,7,8,7
50fb44fa-d5f8-4911-bcef-e81a827a04f0,Myrtle,2,2,3
43583a00-b2f2-4aa0-9faa-846b279b3b0b,Tadeas,7,9,2
f00f6658-c780-4637-9fb4-14f2a96e1cbd,Phineas,9,4,4
4a8c6bd5-5c15-4ec6-b69b-ae0e701ad354,Pearline,6,8,4
e8fd945b-fd8b-4a93-9f50-4b787fc5e70d,Roberta,2,6,4
028982d5-c666-4128-94c5-f67cc5bbf08e,Beck,3,5,7
27451455-ca64-46cf-95eb-2d239904e282,Irma,9,10,7
11427d69-a92e-4e31-b85d-79c738ad5386,Carlin,4,5,7
78c82b9a-1289-454c-b62e-d3bd21c83f4d,Boothe,6,9,5
cf9ee97d-a9e9-4ed5-808b-c46aa6d6f39a,Juliette,2,8,3
3b4189db-6d93-442d-b02b-5ef7fd5dd80c,Tansy,10,5,2
59d32a66-84f4-4add-9df2-b0826d4d1b2c,Benedikt,10,9,2
c3de81df-431e-4db4-a7fa-80fe697fdc81,Noelani,1,8,9
38a16dff-ec69-4353-946e-c395a81a4117,Augie,9,1,8
341b4a0f-0fd0-4e6e-8b4a-b8090d890ee7,Gusta,3,8,5
4723f225-8455-4ba2-b011-5c20373b0da9,Vonnie,3,6,8
4996a327-3144-4d48-b670-77694a1b6623,Gwenny,9,1,7
7c684969-70dd-4ea0-af7b-02e9203446a1,Gasparo,6,10,10
1d893b17-f0d0-4fd4-8fc5-a5708623fb82,Philipa,5,5,9
523c327a-667b-4950-93bf-dfe730d5b69b,Stanleigh,10,8,4
431b0e11-e156-4d4d-8038-789115f704d0,Meade,4,10,8
a46902b5-c68d-4f20-9e3c-0c85debbd0c0,Matthaeus,4,5,7
19b2f897-ec6b-4bb9-83a6-b8c92513e49c,Thomasina,5,7,8
6fe90a9d-47f1-4266-8edd-9c02a99c0a29,Alicia,3,9,4
30ecd700-d0e0-42af-a1a4-b798c875109b,Cynthy,2,5,8
1f65bf6b-0600-4545-b668-3b4ab84b2de1,Polly,2,1,7
4d1fbab3-855e-4b9d-bc47-3073b60e2c8a,Hamlin,2,10,3
f383e7e3-8e00-404d-820c-885107e8eb64,Maureene,7,2,4
94aded90-6b06-4c3f-bbc4-bc0b7cb13062,Lucius,9,8,2
2a4a810e-7b4f-429d-89be-440f9cc9111d,Ginger,5,8,8
756ca99f-0e9d-4d1c-a959-93a882571c6e,Gertrudis,9,9,5
8ce7bc67-da86-4261-b878-cfb3b1f82ed2,Jaclyn,3,3,4
8f43a30e-31ba-45fb-864d-ee75f4cb91b7,Lanny,5,8,7
5899fd55-4c25-4fbd-ad3d-f31cf0935f1d,Emmy,3,6,1
88706de2-f7fd-4257-be9b-3e406c4e6a2c,Nichols,7,5,3
30e6d781-fe27-48e5-b111-8864bb7fa2aa,Rafaelita,9,4,10
1476bd7d-34d7-4179-8fe0-f34a491276fd,Lion,6,3,4
7e249a7d-3110-47ee-a094-dc72f8fecfa6,Bastian,2,1,10
543dce36-911d-4bd8-ae7d-1701a70585d6,Ware,3,7,10
c267d9bc-abe7-4a30-9f14-896c1a54de94,Bryna,9,7,8
0e609413-bba4-4a3b-b039-80923241ced4,Wright,5,6,8
d5bdc066-bc31-4536-b2ec-d734678250ba,Shane,6,2,2
cf0df884-4cff-4fa1-960b-fdfa9d5bb3da,Kordula,10,1,8
dc90096d-bef2-4339-9bb6-421142244565,Farley,4,4,1
498058be-9068-43eb-8053-04d22f3156a8,Stephine,8,3,7
58a37464-6779-4283-8091-98779a2e8390,Aurea,4,4,1
058f0a15-82a5-4332-80c7-1b7b3a23aaad,Raul,10,5,2
9ecf539d-e1ac-4f62-8a85-9a53ce72bb09,Eugenia,10,1,3
28ecb01e-3ec8-4c07-b6b7-5d3e7cf6a6a4,Darcee,2,4,2
0e9188bd-a19d-4082-9000-060d833cea53,Jeni,5,2,4
f2b21102-6bca-4eae-ba42-4569887271ac,Justino,9,2,3
7541e290-2b1c-4dd3-9e9a-9a540d6d9464,Celina,6,9,10
1868dff6-6935-4ee1-9f1c-007c3a3f4f0d,Rosalinde,7,10,6
39a0f7cc-6176-4602-b94e-6e1eddfed9ca,Curtice,5,3,2
b2bfa321-fe09-43f0-bc80-0d3807fdc9b1,Shurlock,6,8,2
89176df9-a229-4e73-b0a3-4d367f943c64,Skye,9,9,9
fec3e8bf-00a5-4936-95e2-d66cb23fdf41,Jojo,6,7,2
09ab0dc7-7295-4bc9-bc14-a68809292d97,Dottie,1,3,1
d9f68b42-956d-4f80-89f6-0cef53afdf9f,Lotti,3,8,2
fd4ac66a-5981-4963-8ec9-5ed535999ea1,Chere,8,4,3
8d7d0f00-2256-46e6-9c12-8ea218710a13,Gabriella,4,2,1
fdd678c3-cdff-4b7f-a123-02fb63885c9c,Mag,4,2,6
ec0402c1-aa59-44da-99c0-07b6938ed0e5,Francoise,6,10,8
f45f09d5-4b5a-40ea-bf4e-8304c063373e,Nikolos,8,6,8
7c4508ad-988d-4a7f-b051-1fff2d3547d6,Edyth,10,6,6
a3cd6f78-cdf9-4c4f-862d-479bf5710291,Emelda,4,10,1
257e6705-182a-4ac7-8627-0677a25fcd57,Claudina,3,9,8
65d9b17f-1669-48c2-8448-8e63901d72b6,Carmella,3,7,2
c7848c33-1d19-4832-ba89-89163877c782,Dennie,2,9,9
2bdb48cc-95a9-4e67-9ef6-92d95c723758,Gayleen,2,6,2
ca1a9cc2-2fc2-4026-81e8-f3a452177d0f,Niel,6,9,4
28c5df2c-e506-49a6-bb53-fa8a25caac77,Karla,2,8,7
8637afb5-d6f5-4c23-bb2e-c44a10141b7a,Gayle,3,9,5
4983324d-2f48-43fd-ab33-e47d41638d0d,Reine,8,9,6
8bb550d2-d398-4671-8f62-9d916cd3525a,Ivy,9,4,5
411944d0-d97e-46f0-826a-623e107048bf,Rafi,8,8,5
080de168-0c76-4397-b9ba-7d3129cc1b75,Giraldo,4,3,9
ddc12f30-df32-43c1-aa12-3885be01aa9f,Thorin,2,3,3
cc122ba8-c06e-4438-8eb4-f1e813fa0037,Olag,4,6,6
5b35046d-6827-406d-beb4-85f6918053ad,Matthieu,4,3,4
8bc3c749-489c-40a4-af69-ec039c654366,Birch,6,9,9
32908ad0-80c4-4dbf-8413-7765dcb369ef,Brandy,4,2,8
78a76702-06c3-4834-8a1c-b053d1217953,Abran,6,9,10
976475ae-455a-422d-826a-0448c56be9b9,Jim,9,8,1
a78bc41e-5736-4314-be4f-b412e71c12dc,Antin,10,10,7
ca697066-909c-4f3e-bccb-4e72980f1a35,Faulkner,10,9,5
b3740baa-a3fc-4d11-afd5-282c6446ee83,Dick,2,2,4
4838ab2a-dccf-4529-817e-506ddcaf6e2c,Alvie,6,8,8
8fc11ce3-3324-411e-a54f-d6a0227bcc4f,Leonidas,4,4,3
6b2febfa-c9a5-4cce-bca0-29ff2691faf0,Hersch,10,4,8
09a56816-9f55-4f75-9425-24226eda8b4d,Si,4,2,1
1fef0bc4-1b74-4c8a-92c5-c4e11eb77578,Kent,6,3,2
2bb8b86d-4168-499a-9085-5d70f00fa0ce,Romy,6,10,8
26a451ae-4e69-438e-bf1c-d4010b5ae841,Emmalee,7,6,8
e980b80e-bf8c-4496-b4a3-1a2b9488c4ba,Vere,7,8,10
383646b8-4df7-4e47-9283-d69c4e4b3f36,Raffarty,10,2,7
950652bb-4ba7-44a1-a053-3badab717f04,Hill,10,3,9
6989b05d-a722-4f8d-a1ce-274878045dbb,Brad,5,5,9
89ada04d-c8c1-496b-a462-8716283d6d61,Eadmund,9,1,4
b50374e5-bf5f-4c9f-875c-225c1b6bcf26,Blinnie,5,1,10
3bd8b405-f8a0-4b83-a432-2fccf3a0b681,Chad,1,9,4
d69dad29-8ab7-411d-8536-bc63592cf41a,Tallie,5,7,8
d7c107f2-c639-4a55-a27e-205dffcf9764,Orazio,9,10,9
86bdd4e0-8e13-4d0c-baa4-682eb8f2ae8f,Kris,10,5,7
6fe43206-e714-4c60-a062-b2426f9fe6fc,Douglass,5,3,10
608dc280-c8fb-48ec-90a8-64da99d19053,Emera,9,1,2
277365e4-baae-4a53-96b4-b499cef701df,Nichole,6,6,1
9addd079-86ac-46e4-acbf-90d7dc3bd6df,Lynnea,4,3,5
2fcbbcf2-368e-454a-a107-ed5783452b42,Chiquia,5,10,8
f2a1f387-1623-4e54-92dc-309ed95a64f2,Normy,7,6,8
fdce11ee-852c-42d7-a4f6-82a4d4691502,Kalie,2,10,6
23aebcf7-e4bf-41e5-8bd0-4dee1e7dcf22,Gavin,2,5,4
76e13795-40af-48e1-ab19-cdc496eb8ea2,Prisca,9,3,8
04f9d30b-fe2f-4a9b-843e-83ffa13d20c4,Ede,4,7,9
f41f0794-fabd-4812-8539-45b4dcacca00,Teri,7,8,2
91da4d87-fe85-4d8d-a65c-c5f5bd4f03ff,Shae,1,4,6
aee15973-57b6-4850-aa70-16a03f611e88,Sally,3,3,10
d1ccfc23-595f-4b86-80b2-ce938765bdc7,Jaine,4,7,2
6519d141-87dc-4a54-9006-fed9809cb730,Lyon,5,4,9
af164795-5cae-438e-bd56-0c2f107bada1,Mark,4,4,10
2fabf384-61fe-497f-811f-afb77fa1a47c,Erica,5,10,7
81a9956d-e5d7-46ed-9f12-d9302b3a572b,Papageno,3,8,7
3de38932-5d0b-4098-a2b5-87ec46304d56,Julee,7,10,3
45c781ae-9dd6-43fb-b55a-3cab19c41318,Jenny,4,2,10
f82aa624-5047-4de3-856b-da536c250d80,Ellynn,5,10,2
1bbafc3c-da26-4a27-bc3b-79635de78ecb,Land,1,2,2
e7372db1-7107-47b5-b7b5-72a91d0e9d0f,Tersina,3,10,8
38674e63-f9b9-43bd-834e-aa42c0209f47,Mindy,6,3,5
e5d200fb-f69d-4ccf-b54d-ef0afbe017ae,Clim,3,7,6
e62f1c32-1bc8-4072-b790-ed8c13eafdc1,Nikoletta,6,6,1
655ad7d4-d843-4627-bab6-2f91ca79cde7,Brennan,5,8,2
71bcea32-8483-4515-96c9-e9f6c3804082,Baron,5,1,10
ccc8aa61-886b-472f-b522-30e057b16bdb,Bobette,8,10,10
e060e2df-3338-477e-ae17-d70064fd5782,Caroljean,1,3,2
18725dc5-db87-46ea-a6a1-d854c1ec28a5,Kelly,7,5,6
890dfc77-2a87-496b-820d-a35b1e179f27,Mohammed,4,1,5
be46acf1-17e3-4e49-b521-29e5f4a300f4,Robbi,10,5,3
10cfd2b4-107a-4113-915a-f6ae8f1887fc,Kalila,8,7,8
7ace3a7f-a077-4c0a-bf59-b60296dd4c95,Hall,5,2,5
fc2010c1-d28e-4156-8b22-90d64cb3673f,Broddy,8,10,2
f3fe4d45-325d-4c95-b28c-fce9d3b2df1a,Dorelia,2,1,2
979d8e37-832f-4d0b-9f47-8e375cd57deb,Randi,4,3,9
5e680d95-8c86-475b-97aa-64aaa38c768d,Darrick,9,5,1
4dcbe273-db5f-4ed0-b2a1-5f2ac1580f35,Percival,6,9,4
41a45221-c386-41e7-a2fb-6b1a72b32c2d,Willette,6,1,5
267b9020-0415-4b92-83d1-f66021694b95,Maison,6,4,4
5ee61055-ff98-4f85-ac81-1ce0ff151def,Aurel,9,5,5
29eea650-2097-42d1-80a5-3182d0d3d73e,Allin,7,5,10
f2ab2467-a419-4eb5-a634-6d7b367b84ce,Florentia,10,2,3
65b27fda-dde8-4c99-b9f5-09f308ec0803,Hercule,1,9,10
d13667ce-50c1-4e63-a8a0-fca1d3760ac1,Zolly,3,10,8
54d14272-62a6-4076-85eb-297ab6ac7c87,Dodi,3,7,1
0c63920f-de9b-48c2-9b98-c50d49e96285,Tess,9,1,10
0b069e7c-d412-47dd-8a49-687ce7714f76,Faythe,5,2,4
fdcb9ffb-f521-4535-ab5c-276ef92a9e42,Bald,9,6,2
2d5a0d9c-7f84-40e2-bdee-9c90af9bc3e4,Katy,8,1,7
b597000e-a645-4f4a-b3d3-4df2c8156398,Nanci,7,3,9
ddf0155c-ffb8-4927-9726-5ba00c28fae3,Berna,6,4,3
b3b90965-76a7-45db-84c0-b6bd7a743b5c,Nessa,6,8,7
0c87a733-2200-43dc-a0a8-866fa693b697,Ethe,9,10,10
25e0c9a4-68d1-4c90-acb4-e29e3f98f4d7,Anita,5,4,6
9c2c8e57-c33d-4235-ac2b-cb0f934b09ed,Alleen,2,2,6
eccc5b29-f294-4dc9-92b1-daad12f74d77,Jada,3,9,2
70bc827a-6fd1-4d50-acd6-404d1f7ebf3b,Odetta,7,6,7
c2236c41-c20e-46ea-b992-d48f15485001,Reynard,3,7,6
b7d3f096-ab5a-456e-a673-5e14a2e13b30,Justus,9,3,10
3adf5e35-6178-4b01-aa54-184a905099e3,Uriah,10,2,1
5bd9d2f1-6309-430d-a845-4b80fb0be085,Ernest,3,2,9
731889c3-8d7c-44e5-a405-f424841cce7d,Bendix,4,2,6
7dcf57ce-ba39-4f37-add8-e5cd23e0c9e9,Wake,8,2,4
d2e9af00-98d5-41e8-b889-91a78c8a1621,Sibilla,5,6,1
16e99d1a-588b-462b-b261-0d1d5a5d6462,Kasper,9,8,9
56568ffc-bebd-442a-9b99-d36ba4c6a709,Zeke,9,3,5
b78f6b8d-354a-44b7-8d5c-1965960b919f,Cindelyn,4,8,1
77b3c47d-85f7-42a3-8da4-d93830213b7d,Derek,10,6,4
8af10496-3ec2-4937-bcb7-6d95b55f34b4,Cynde,7,1,2
82607f41-533c-427c-ba4f-0ccbc6e1122d,Elene,1,9,9
14867e34-f6fc-4647-a399-866344d6e0c1,Dorella,1,5,8
4a518567-b4f4-4d5f-ac7b-793a6c4a9e96,Starr,1,8,5
24bd8f87-702c-42bc-8ec8-e2ce5a60cfc8,Wolfie,9,1,8
8c9ce7b8-9b42-477e-a471-8136c8170456,Gary,7,6,1
cd56ece0-74da-4d2a-a09e-2627654504d2,Delcina,4,4,9
cf2da2d0-a55c-4212-affd-a18c59b0e655,Fanchon,5,7,7
06775171-3680-4536-85f8-f1acc46567de,Alwyn,8,6,1
cf56277a-78f6-4044-ba3b-cba42be681e1,Ciro,6,3,5
8771eae2-cb14-4abf-99a6-af8fd66d1294,Jodi,7,9,6
c18ca37f-202c-4490-8fed-77d67c3c99f9,Jerrilyn,1,10,7
7038e628-e83e-4afa-bf2f-60706aa8ad67,Kristine,1,10,7
1f8ffcb9-2c28-4b35-b18e-72057c249169,Pablo,7,1,3
182f81d0-e4a4-4580-890b-8f9c34ee5a8b,Vernon,7,6,7
9c51da09-91c7-4c8a-8173-710e73ee54cf,Shaw,5,5,5
3e430ffc-9122-4683-b244-00c24e6b61ed,Anthony,3,3,8
a0775136-74d5-4864-8f2b-e656472d3ff3,Ruthie,5,4,7
36e41446-f86b-4348-96b6-6fac10d94738,Ingeborg,3,5,7
14af080d-3be5-4985-bbcb-2ac55b20b18b,Trescha,9,8,8
62e5d382-1dd2-421f-9b38-e9e46e6e1ebc,Jackson,5,5,3
542d5c41-7fa9-4d55-925e-9859c216e24c,Quinn,7,4,10
0abe970c-9040-45ae-a057-aed1d7f5698a,Andy,9,7,7
1976442f-7707-4f45-9ac2-8c5876efc184,Frasier,5,7,6
18e53dc9-3b3e-42ac-8365-3a10c688f674,Isacco,6,6,4
37e7168d-c461-45c4-ab59-eaad96bb9944,Diena,3,6,9
eff5ecf3-e606-4252-8e2b-a6d5978289a2,Gail,4,6,2
73566ce8-231e-4f64-b189-dab81d97f57a,Nico,2,5,10
b5bce72e-1490-4933-b77c-7a9f994a14b7,Willdon,8,6,1
633340c3-c173-4658-bdb5-b18f533fcda8,Glynn,4,9,2
74a3c499-1842-4e4e-9c65-17a7579cf69e,Rriocard,2,5,1
ee010501-1a66-4bf7-8f64-1171613e0ed9,Lorant,7,3,3
53de011c-8562-4534-bdf1-15f5b090ed1f,Morgan,10,2,3
8f576a32-1154-4f24-9aeb-8f14c60ff875,Ailina,2,10,9
dbae33f0-7e9e-4031-8304-8d5f8b89d0d1,Faydra,9,8,1
304ff41b-0cfa-472f-91e4-c0afa346ad53,Eldin,1,6,3
55e82ea2-27ac-48ee-8413-b3af41a34c2d,Franciskus,2,4,9
31358c41-506f-4911-bf68-fc72abc7bfcf,Mervin,3,9,8
92961adc-5037-4f44-9f11-a2346aba3fbf,Dani,4,9,10
cb16b26a-6f81-4227-8614-9bb3e26a82e1,Abdul,7,5,10
5ead6c24-f755-41d3-a69f-cf33a8d931cc,Angelle,2,1,7
052c8c1e-ad8e-4b3f-8bab-326683bb2c6e,Karine,6,8,3
df86d656-fd84-4c0b-a217-c4a4ed79a009,Beulah,1,2,7
cfce924d-6923-4a5d-93f7-b96c8c4f1dce,Euell,9,7,7
163b4129-2cfe-4840-b3b9-23eaddbff960,Jordon,3,8,4
fd5544ae-4258-437b-994e-8c56175770a2,Maurice,6,9,9
497697d4-8889-4cc9-b458-63071a1673ed,Prudy,2,9,8
34fd6de3-7314-4eea-bfa5-10233d6aeb23,Gypsy,5,8,4
6a710a4f-8e01-485f-9500-2d06bc9b0560,Mack,2,8,1
eab7a0ca-4721-46c4-aa95-ad4c1a71ff70,Evan,6,1,1
4c8e7342-6b63-464a-9368-05bbbc2910d3,Nollie,8,8,1
6c5a35f6-dad0-444a-af63-c5e798967ee0,Joana,4,5,9
6ebfa867-6280-4a28-84ab-241e55079430,Shannen,5,10,6
4f5b3791-e564-4fb7-b0b8-6170dee1d7f7,Bryon,2,1,2
ae168d73-b6d3-4508-9234-2ebd275cef68,Grace,3,2,5
c467fcef-da4a-47f1-9e2e-4b0eb2b80401,Nora,9,3,10
67cf0f84-246a-42e8-a3c1-6f4553ce5239,Julio,3,5,9
039f3798-746e-4f69-9455-eaccb776d287,Kameko,3,1,1
f6ffd7a9-2a8b-4c2f-a0c6-5528a5d3895c,Kellby,6,9,2
fd56bdce-c485-4aaa-9761-f704c2c22ad4,Olivero,4,10,9
fee46c8d-398f-4316-bc1a-30817a634843,Emilee,3,3,7
fa7a972b-2a7e-4e3f-a1c7-59bcb5519afa,Natalina,6,8,4
7eed313b-f972-4617-b1e1-70f7455594a8,Alene,9,9,10
fbe816e2-dcff-488a-b917-d9593191bcf7,Larry,7,7,2
0a6d20f7-5519-4032-99bd-de110527724e,Denise,3,6,2
54f98c5d-aead-47e7-b13e-66b480a0b290,Carolynn,6,7,6
a849ab93-9e39-476d-bf1e-bd063e3af0c3,Aleen,4,2,2
19719496-7fca-421f-a505-cf1786091d7a,Saba,8,8,4
d28a8c34-5711-4978-95f8-1b37e1bde545,Krista,7,6,10
b7de7996-fc6d-45cd-a713-217c3d450d64,Alex,3,9,7
97f14425-b1ca-47a6-84cd-26a2bae68695,Janifer,6,1,4
94a2fad7-22a0-4691-8ee6-a597601107cb,Ferris,4,7,1
8ce9c4a4-28e1-4462-8a15-bfb3b0821f57,Merrilee,7,9,7
410be67e-066d-46b2-bb1b-00e33b9935e7,Trev,1,1,7
a7c2363b-6cb3-46b5-9088-7062fae2aeb7,Katalin,7,9,7
2ef9ab1f-ff9d-47f8-868d-771908c9e31b,Erv,7,8,9
75b9ad82-b324-47d1-b0cf-a72f35d8d60f,Madelle,10,1,6
b0715e95-b500-4a29-b17a-a84e89d801c3,Hedwiga,1,5,5
fef564d9-d2f9-49af-a961-e7e8e1926115,Nerte,5,10,6
3be6f9cf-d173-42c2-8005-8dcf12daeaf3,Inez,4,8,10
62cf860a-d299-4b2d-9621-78e868f32133,Phillipp,8,6,5
e7dba1db-6ce8-412b-b4dd-829d05fce4a4,Gillie,3,8,10
d826016d-d200-4577-9e1d-b9c999ff4f67,Worden,8,3,2
cba62c6a-6a87-45b9-a942-7f4486fb04d9,Martie,8,3,4
a2871075-6b14-4f6d-8f4d-104b51fd6a40,Eddi,3,9,1
687cf6bf-3ae0-41db-ae1f-8f6fec4c6004,Natty,9,10,9
f9e71437-153b-445b-8c4c-82ee43dd2b6f,Kingsly,1,7,5
6b8e6ff8-e2ba-45d1-8599-2ad763130dbc,Chico,9,3,9
1f0282df-f664-41a2-9a48-c6b473fa42bf,Ramsay,2,9,4
495e1ff2-f8c2-4036-aa21-cbcdbecb028b,Derward,5,10,7
78a6302c-7f6e-42f1-8c97-69449d25fcb4,Arly,9,1,2
04d21c7d-ab82-4e54-a9f4-6f2456533e65,Cass,1,4,10
bc06c2d0-3fe2-4c3c-82a3-28ea9811c4b7,Jyoti,6,1,3
7c9d9a31-1455-4122-ab58-44db9451f553,Clint,7,1,4
9999e0ad-3dc8-4158-b56d-84c56dd60764,Papageno,3,2,3
ff0d5ea0-6fc0-4393-8b77-46408893701a,Ogdan,4,3,5
2dabf194-665b-4b05-a27e-d2e4835ae580,Halsey,2,6,9
f23349fc-04b1-4ecd-9f15-5588164152ed,Cissy,1,1,5
31a3a477-a137-42c6-83b5-3d19cf8aec7c,Berti,10,3,5
f8142b70-838a-45d1-bf9b-863278f9bea9,Inglis,4,10,9
a9e1b4b8-cad9-43da-9ebe-71448a10a0c1,Lennard,6,9,7
71629275-89fb-49c5-b962-ac6601cc7efb,Margaret,4,5,3
5c76c58e-f0da-403e-a651-8661a60dea41,Legra,10,6,1
17a1603c-a1ba-435c-9091-37446f08e6ae,Kellie,6,7,2
b109c832-df50-4b6d-8948-d8cc8cfd6e02,Carl,3,4,10
305c6937-9ffb-4225-9f20-6ffa47d9e29d,Brand,5,6,9
d688baad-c56d-4c5f-8e41-e3e08ccba90d,Felipa,8,10,4
d63fa0d6-aaa6-4ad8-b598-b6807c441176,Shirley,4,1,10
f33aab09-b592-4799-bf68-8bdd0b9b4ac5,Alyce,5,10,7
1d25fe4a-f822-4f85-93d2-a83f1ed90a19,Ida,9,5,8
5fd71131-5fdc-4e67-8aa9-3dd67dcdaa75,Korry,10,5,10
3732c7bd-7cd3-4490-a286-c6e13e44a94a,Keen,1,9,7
028c14dd-aade-4c7a-8ba7-605c35279127,Cherry,9,4,6
c42d97b6-941e-4bda-b120-2a55b91b905a,Marice,4,6,5
b21e7881-c694-483a-b0ae-5787430da532,Clemmy,8,4,8
cb1ceb43-5156-4e07-9f41-29d366f60748,Wadsworth,10,4,9
7a10ccf3-c1df-4e8b-ad7c-d7d7ed6401e0,Roma,2,1,4
ea421429-36dd-4aac-a0fa-cfe9592455f5,Benedicto,2,2,4
b66b962e-78c9-4d6a-8c55-725b1a758fab,Normie,3,6,5
4afec2ff-e623-4f96-bae9-1b1eb57fd3e6,Thedric,1,6,3
7bca7f93-ff9c-4a6c-b82f-655c39a0e378,Durante,5,6,10
209395ca-0aee-4017-a0e6-9528db22679b,Fiorenze,7,10,2
18b33b78-6b6f-45cc-b120-fd30740560e0,Arlinda,7,5,6
cf3df486-1da7-43c9-bcff-c6cc7a514728,Andree,9,5,7
f7e85aa6-13cc-454d-ad45-23b9a9cee6e7,Boris,7,9,6
3c961c73-2c84-41e8-963c-2851e1ef6498,Nadeen,3,1,6
81272b8d-f95e-4861-a6ca-4e0a54bba37f,Caron,8,10,2
04b1f15a-d3a5-4746-a9d5-1a64b0f450bf,Eilis,9,8,3
a4f84d02-a4ca-4aa2-a696-4ac8ad7a8005,Rafi,6,7,9
935a0835-a90e-40ae-8d02-8f9b58cbc80b,Peggie,8,8,3
b5f29f2e-4801-43d4-8927-0ae7ff68b24a,Yolanda,7,8,10
9c06361c-6cf3-41b0-9ab0-c3b78ff2826c,Arlie,1,1,2
ab2faf0b-b32d-41e3-bf1f-54aaff3988e2,Rik,7,2,10
4fe206d3-2cf6-4dc0-81eb-169c91be7d61,Eleanora,5,6,10
573c3ebe-a077-4410-9069-98a1328399eb,Elianora,6,1,5
14d6e527-55ea-4955-a3a9-2021e031713f,Rhys,9,9,9
50a88030-368c-4469-badc-fbcea20e79ab,Morse,5,10,3
07d45baa-8695-46c1-8ac1-a13a5bb8e5a3,Cassi,8,4,7
89337a03-dbbc-4b77-8003-9be5608945b4,Fons,1,10,1
83faf3d5-8bec-4c44-8eaf-decf38b23d80,Sterne,2,9,1
bfcd4ad3-a0d6-4bce-953d-488469c064e6,Sheela,7,2,4
389df2e5-1a50-4e9a-81a3-d0c62d7df4ef,Friedrich,6,7,1
079afc13-4c19-461f-83f1-f644b6146732,Garv,9,6,2
dc2ae232-9738-4b68-b9c4-f6b91ae8fb86,Dulce,5,6,10
1fa844a4-7d32-4f08-9158-fa485606c7e2,Leisha,5,10,3
fe1a00c5-0e8f-4adc-a66c-89db80b0e343,Sherill,1,7,3
37ab491b-2415-4b5f-8ce6-f86c81871841,Roddy,9,3,9
c1a63def-b685-41ac-a148-47d287c68bd2,Maggi,8,3,8
b027c420-02db-4cfb-a226-d6cbfa4a7735,Rutger,1,10,5
4639a82d-40f5-49b1-b960-78abc42dd8c0,Sher,6,1,2
92f5184a-9f03-472f-9053-ed171e3b45a7,Alis,10,9,9
21f85945-649f-4f84-8f64-9526193f9801,Ashely,6,9,1
7771c9b7-f588-4adf-a5fa-45667515e395,Chandal,3,4,10
53747918-84d5-4e5e-8966-b1fbc263aba6,Kasper,9,4,10
3fa244f6-2f65-46ea-b36e-dd91d7d90419,Roth,8,10,7
dd4f0e29-0c6c-4e9e-beaa-55e9b72fd368,Holmes,5,9,5
45ca7129-4c8d-42aa-b23e-8d62412bd7e9,Madelaine,1,1,1
cebd3e74-9d5f-46a6-9ae8-bb031c284929,Rubi,10,9,1
ee62dbd1-e7ca-4147-969e-747540215366,Case,1,10,5
e86771c0-868b-4a9b-b907-c3c5ff6b1f7e,Trina,1,9,5
1f660816-bfde-40db-b3bf-a81d938c1eaa,Jan,2,8,1
b3e227e5-21de-48ff-ba5f-06dd2526b955,Peadar,1,6,6
abe9f952-77e2-40f6-b813-30c0d9ed2480,Feliks,4,5,3
879eab8e-1dc0-42bd-a859-5c1af3869d46,Dino,6,5,9
8ddb701c-535b-47eb-8b0c-62019b0428bb,Mahala,6,7,4
1ae0112f-46b8-47a7-a225-14524e2ec157,Elwira,2,8,10
bc66cc0f-4bfe-4522-a8ed-16223b99aae4,Edithe,6,5,7
9e6fdbcc-4a30-47fb-9737-69c70d432fdb,Corabella,10,8,1
2a9c111c-fd82-4a8e-8504-1e4ab3d25106,Pegeen,2,3,5
e192558d-0643-4ebf-9614-6fcd735317fd,Toni,5,1,8
b10400c6-a81d-4d7e-a253-3e5a4ef6aa64,Paulie,3,4,2
6c2db4c8-450f-4aae-8499-c2f611b86415,Shirline,6,4,2
5de8d547-b5df-47b9-b6ec-1d1290aff062,Tad,1,5,5
7fe9bce2-9074-4976-a167-ac122921a3ab,Jarret,4,5,3
d22ac905-7f36-4477-8ef8-c8051b36c2a0,Karyn,9,2,4
edc789f1-f1e6-487c-8521-e3411b9a5d2f,Berty,4,7,7
3a179562-acf4-4e14-ad6c-24af899d687f,Orsa,2,8,5
7866f1de-eb56-4bc7-aaeb-f90e8addc53d,Lutero,8,8,1
6379d9bf-e541-4382-bc63-9889ebad9cf7,Monty,6,6,2
c16a7c8a-f43a-4461-b372-1a2ce18332a9,Nickie,4,1,7
ccbb26d7-eb8e-4e9e-870c-838846b97875,Kaia,7,10,6
d3894864-ac3b-4a1a-96a3-92edc0708a1f,Sharleen,7,2,7
02dd8b89-cc79-4d18-91b3-6666f3514d19,Donnajean,1,3,9
0f37d88c-0ef9-41e0-9b6c-8d8db363bf01,Kittie,7,10,1
ad774ab3-8661-41d6-a48a-d749c8188fe4,Sheilakathryn,10,3,2
5610c921-f605-4f8d-bfe0-3fb791f50494,Gretel,1,4,8
5b4c0637-4ed4-4528-9789-fd7a38e0ff65,Joellen,9,10,4
fae773e7-0911-4874-85f0-0b2909da199d,Idette,8,3,1
dd63ec9b-b8f1-4251-b4ab-644a69552a7f,Isacco,10,2,6
c7e95240-f462-4223-85a2-9d286ff36b22,Bridie,1,1,2
475b8d34-4f80-4532-8f2f-7481c6d4e094,Pincas,4,7,3
d1104ee6-5ee8-4fb0-ad5d-600765d94f25,Clarey,1,8,9
8172cc8d-73db-42ba-b206-a0805848df60,Sophia,5,6,8
a0bafad1-177c-4236-83e9-af524c21048a,Tyrus,9,5,8
5252b531-2565-430b-b452-dc71af945688,Windham,9,1,10
788804d2-8b6c-4915-9347-abbee24634d9,Bink,10,6,7
0cc0c840-9893-4b8d-8744-4fb8bd399c00,Gerry,8,8,10
49893e86-a3d4-405c-ad7a-7bcf519cdb60,Carmen,9,6,8
87bdef8c-2f61-4ed3-b0d4-3f2610dd4b0b,Rachael,6,8,8
d2c3ede0-b2c5-4e94-adf4-d582e7e7590e,Marybeth,5,5,1
4cc1f2ec-73e4-4c15-82b6-fc89e2986415,Eolande,10,10,5
e6564519-cf70-4b6f-bdfd-a5be62bb7c9d,Audrie,6,6,8
4d9d4624-a31a-4f00-812f-a3d103358f90,Humphrey,4,9,6
0d48ccb3-7992-4834-aad8-8062a2b717ef,Coral,6,3,5
2b62ce73-d114-41f7-9742-61ca9e61c341,Aleece,8,2,2
498e205e-bef5-4381-b662-8332b2fc5260,Leisha,1,6,7
3c19f5c3-7a63-4826-852b-d0d843d6a5b1,Zulema,8,2,5
0b576176-1b9f-4c19-861b-5ba08c0b5e3c,Agata,8,5,9
705a54e3-7ba8-45b1-90f5-a4b22ad872eb,Daniel,10,9,3
d4234c96-0bff-4834-bc8c-e5346bf59a5d,Onfre,4,3,8
51f6c488-d696-432e-8c5c-d876652c70d9,Glennie,4,10,3
801bf441-88d0-4c61-9480-66c68d25c23c,Alaric,10,6,3
c16d1235-3844-44c9-9881-fb3a49d5c1fc,Adrianna,7,8,4
51bb5cf3-8d43-43e3-ba13-e2adff88f1e6,Dehlia,7,3,3
346e74a8-d896-426d-9a1d-f2e4f6b3ac45,Dougie,9,7,5
416b4933-3d7e-47b8-b5cf-604850e50fd4,Dirk,1,1,3
b3a14ff6-03f6-4799-b447-fcb4c8b2ed18,Cosetta,6,6,1
5a00b0af-aaa2-4b8f-a770-7e581fc8a2d6,Bernie,8,1,3
90276c9c-5773-4baf-85e8-964e8adc68e8,Fianna,10,9,1
9449eb6b-af95-4102-840e-10782b08b302,Skipton,7,6,4
6eecff97-972a-419a-84ab-56bb19f1074a,Bron,1,6,3
1775d732-666f-4bc4-b797-4968679f25a1,Wallis,8,1,6
21f842b9-7cca-4af8-9386-85a5327271fa,Kassia,4,2,6
bf18cf2a-1268-4a47-a3ce-863cdf783ee3,Lennard,9,9,9
dac560a8-165d-44ad-b608-7f7e0d2f6f50,Cissy,4,6,2
38c0a0a8-1535-4223-ba51-5fa9e0c789b4,Birgitta,4,1,2
b4086aee-91f0-465c-a5b1-5f814cf7bdba,Teodorico,8,3,4
f33fcf94-c1e0-4719-82be-4f8ec490873e,Shauna,4,8,5
8f71895d-6b24-4ac6-bd45-d8dcadec07c9,Lucie,9,1,10
57019e65-2aa8-4c99-a590-a930fd086e9f,Morgen,2,3,1
64df39c6-7d14-42eb-9776-ba9cccf480dc,Louis,4,3,3
b62b6d67-f4aa-41cb-b063-41c0089b9763,Brooke,5,5,2
a21ebf1d-984c-4ec3-a95a-2f3388d0e7d8,Denyse,5,1,9
2d4a685d-c8e6-458e-b159-63af2e118b46,Biddy,7,1,9
f63fbcf1-ba97-4a00-97e5-ad7326fa55fe,Jenny,4,2,10
fd07de73-be8d-443f-845a-defb35eaf383,Brigitta,9,5,2
2f46e637-9f91-49ff-a3aa-adfece038a7b,Natal,5,2,9
42120e2d-569b-456d-9866-afd2d4cff033,Dorine,3,8,3
9bf08556-101a-4041-a1ab-c0b1fdc82b78,Adrianne,1,5,10
45f4aa2d-8464-4ab7-98d3-54b4606c31cb,Frazer,4,3,2
c22fd998-1f00-46a9-a6b9-f03e4d688c4d,Sargent,6,5,8
85defdf4-b3d1-42e3-aee4-f50e23667ed5,Davin,2,6,1
f4acc66d-c8a2-4d4a-8509-6d79948f8c73,Ingamar,5,2,2
6af20553-709c-4cde-8526-0ac67e5b9182,Parnell,9,1,5
1d660e54-96ee-4ef3-a01a-fdd92416fd71,Spenser,5,7,6
0ba2aea7-bbe8-46e7-ae4b-e086caacc433,Jerrome,9,8,4
e7c8aac5-4ccd-406e-ba9e-ceb5657d37d7,Raquel,7,6,10
aaada6ae-c717-4505-a019-7c8c6f81653c,Sax,2,8,4
c2d916b9-16a0-4d4a-8bbf-a193400cdea4,Tabby,6,7,8
71f7b90e-677f-4eba-9554-d9942586100b,Germana,2,7,2
643deecf-a7af-4716-bb07-8275a0a2a0d1,Gabrielle,10,5,7
363cd6dc-89f4-44bc-abe2-664163987540,Joyan,7,6,3
5f32de1c-9b67-4dc1-a7e8-ac2513dde184,Calv,5,4,10
e8cd1c45-e19d-41bb-a70d-e88faacd0a57,Wendell,7,10,4
df2be54c-b2c9-448e-ba8e-eb01ced18c42,Lucius,6,4,10
14a7adf0-28a9-4cf8-af24-0aa637151cf9,Donny,10,3,8
5d4d0b5e-6cff-4184-a78c-a8274f8861a8,Nelli,10,6,4
055ff891-7621-481d-baa9-03a6f35ba82e,Sib,2,9,4
30e9471f-7181-4f41-9fb2-4ec7b2e3c8cd,Chandler,9,1,10
29972581-0d3f-4228-979c-1f9bf70b7ac5,Julian,4,3,7
21ef96a3-8918-4a6c-ae3c-09c9b555ac14,Teressa,8,10,9
3e4a09f9-fa47-4738-8f07-18ef2c58f9cf,Carlye,8,8,4
d51d9767-024d-47a2-acc1-c2e93d98d9ff,Lem,9,5,1
dac79a1b-d712-4ee4-a761-e08ad2705c9e,Westbrooke,8,9,2
214a8f8e-192d-49f5-83f3-b4e8bc5c3ec0,Cesar,10,1,10
4e1dec95-3662-48e2-a4b1-49ce66493b96,Dahlia,5,6,8
5f6ceabe-328c-407a-a521-d40f981fa31d,Katee,5,1,9
e9e38ec5-19ac-4005-8270-81a81c83953e,Saunderson,1,3,6
e1f1c888-eb24-4819-b352-9004b8738e48,Leif,3,10,4
9213137e-a85c-45be-be26-34a7cf5bf0fc,Gayel,3,6,5
01ae75ec-04d5-415c-916c-38684882126f,Lavinie,6,5,4
3f2b4953-2d0d-4b60-8ff5-87a0f5dcdd29,Cariotta,4,4,9
3be1c775-454a-4607-91cb-154ede9e5fa9,Hermione,2,1,5
47c6fc89-dc5c-4a22-97f8-879a4496118e,Rocky,2,9,1
a94b03a7-396d-4ca4-b3c1-8deb9b1e781c,Willdon,4,4,9
d2584ba6-3012-4678-8b02-50ad4252ee2e,Karin,5,5,1
5cca22e3-da5d-4f7a-8648-d5d3fabbd30e,Kalinda,1,1,1
6dc87bdb-c656-4a29-9e93-63c7dfb98e25,Evvie,10,1,3
1451eea1-328c-4244-b7e8-06496a37d9b4,Ambur,7,1,10
51591e8f-a1f7-4449-bea0-dd117c143447,Mannie,3,4,9
0ef0f8e0-60d5-4fa4-91c4-9f52fb8d88d9,Zaneta,5,10,3
86e98719-80ff-4863-8f5b-67d21e1d3899,Jania,4,6,2
07213268-0076-4f09-989f-727cc432a279,Dannie,4,3,10
b3d9ba45-314e-47ca-9e29-1a98377c0e73,Garrett,8,5,10
89c4ee9f-e656-46f3-a760-395ca079a252,Fons,5,8,5
19aa8f22-1732-407c-b233-2e89f37e6811,Louis,8,6,5
d8226dd8-077b-4379-8527-5d674cc92de9,Moyra,4,3,10
fc993b19-4ff0-4483-97c2-7c138acfdcd8,Jannelle,10,6,9
b2076f9b-67f4-40fd-970e-d32164f41d73,Orel,2,1,9
36e34667-ed1c-4a8c-8886-0455072c7afb,Otis,4,3,4
83fa335a-1e06-4b2d-8ede-0c769ab5affc,Lindy,3,1,9
2ff2f45e-3273-4a51-8160-f4bb5ff648ce,Tommy,1,9,10
ba954b8b-aabe-4090-9178-c17511489771,Bertrando,9,7,10
beadc302-53b0-4298-a1d6-f664a53f15be,Joya,4,1,7
f19451f9-1a6d-43a6-962d-beed167420d4,Jefferey,2,5,1
9744bfcc-def2-446e-a244-bd71dd3e0922,Elbertina,2,1,2
8c0296f4-318c-4660-b74d-23f8c7bd4cf5,Jacqui,6,2,3
fb360a83-46af-4329-b052-592ff238266f,Calhoun,1,3,9
ae35225d-cd77-4140-850e-8501f12790c3,Geri,8,3,1
d9d4972e-123c-45f6-9657-5072ed3fef7a,Glenna,10,9,5
0e573199-f07d-426f-80cc-fece318ab5cc,Gwenny,8,3,7
02fabdc8-1414-4cd3-bb5d-a5557eb4cae9,Vanda,10,10,4
ca031809-8751-4b01-8ba5-3936a4fcd766,Feliza,5,8,7
2f4703df-d219-42db-8a8b-49a4b3175a8d,Darrin,3,6,1
f6dcb725-c317-4093-8681-7011b451557e,Les,3,7,9
0de2387e-8b47-4852-a955-bb3ae5e113d8,Fonz,1,4,6
9310d66b-b727-4f4d-966a-85421d1c7152,Dianne,5,2,3
b5b4a7e2-459c-4312-985b-87da7a2fdc24,Janessa,8,3,1
df4c4115-3566-4c1b-bea6-c0edb558d9f8,Jenine,10,10,1
6e293606-b3b8-44e7-b101-84a15e8029eb,Everard,5,3,5
32d618ea-9c8d-4ca0-92e9-4c1e7969f779,Avigdor,9,7,6
139f1f07-58d4-42a8-99a8-f1c1985d7a47,Maitilde,8,7,9
3cc98aeb-7ca3-4528-a5b9-99aea1c10493,Drake,6,1,8
e8a6ae0d-8d09-4cdd-bd5d-774a8437bd00,Bobbi,6,8,10
bce40fb2-9451-48a6-8f55-cf1a8e184a5b,Taite,8,5,2
3177b863-059d-4704-ba62-b06cef5fbb49,Winifred,3,5,5
bd136a89-3bda-4416-bd08-eac18fe6cd79,Asa,9,2,10
f477ec89-f265-42dc-b5a9-f02625fcf9be,Theodor,7,8,6
6a766ce7-744e-4e29-8693-fc788e5e07d1,Hollis,4,3,10
6977537a-b407-4eef-8863-6e8e26da3da3,Shem,4,2,5
92561ae6-69ab-480d-b5b2-dd611bc58b83,Dominic,4,2,10
f96f10f2-cef9-472e-8e4c-2aa80556a351,Lillian,7,7,8
1a97a701-0b70-4ae3-b6b5-ff17c99b323f,Constantine,6,9,6
51b3e531-cfde-4a34-81c6-4e99f24d133f,Drake,6,10,1
0f0b29f4-bd8f-4867-8ddd-52b4dccf6f6e,Rene,10,1,7
7705e78b-94dc-45ea-9123-d55acfab22b4,Lizette,2,5,9
d7d03afb-cb63-40be-88ec-7dbbf5ccc527,Lorita,3,4,5
49204dc9-6fdc-4882-ae55-99852cad2af1,Sidonia,5,6,3
ce54f09e-cfbf-4b5b-803c-455728b28d3b,Joycelin,6,3,3
52210c9e-88c2-4f2b-b67b-b28d771f20f6,Bartholemy,3,7,7
ff0d5ddc-9ee6-4110-b50f-8e589ff1963b,Ibrahim,1,3,10
d72c564a-5b8b-4a28-8a8a-d5dc589cfe65,Madge,1,5,1
2faad5e7-90e1-4a83-bd15-b0ce538af343,Erny,2,7,7
f280c1b6-00d1-407d-9d17-97baf7c0c1c8,Franz,9,8,10
44889f33-32a7-4f73-a4ee-71e84349533b,Cobbie,7,1,3
765df755-3d3e-4d78-b442-5b9541b0e13d,Hendrika,3,1,1
23fa98e0-621c-4697-8388-13fa3ec6f6dc,Roderigo,5,4,4
95bdac37-7aee-4848-a319-af4831e2ec64,Jecho,6,6,6
dca5ef57-94bb-41ab-950d-86871093a669,Shena,10,3,9
a0446473-16de-4a90-bb2a-d691d18049a7,Evanne,2,7,1
56aa1eb7-774d-48c4-a7c9-9d3dd796d814,Dallis,3,6,2
a276c307-551c-46a6-81a1-0917c2e3c1fa,Orel,8,2,3
b5dd46e5-294f-411b-ad42-3f781b789ec2,Prentice,7,6,7
b9bc8c81-b325-426d-8163-c5eb965eac06,Cassie,2,6,10
c5ae5fd0-481f-4d6c-9f07-093f1285f5e5,Olav,6,3,5
dc0f0711-4cc4-4bd5-bbf8-1114668160b4,Maye,10,6,4
c3f29f6a-ffed-48b9-a203-a23d8bb6a1f9,Mirabel,5,1,6
3c5d1d4e-19dd-46dc-91ff-b6f04d4bb84d,Caressa,5,4,6
0201e6c6-8e1b-420e-90d0-878de0010df1,Damian,3,1,6
73ba0301-4f57-479d-a2a2-b025b70e87ae,Teena,7,2,2
0ce25ef6-d060-4555-bbde-b514a2eb9d8f,Jodie,10,2,10
a3a23351-2e46-49f5-abb3-6c5cd15eb41c,Fredelia,10,7,8
c834775b-ef32-4683-929d-f9b10900fa99,Sheelagh,8,7,10
872971ba-d29e-4e69-b532-5000cc9dacfc,Malory,9,9,10
4b3cca98-b0f9-4eee-98a4-f3726dd1f6e2,Reider,6,9,9
0067b73d-4149-4569-b2bc-024075916d87,Karlik,5,1,1
254fb432-b32a-4b0e-8e38-47823537f8f1,Tatum,9,6,9
15e96456-857d-4e6e-8ed5-b93d7eacc912,Malachi,5,8,1
0cf285e0-3b5e-46f5-a8f4-131941123e21,Randi,7,1,10
dd08d5cd-ce8b-4974-8e64-172be2c4b439,Salvidor,10,9,10
8fbcd82f-02d5-40f7-94c9-c485332af6f3,Fanni,4,7,1
ebb8be22-75c3-4717-89b6-62f537601d2c,Adrian,2,5,6
cc987225-45f3-4753-8e13-833b5377c610,Stephani,9,9,1
62e51225-bc13-4b67-8bc0-8c8abb07dfaf,Hilliard,3,3,1
613ea24a-1ffe-41ba-87ac-66b4e252f1c6,Krystyna,3,10,6
caacc0db-d215-4b0d-8718-b720199fe26b,Tiena,2,7,10
21a1640a-187a-4ac3-aef9-5f6b3a8915b3,Betsey,7,5,9
63fb7543-705e-4630-8c99-a5aa4dbcea02,Valerie,4,5,10
3bdae8a8-6557-444a-9c55-3ee184be064a,Tess,4,10,6
a552b2f5-7d42-4987-9cab-7242c78073a9,Doug,5,9,3
ff9f6f6e-3a0d-49d3-a051-252ff66dc5b8,Kimberlyn,10,2,5
7d1080e8-a07a-4023-a4f2-8f1428e114cf,Brien,4,4,2
2af151a5-28d5-42b0-90d5-7f5a0b5df966,Jakob,5,5,5
460baa2e-574d-4d8f-ba22-081e3cfb9c71,Issi,10,5,6
3dd47462-463e-44c2-a53e-2ff13199e7b6,Alyse,3,8,1
3b210f4b-ea20-40e6-999c-ddacb9b988e5,Hermie,5,1,9
710622e2-e3a4-4bfb-abca-398c78323be8,Gisele,1,5,2
9023dec8-3465-4101-8071-fc186b55f5d0,Perceval,1,5,2
bee92b3a-c860-4b1e-b408-dd3384f2171c,Sherman,8,10,3
da975501-de7e-44fc-93ed-d458f993dc53,Kimbell,9,10,9
f419d74e-4cb4-49e3-866e-ac4beec09b34,De witt,1,9,2
1a88be8b-2fe7-4051-83be-9e00a89202d8,Tonya,8,1,2
8b9db67a-f9b1-450f-aced-5f2c05cd9b97,Maddi,8,5,3
7faf103a-0915-4905-8025-33dbb14d70de,Karel,6,3,6
c4a1cb33-e5d4-4fb1-9222-0ce781fb9a4b,Cassandry,6,3,7
41f5ef99-5858-4009-8b42-61377aa9c378,Shara,2,2,9
c803e747-f61b-4d03-98a2-f7ba7f216f01,Lebbie,3,4,9
97663fa4-6a85-4b92-9ae2-939951a076a4,Westleigh,4,10,6
769540da-075e-4a09-b674-20a9c2600ea9,Liane,7,5,1
1d8388a2-2d8f-4995-ad9d-0c115c2a424d,Sissy,3,5,3
4b1d71de-cece-492c-981b-3e2ced9a183d,Silvana,9,3,10
ade2f271-acec-4cce-ab21-e2a9b9e21572,Ailina,4,2,8
374c91a7-dc31-4f13-975c-ecedecaee75d,Liliane,4,10,2
03905fda-b5b0-41d4-a93e-dece60e23a29,Elnora,1,4,7
6cc2fb95-65ce-4bca-9e24-63aef1f4c0ab,Jenni,3,2,8
6ae22f47-65df-4f7f-915f-bc581babc6b7,Carmina,5,3,8
23281250-6ea0-49b0-947a-193e642b3947,Mychal,2,6,1
6068970e-252e-4d23-80a8-10364fc3a74b,Caroljean,8,1,9
f983961f-511e-403d-af8c-e40726e9a347,Heidie,8,4,8
f42b7525-26d3-45e6-8d2b-fd761a2af3b6,Dennison,4,4,6
c63c42f6-fb1b-4db8-91e1-e1a3b80e043a,Lindsey,7,4,6
8863a6ff-3300-4d90-a4e7-c5542d924ba6,Ham,1,9,7
b5507f3f-5f7d-468e-b614-dce3ba983d3a,Helenelizabeth,5,6,10
3a93fd2c-0222-4bf7-a23c-7a602e4de042,Em,8,5,5
91f48d43-f5cf-484a-85c3-da6d4496f842,Elbertina,8,2,9
b0b9f6bf-8708-4cba-9809-a6e634293e58,Ashien,10,3,5
280f62f7-dafd-4b6a-8508-36bc00f8d769,Garth,5,5,2
84150fa3-9c1f-422a-a9c2-691078d8cf12,Con,9,5,5
20f4e65d-1541-447c-8466-67fabc3eaa97,Fernando,7,6,9
13e89edf-d3eb-4c7c-9159-aaa2cd95767e,Maryjo,6,8,2
3f2b8ffb-8090-435c-a0fb-816030e5036f,Devin,2,2,9
940e8c35-2ebb-4b4b-9ac2-eba22f263e33,Trixi,10,9,4
4656b8cb-d063-4ba8-9776-f3997a436fa3,Rosy,8,8,7
8b7b1aff-8aa9-4ab7-80a9-b397540d932b,Felicia,3,2,4
63f70028-dba1-4b75-b96a-91eb472c165b,Leontine,1,1,3
7c12e4c5-fa54-4c17-8965-22070adcf7a1,Valaria,9,5,9
ad5a2f04-f940-4a47-9063-00b704215ca8,Cathryn,10,3,2
0fd207bf-4945-4c25-8bab-e1dda5ec975d,Rice,2,3,7
98db3877-4286-4fcd-ae8b-1bbbfd1c114a,Chico,9,1,8
afe0fd9f-65a2-4974-960a-1926d18ea3a0,Anni,2,10,6
2ffcd79d-3204-420b-b7a8-edf2e73c6ba0,Griffy,4,1,2
b9a03b27-e9d7-4e7b-aebb-128e72194660,Trever,6,7,8
6559da88-b5b5-4f5b-a793-9f410f1c08c1,Roda,1,10,9
8f92c102-6238-4020-ba92-bdadfeeba4ff,Milena,7,7,8
e81b09fc-b9a5-4c2a-a2cf-2ea2ec9e0ac1,Torr,8,6,9
53a80c80-10d9-41d3-b4cc-2abf39240481,Sheree,4,8,5
3e783e7d-74b4-4a5c-8ca1-a3a8699689df,Kailey,3,5,7
41bb82ed-1ca4-4da3-a93d-47e3b568b1a3,Stafani,1,6,7
12ca1050-f572-47ae-8b4a-28e9b8740077,Jim,1,6,2
583f0049-30b9-441e-b67d-199a95637d2a,Juan,1,8,10
d657f217-5732-4c2b-8bf3-f7a40cb393dd,Rennie,2,5,2
7e4e5758-0fa3-4f1e-9fac-6a89551f94dd,Will,8,1,5
b25f8c63-bb71-4198-b949-1cce3ba82280,Dyna,3,6,4
ddfb0f3d-2a96-4e18-8210-18fac9af37fd,Barr,2,7,8
e625e215-9d6e-494d-a482-9b858bb00717,Claudell,1,7,9
183ef224-3e48-494e-98d4-aa1890506935,Neala,2,9,2
1a958eeb-0b74-428a-b618-982b7a85e310,Franchot,4,10,8
5af646c4-5ffa-4aac-b0af-92d4364b2dc0,Sayre,3,8,7
5b139f38-8bc4-480d-8088-f92bf43be442,Carlynne,6,1,8
ae5e2230-8e23-4cce-84e7-1b4e7d07f1b7,Edwina,9,7,2
db53fb9f-b4be-4964-aad0-aff936c17afc,Dew,6,1,4
9ab6358e-b4a8-4fa2-a56e-51986b4d484a,Bax,4,5,5
a3405fe6-6a91-46c6-bb7b-ae2bafdc6801,Nikita,8,9,2
0b4d7c93-2b9f-44b6-a5ea-f8c8014f2569,Aubert,4,4,1
b0500a96-d9a9-46d6-95ec-e0de4779d3aa,Genvieve,2,10,8
ac8c9708-ea61-4dc8-8af9-622048f931cd,Jasper,10,3,3
45028e85-3af4-437c-b077-a2db4b00f49a,Marita,7,8,4
431a3ad0-586f-49f7-9e70-214d28ff4f65,Mariejeanne,5,4,8
adcbcd98-24e1-4cca-8e64-0533ecf5c745,Gav,9,9,10
2a3a4f4a-1d03-4d86-b128-9b4500548556,Gail,3,7,8
5a0b3699-e40a-4a6c-ac92-89a6fbf6314d,Felipa,4,6,4
2adb2935-801b-4886-ba6a-430fdd059110,Dita,10,1,1
4f6771a8-8a7f-476c-82ee-57fa102f83da,Giacopo,6,9,10
d19f9306-ef40-4e8a-ad06-11030a45ac14,Analise,2,5,1
880e7c9d-e626-4700-8a5c-64f97090483a,Kacy,5,2,8
7a94e329-8fe0-4f57-a2c5-50dc3b1a0231,Daniela,5,1,5
5a392a76-1e0d-4ada-8880-4d1f2b605749,Hedi,2,4,6
9136b3fb-62d8-44ef-b60a-278a4db226c3,Truman,1,10,4
93433ef4-8982-423c-8830-f7763866bc83,Grant,6,4,5
2b23648e-db78-4db9-8652-5bbc585bffe2,Edmund,4,6,8
72638336-23f0-45a1-86fc-cc51e76f537f,Welby,8,5,9
79804cfe-c42d-44cb-83fd-82fff049a335,Tannie,3,9,1
d605e6a0-9573-4f46-80ad-c9c120bef39b,Flor,10,5,10
c855f9bd-a784-45d6-897a-1b0b24fd3577,Jennifer,2,7,9
bda5d25a-f850-4997-b2ff-7ad410babc13,Annabella,6,8,4
193235bc-d101-4552-8aa3-e916d28ce5e9,Gawain,10,10,6
ce828574-4df8-454b-a822-aa99eb5cbcc8,Bryce,1,4,2
cb8ede1a-9a50-4cee-9e62-ced7ccdc9744,Rozalin,4,8,7
29de2188-370b-4989-8e82-588dd52a7217,Thane,10,1,3
2a9e3fbf-9dc6-4d95-aa60-5aca392356a1,Selena,3,5,3
fafbb413-1f21-4688-a61a-a1afcf74c23b,Dollie,4,1,1
4bf2fd64-a9f7-480d-9311-33cba586b1f8,Ryan,8,9,6
4be2bb5a-f201-4655-90b5-680fd57a4997,Amalie,9,7,7
c6a31865-fd37-4009-8465-5f150395fcf8,Luce,6,6,5
8fbe7a37-229f-45c6-b130-8523344da993,Iseabal,2,4,10
daeed37e-e3ee-422f-94e5-3c1e6a0cd9bf,Mahmoud,5,8,8
a58a4c28-0a32-44fd-ae3a-2a8f9c20b295,Benjamin,7,6,10
1b8c029c-8d17-4813-8a7c-81e958aad845,Jacky,6,8,4
2baa5c5c-11a9-4c4a-b378-76959ae77c35,Eddie,4,5,1
ceec4860-f538-4d49-a7a7-3608634c9869,Faber,4,2,10
20a73f5a-5232-46a1-a477-7bfa45a50c8e,Camella,10,8,6
459d5c88-a124-4f39-b136-aa8934c23d8d,Aurel,1,3,6
66882d96-9f31-4ef7-98d2-850d609292cd,Wit,5,7,6
250d1f05-3c41-4d10-a4e2-44468aab9fb2,Alexio,5,9,7
eeb97a07-ef01-4b9a-bf62-e96ce5a0cfea,Marna,1,9,4
052a6ef0-ae7a-4229-90a4-74c1da51aafe,Idelle,5,8,10
1ef8e384-b914-4689-9462-94b75062c210,Fredrika,8,5,9
e9a1bc13-fad2-4161-ac7c-eba18e279915,Stacee,2,6,7
07301348-5867-4af4-a58e-ede48215aa8f,Kylie,5,8,4
95c6fa48-b82e-4cf0-b5bf-791263ca6e64,Cristionna,7,5,8
a56d7a99-40a3-4bc8-b49e-a5543a7a926a,Demetre,8,10,7
20e5e87d-7084-4422-91d3-6201dd256f45,Loraine,8,9,3
12eddbae-deda-4dd4-b40d-38d887dafe50,Clementius,9,4,1
d6974cac-8e45-481f-9dbf-75c3ab254bb0,Shell,4,1,7
a2926f23-ddcf-4964-9182-55c65d31eeb2,Giovanni,8,7,9
f687f140-0839-41bb-8ff0-817ce1561e86,Bart,10,7,2
4d090beb-4678-4cd6-b4e9-3c5d7b360b12,Darlleen,5,7,6
5889b4ce-e718-4b55-ba81-ae045a272a2d,Berni,5,8,9
329d54d6-1fce-4615-b724-b69c319a5bc3,Aimil,6,2,8
bc376ca3-a452-4ab8-a27d-398329aa8cf1,Tomasine,5,8,3
59212f42-2296-4144-92b6-73bc0f475aff,Kylynn,9,1,7
d737e43e-cbed-40c4-90ce-5bca3d0e9fe0,Cleavland,6,2,2
d7537075-6e8b-4d12-91b0-620b16a01584,Gilda,1,6,8
1a8a2b64-9ed3-492b-9ac5-27b95fbf1f35,Wainwright,2,8,2
21f62b78-5dc5-41af-8d79-d290692237b5,Margalit,5,9,10
8274ca68-9ec2-4c37-858e-37b21d914d00,Natala,7,1,6
9273d0ab-2c2f-4d4b-b1de-7cd95fa11f42,Melina,7,10,9
82363ba5-eca5-4321-a7a7-a15d4ea0d8a0,Claudian,3,4,7
7d880a4e-3a39-4a5c-bd06-24e11f3e1d73,Verine,2,10,2
652881b3-076c-4728-96b1-7b5c2d39116a,Dacey,4,8,6
fa33c6fd-5774-44a2-aedb-aefe43a6917a,Norma,1,6,9
476d2b63-03d4-4804-9017-c1300756f9c9,Mata,3,6,1
4c2ff347-a8b3-4dd3-9b2c-3bca0c95fcd7,Corrina,4,4,1
0bb9ecad-5593-4b75-a400-55f5b8603830,Trace,10,7,4
a7404373-0624-49f0-a560-03199a6f6479,Glenine,1,1,2
198a0241-89e3-4f03-b31b-2c97e8bfc26e,Dyna,9,6,8
dec7e055-5686-4a8b-8cf4-ceef84531b67,Tina,5,4,4
603092ca-5f07-4b7e-bf85-108b28a01baf,Eberhard,3,10,2
f7c64f7e-537b-40be-b0ee-594dfadb9e3b,Melisa,6,10,10
a9d9d984-6a29-4a18-bd5e-147f496997c0,Clemmy,7,6,2
63acf8eb-e38b-4c94-b2cd-6cf59b37afae,Quill,8,3,7
35cf793c-adef-4e53-9811-13994ee60d61,Jason,4,6,2
d9807bdf-0c87-46d0-97c3-5e58be7201e5,Melony,10,5,4
81e0d239-51d6-4201-9393-5612c188d0e7,Giuditta,6,9,7
5ba81f67-482e-42d5-b2d3-383dc708e6ff,Vittorio,9,3,5
f6a6350a-c146-49fc-8556-083c1007c4bb,Callean,2,6,3
90c71e7c-ccf9-4e4d-81eb-a65f09d03fb9,Victoir,2,1,8
5a888059-02f5-46d0-b385-35073533ca27,Valeria,1,2,9
2963fae9-1ed7-4c89-b6aa-450540d2f9fb,Carroll,2,3,6
90290c28-65c1-4141-a5ef-782ab1cfb1e1,Jonell,9,9,10
40353ed7-0f90-4373-928a-8a23c55f7c2a,Alexis,6,9,6
4b9b6eaf-16f0-4fd9-8d7d-a3a2c980dba3,Mavra,9,10,2
083fa6ae-9a76-4e98-b176-954fb9db8de7,Haskell,6,10,7
43bb89d8-488d-47c4-9ac1-66e686a5a867,Fran,8,5,6
3a36b7d3-7ee4-404c-ae94-af2fb262238a,Kally,6,10,6
8db55e4f-2c3d-4ef5-a8df-b8f66d1cf371,Konstance,5,9,5
b3b4fcc3-9692-4c1b-8909-602b9fa7688a,Winnah,6,7,6
4ac91b93-8d19-4738-bacc-cf84c11ef3c7,Keefe,6,3,4
0242e261-7b22-4f73-85a1-533caab4f11e,Dorothea,1,5,10
4cd415cb-28ae-4a80-8ebe-21a657bd8422,Caron,4,10,1
7e3d595f-be66-49cc-a9d6-d4dce373be6b,Welsh,1,4,8
4a7e4de9-2ec5-40b0-b25f-3b14611561c9,Cirstoforo,1,7,9
8a22ee79-cb00-44f7-9a7d-ee0b4d8413a3,Carry,4,1,5
dd48226a-ec81-4bce-9b30-91aaf883200a,Ezekiel,8,3,6
ee2ade48-7c91-455c-be65-63bb2c38f66d,Ekaterina,10,4,1
8ce8b0a2-1082-4d55-b45f-812bc5278d50,Jourdain,6,5,8
9b842d64-1cb8-40d8-a9e3-319b05d48e42,Jobye,4,1,7
0944c58d-3b56-4fe8-a21e-debfc659a5a5,Bartlet,3,10,4
675eb1cc-7864-46e6-9cb6-764d2ddd8c11,Ches,7,10,6
3c35148f-6c34-4a39-bf0f-610f2f6ecec6,Cally,4,7,7
46d70f01-c0e6-4ae3-9e3d-7a5c77cf9eed,Anatol,1,8,5
a4369ae1-d0ac-4771-bc77-a7b89fcf855f,Raquela,4,7,6
d09d106c-5c10-4319-89c2-ecb0e56aba68,Ninon,2,3,4
616103c6-f4cd-4e41-a832-94db3f878d46,Carmelita,8,2,10
7864acdf-9148-4045-a814-0f99b25fd499,Gard,2,3,8
a826ad94-ece1-4d75-8485-4e2d53e48b9d,Virginia,7,4,7
c29e924b-40ba-425f-b28b-2eb0a41e468f,Isabel,4,9,9
7279e89c-0b84-4a98-ae7b-4d2da6e01cad,Ariana,9,6,5
f8681a58-bdd1-461e-b8df-7d75507df16f,Clarke,4,10,1
eccacd0d-6e21-4203-92e8-dd919fe5b962,Karrah,6,5,6
5ea3a5c7-11a0-418e-864a-e43017fd04a5,Ichabod,5,1,6
95104658-6de2-45f0-98e2-814efbea8550,Willie,5,1,1
c2dec70b-574f-4ad0-a2e7-b8921b02d44f,Cheslie,9,1,9
cda9a2d7-e14d-4962-9399-7eeb96feba2a,Angelica,3,8,6
36417c7f-51e8-4e93-93a0-aea44757b811,Patrice,2,9,9
ac4490ee-2eb9-48e4-b774-c4da17c045d4,Lazar,6,7,2
0ce4b7e1-6709-4bc8-8181-f03b0690c60a,Hermina,9,10,4
9bd2378b-2519-4f4c-9bcf-b083c858a97d,Virgie,7,5,6
8e644f03-3f34-4178-846d-771569401a1f,Johnathan,5,10,3
a9d074cd-da6d-44bb-8a05-dce636b7dc32,Brantley,2,8,9
c314a748-bbb7-4293-9d49-a0a5acece833,Bryanty,3,5,2
9d3d6ec1-b846-412c-9a47-fb6b281f993f,Cass,10,2,4
7f0ae87c-50cc-49ab-857f-a5029f9f4d13,Debor,3,7,10
4a8a9007-93dd-4627-8f38-5b6ad8df7f00,Josselyn,1,3,1
e046b28e-35ff-4041-a842-bae8acfe1810,Cristy,10,7,6
9528c581-1ff2-4a5f-a856-1f5c11b191ce,Isa,2,3,8
a04cec41-1be1-403e-9905-378321beb550,Chad,1,10,9
920da943-7d96-4b94-abc4-44981e65065a,Dosi,9,1,1
1232c25d-12b1-4904-b326-1631ae8db93d,Selie,10,8,4
622b9b08-1f2d-4dff-a0bf-ea980921a8df,Alisun,10,1,9
e414d257-75f1-4bd3-9c07-ad248ecf0ff0,Dredi,1,6,4
eb3d6bf0-3aa2-44a7-b798-09acb4f4d575,Jerrilee,5,8,6
1a8762d0-3fa1-47ef-a451-6e36ed1d1625,Hagan,8,4,2
7c8f54bc-997f-4a3c-aea5-00c86fde0736,Onfroi,2,4,3
c29d0c7a-65d0-4e45-ab22-a7da05af0996,Chicky,3,7,9
e8eef0fa-cfaf-4fe1-a75a-cd667c7082a2,Silva,10,2,4
464678fc-5813-43f8-916c-aca454ebdf66,Olympie,4,10,2
20067273-40c1-4336-af26-a96a318ff807,Shannan,3,4,1
8c39d658-3f39-436a-bf63-7cf0a575a337,Bethena,2,8,1
a288d91c-8dfe-4525-8ed4-d4f4df4f2410,Eben,3,10,4
e4bc296f-1c16-42df-abe4-688d5c7f0fe1,Pat,4,8,1
6dbe8451-3aea-4b8a-9b9c-a8f4214301b9,Elston,3,7,10
e14b8c13-d2ce-4970-9ccb-1f6eb5c110d5,Linzy,5,5,5
b9ef5a7b-272a-422f-b9b9-074db5d3ee67,Benny,9,6,10
db028a63-208d-4763-902f-242039c7141f,Dane,5,5,1
35149a64-83c5-4965-b118-baca5df18d5f,Krista,6,6,5
76b8d81b-f4d3-4a91-8342-b2d7b077cd53,Owen,1,2,2
14eb7097-02e0-4de8-b67f-673b1fcbfb3c,Bret,8,5,8
a54a7a4d-1013-4a16-9990-949510aa0751,Ramon,3,2,5
10103bba-5c36-4b0a-856e-1233c70907ab,Hester,5,3,3
6f3ec387-79f1-49fd-9a6d-de1ebfddca99,Chelsey,5,5,5
24dad430-9c77-474a-a11d-ab92ce8ddaa5,Elberta,7,1,8
3bed0b58-209a-45ab-8638-b359d5115da8,Berti,5,4,5
b336060b-1fc7-4ed9-baf4-375197008ea4,Theda,5,3,1
20834072-1701-40fa-b67a-e0063dfcb0a0,Claudine,9,8,4
574a6fb4-f109-4434-aca5-8269a95a9200,Jenna,8,5,7
ba18ab57-f517-4562-9ada-08a0b684183d,Charlean,10,10,8
8e333a9b-62e9-418d-bc7d-d17f132dd4c0,Tina,2,9,5
11cd418b-6120-478b-b765-be886ba43cb2,Shaw,8,4,7
284b1219-d7ff-405d-a827-cb2c21674e41,Renata,10,4,8
77fcaccc-3691-403e-aa28-34aaa9579530,Jemie,5,6,7
9f30269b-11c7-4307-b485-8577dcd9573c,Shoshanna,5,7,8
bd703caa-75f3-4d24-9dbf-48d2c77baeff,Amandy,9,4,6
e008a1dd-b49d-4a6f-97be-5b978c71d664,Elysha,10,10,1
f00f81d7-2084-431e-a1ac-27b3a1552c85,Merill,2,4,1
60a658ef-773a-457b-a60a-a13d6731a6fb,Wilona,7,1,8
15228498-c480-411d-af34-1185023b062a,Bond,1,7,8
3e6ee731-257c-4988-8f7e-203c500ec58e,Freddi,4,6,3
958ebad7-0fde-4802-a231-c3147319c6d7,Emlynne,3,3,5
feba13c0-0558-47b9-a2ca-98f7bdb99a83,Henderson,8,3,3
f9660e35-be61-4dac-81c4-583a850b18b6,Tomasine,5,5,10
5b192d99-8f7c-4767-afe6-db3b6b128ba8,Maribelle,1,10,6
722626ac-ec59-49c1-a459-e0874c98a87f,Marti,6,7,5
fb015661-28a4-4370-9d06-d066ae859b74,Maury,3,5,5
9793ab05-1faf-4c84-acfe-54db08c7aaca,Hasheem,3,6,1
e89b4b02-b674-4b44-9efe-242fc8633a56,Maximilianus,3,10,3
03bbc1fb-d15d-4082-83d5-26be9055756d,Dixie,6,3,5
df83c4be-5dd5-4be1-a23e-4cea76acf7f8,Camille,7,6,2
d22628a0-7919-4498-b2aa-76371be4dff8,Merrilee,2,1,4
ee6d7b6c-98f3-4cb7-9d64-6518ede68ca3,Myrvyn,7,1,10
4f005678-613d-4857-a209-d1ab3d5975d8,Warner,8,6,2
07553588-ccd9-4673-9f55-f045ec3a0b21,Isaak,7,7,9
ce360be8-6ae3-481d-8e6f-5c1a484c2100,Annabelle,4,5,4
4d797068-f526-4457-a432-b10de70418eb,Kalle,8,9,3
03a40ae3-fb4c-4385-8186-5ef237a44e84,Hamil,9,5,2
f9f9ca95-272c-483b-b68a-fd3763b4de7b,Selma,1,3,1
