id,estado,encargo,tipo,importe
e37fb24c-1972-4b83-bcfa-9ce01e3a2c0f,4,368,2,923.05
954b698a-9df2-41a0-b788-6b53105b543c,3,196,3,244.35
e6aaa2fe-bbab-43e6-b2d1-4df3386e9ebd,3,176,3,746.7
799c8398-6136-4dd6-bdf4-a14d8576d1c4,2,324,3,929.73
6584de31-4b2e-4dcc-8cf0-bd18034d40bb,4,23,2,757.56
1aa39369-37a2-46a8-b2a9-ded087f2cd75,1,24,1,628.47
f71bf0aa-f92d-4562-ab7e-f2c50c0bd8f5,2,635,1,185.47
bcb92009-05b7-4684-99f9-2cfd598eb0c9,1,310,2,672.61
a3aed180-d557-4a58-a449-5e422268c742,3,323,3,273.68
1d321aad-adb2-4692-8166-0c84fec3800d,1,381,1,797.28
edd816a7-6f51-42b8-82d1-2803527634c0,1,32,1,439.48
64e390b4-fa16-427b-840d-c0b449323cbe,1,282,3,565.12
f04c6670-e302-4f47-a34f-addc9b64fc2a,1,112,2,513.48
2a346926-f15b-4740-a22d-1bcef47f33e8,1,201,1,535.64
e885ea8f-8c5f-4b3c-90c4-d1d376bbfde0,3,642,1,625.28
bd525422-3534-43b4-b2c4-e78012472ffd,4,144,3,943.92
8e1f89ab-3ab1-4607-b926-4ca25587b5e3,3,226,1,881.4
3ee8b1c2-648d-4f83-93e8-a846cf9ea770,4,455,3,652.97
e963b845-5731-43b2-8755-7c53006232f9,3,623,3,909.55
3e16b77d-b119-4672-b7f8-71493e999df2,3,466,2,638.29
ef6b662b-4af0-4c99-be61-da7382dab92c,2,502,2,191.46
327e14f9-8df5-4794-952d-21dea289eca5,2,222,1,352.69
26aeeeb7-aa2c-4fcc-afa2-8ade36d1310a,2,487,2,259.68
e171e644-2a8a-4ed7-acd5-2511d03e3cb4,1,551,1,394.05
0ba592ca-8367-4827-9053-1764c1c38d7c,4,390,3,942.51
d2a68937-e2bf-4ed0-a4cc-cabb99267046,4,498,2,311.88
ba675815-9615-4390-ba2d-ea63634c7c6e,4,486,1,658.16
1449e09d-5d2e-4ff2-8000-4b2a4f1ac09a,4,84,3,295.31
43bd0c03-5ebb-4504-9cff-449db14627d7,2,572,2,590.44
ce6dcf40-dd09-43d8-9407-95f76136be44,2,88,3,205.74
ff7306e8-254f-4671-adc5-0d3b1af1d405,1,2,2,577.59
a956e9ab-3c26-418e-9e0f-4a552864f99e,2,453,1,424.21
e7485c28-72ae-4150-92d7-969c7b695c58,4,610,2,808.42
3fac156a-d22a-4f83-8b1f-eb260ac8d73d,4,265,2,734.22
9efab141-f9d3-49dc-9f46-bc6801a0a0bf,3,610,3,801.2
99c71ad5-0965-49d7-b722-2d3bf17c9a36,3,625,2,873.57
6d76dddb-b208-4a14-860c-d762086b761a,3,284,3,982.09
6f45c090-e6ef-4cc7-aaf1-eb886895f0f4,1,614,2,719.32
feb15f67-b165-4825-b71a-5ed0a99c5906,3,353,3,495.06
d54a8b31-0a54-42d0-84b1-084bf3b203fa,2,33,3,897.56
9c2f44aa-da78-4447-b6e2-52e9bcd9d673,3,180,2,293.53
63875e9e-adc4-4023-a665-d139a31fd09b,1,325,1,872.55
26642c42-7410-4bd2-999f-e4c69a5682fa,3,199,1,828.38
d2a094cb-dd0a-4ad4-bbc3-dfed416fc709,1,620,2,283.66
1a606afa-4a94-4da3-b083-07a71b6975e4,4,30,3,731.9
61ef5413-65e7-4d4f-8127-e9528d00f3f9,4,349,2,641.79
2259b638-576b-4bc2-bca9-77778968b34e,2,695,3,523.17
97ea4566-c5a8-45e9-b93c-299e754bc4d8,4,698,1,698.65
8fc9c0d8-8a54-4256-8092-28f2813bee1d,4,310,3,846.89
7c24fd52-4dd4-45bb-bd12-37e7c3d1623c,2,78,2,340.5
ce3c1d68-3831-46a4-b74d-537b2bc08e4c,2,158,2,167.9
309b8ad4-4427-4447-8ba5-1e8bfae2721a,4,292,1,600.06
2c0c30ab-b15e-4025-9b0a-85df85152d95,4,23,3,530.49
47bc2f01-7111-484e-8198-ecb1f51831e1,1,187,2,818.49
dc9915d9-b7c9-48bc-9584-a00c8833f24f,2,640,1,654.42
688f764a-f746-4af1-b40b-65adab64879a,1,74,2,280.14
4a291551-4361-474d-89ec-5b725434929c,3,422,2,966.81
b0ef6057-219c-4e4d-be8d-4416be5f13c2,3,126,3,584.91
fe802483-a1f6-4561-a37b-fdfc22847b46,2,303,2,866.65
d2fe6754-90de-4fd7-b905-af06dc851402,4,581,1,921.16
b81148b0-f984-4ec8-9149-caf83f81a7ab,2,244,3,754.45
2a5cd2e1-fdb7-4ba0-a9a5-e9e49779ca2b,4,486,1,945.82
bab53030-22e8-44bc-b170-f660d9009174,1,69,3,508.35
e13fd17b-2178-41de-a6e4-3409cfc45fc6,4,447,1,965.25
bf43a176-ba60-43a4-bd79-ee6f7511cdf1,1,460,2,700.61
a37aca6a-00a3-4369-99d2-41f3210a7333,3,686,1,427.47
1e9ba25b-3d6b-4733-9908-65233ac53d28,1,526,1,899.93
afcca08f-e9f0-43ae-9d71-ae143466bfee,1,335,1,305.19
988c8a0c-22cc-4334-af25-d829299e93d7,2,550,1,736.14
8cea9f97-6d91-4144-892a-fbca1c2bd1f9,4,413,3,295.76
48f8fce7-8699-4842-88b7-eac40f5b4f7d,4,502,1,833.46
6308e0fb-5e57-4f65-bea3-789391c535cb,1,73,2,552.46
51aa0f3f-8e46-4b6f-a2e0-8fd0e589549e,3,102,1,395.58
a3bdf4f0-eae9-4765-aa4a-4ae9807f4207,1,503,3,451.52
a553a412-4386-46e3-85f6-3a66f6584a59,1,168,1,724.41
2b4bf564-dab7-4e71-9b5d-ad949c0f6463,1,571,2,750.35
8730cfdf-6b42-49f1-affc-1d778a5fea2d,4,296,3,549.63
2e3ccd8e-a79f-49d6-9b3e-3f3b85e045dd,4,184,2,876.03
9133aa54-e45c-4a71-a49c-232774222e9e,1,551,2,601.16
58ce99d3-7b20-4146-96e5-c46b1b813e78,1,448,2,812.26
c59754aa-b43a-46f1-935b-fafdd05ba687,4,383,1,199.4
c256bf9b-2abb-45fa-b6d3-1b8d2937e44b,3,68,1,460.08
527255f1-c134-47ce-adcf-78d2bba46e3c,4,264,2,795.39
032cf794-a683-4baa-b3ff-5e003e77f545,4,691,2,825.62
e28e9fda-4564-42f0-8f72-cc7c4667b314,1,118,1,239.64
dc75f4f3-34e2-46e6-b452-ab8f7e9ccafd,4,117,1,751.97
e80ab67b-3476-4f7d-8bd2-84444a8b8a2d,2,200,1,167.39
0736b037-28fb-4618-b5b5-579c796f37c7,4,370,1,487.2
abeaa36d-fc74-4027-af6c-9f78243d430c,2,288,1,267.6
684018a3-d897-44cc-900a-799f158130f9,1,189,2,624.13
3c222c9f-ae4b-42e2-98d6-8ff4e1ea7eb7,2,58,1,552.58
55b904c8-60d9-4362-9de7-7da25e7a2533,3,635,1,216.26
b299360f-3a5a-4fdb-a979-79025bbb27ef,2,217,3,633.15
341a4177-82cb-418f-9856-8e4e048ae957,2,621,2,288.15
621b4236-9764-4acf-9d31-402f739c06f5,4,474,1,242.08
f67ff9ad-6600-4d16-ab74-e501f808f522,4,499,3,247.61
8546bc99-c06c-4432-a77a-65cb08ecc4eb,1,371,3,611.4
e37dd12f-fb4b-4f62-905b-054652f227c4,2,133,2,999.7
298807e6-83ce-48bc-a1f8-c846b5788dd9,4,107,2,630.17
511fb0f6-1a17-4534-b52b-57dfa79a213c,2,290,1,181.39
abc1074c-8f97-42d3-9acd-bc2d9225d9e8,1,39,3,673.29
51621689-9b0a-491a-9864-e00272eaa6eb,3,458,3,877.86
41426dc3-606b-4e19-b1cb-857c9d10dcad,1,426,1,589.36
591c3328-fe8f-460b-9e58-4d4e6454b4ba,1,471,2,922.89
7c5204fd-80f2-463d-9def-19d906baaf07,3,235,2,589.04
9b9d5548-c540-4453-bcd6-9a53ebcb7311,2,524,2,270.45
606908d9-b7b5-4e2c-8909-b123c8442168,1,52,2,972.3
88ba05f7-0bf6-4bf3-aaeb-c9a1c6b07273,1,105,1,831.84
b5180afa-a50a-4f94-ac85-e26e9ce87773,4,98,1,483.69
41f05782-b426-48d0-b60b-42cf33f3f6a2,3,655,1,908.99
78142016-e48f-4080-9263-7e10634218af,3,571,1,614.34
223b08de-3db3-4dac-8f05-7780cf4ce581,2,449,2,605.99
22500e9c-5a93-4709-b319-245e38b14128,3,7,2,348.37
84ce5517-5290-4008-bb14-1f011cd78c01,4,609,2,731.14
532e3298-af9c-4814-b6b3-14deca3fdbde,3,267,3,351.23
7eae2dc1-ce0f-4c3e-9400-6641ae4742a5,1,436,2,365.74
fd95195a-a3ed-4cd4-a091-f1d95701b241,2,442,3,599.5
ff557f31-e83c-48e0-b5b5-8199b1671ceb,3,247,1,196.69
98d5bd05-6482-40fd-bfe6-63464ade0cae,4,635,2,920.24
7e08feb4-8532-41d2-a23b-958c921d07e1,2,94,3,195.1
24b19d2f-bc46-4966-bab6-73d578bce74d,4,544,3,964.16
79304f83-b7dc-41d8-9dd1-88bc41b3d49e,4,10,2,626.72
60c0d693-2a63-4695-8775-9535aee50d33,3,477,2,722.8
7a3ae4b3-6f99-4181-a75c-b8ebad0df012,3,434,1,457.66
078db4f8-295b-4c8b-bc9b-ff20b0d05cfc,3,246,2,304.89
5d98e148-360f-4c0a-bcf6-1661619d8be4,1,395,1,582.32
22455ed0-bda0-4aee-89d0-4e7cfa080684,3,373,2,584.85
e87e2dfe-f54c-4872-97f1-7a60ba5e6292,1,162,3,720.82
937feb2c-10a0-4f47-9de2-87639fa238a5,4,698,1,796.01
23ee72b2-9b3b-49bf-86e9-2bbd33617f90,2,375,2,334.61
33c61123-90f6-4a7c-bce0-0ea374052cfd,3,365,2,211.77
08dcf7d0-a294-4f4c-ad40-09291d9ccf6b,1,555,1,738.99
c2defb9b-3e88-4c01-8858-16e3dd81b86d,3,386,1,429.27
135c059b-a000-4833-af67-6f68567d5a30,1,292,3,470.35
3e283fdd-d1ca-4fea-84ae-18e8c94e6775,1,618,3,459.02
3aecfcd3-64df-41c2-9dfd-b435da658ed2,4,637,2,929.94
b314f47c-fcdf-4826-bf21-8a4d6e81fbe6,1,563,1,995.3
d01975f2-3810-4b42-9816-56019c93c1f2,3,193,1,284.88
3fa305a6-0512-438b-936c-3421b585839f,3,608,1,510.59
b7f44a72-44f8-4f81-9f7f-fabf37895846,1,231,3,817.74
c8bb446d-9a8e-4bb6-83f9-f2cf595474cf,2,98,1,406.24
1866d025-3bae-495a-a45d-4880ff05a72c,4,183,1,329.85
2e2de6cf-bac9-46ec-a058-aaed82102e79,2,251,2,686.75
6d4db615-a8a4-4f09-9227-ab8ca74ebd34,1,625,1,815.47
b4ac19de-8d2a-42d1-8378-e6279cacd7bb,4,67,3,946.9
1508452d-c437-4f67-b144-d1baa84dac43,1,44,3,961.93
287f3fb6-3b89-470f-9adf-4f767594f2e7,2,225,2,702.24
416ef2fa-1705-425a-84f4-21e2a3dfa096,2,516,2,742.71
50aaed2a-ce1a-48ea-b54d-efc4c372d5cf,2,471,1,755.6
9a718713-4e00-4b5e-aba7-a4fbe8dc42aa,2,512,1,837.96
2de40fcb-a5e0-4f89-ab7e-d49830a0bc24,1,420,3,443.52
d79ccf33-d9af-494c-93c4-b468ad46cb08,3,560,2,417.24
e130349e-1de0-4226-b130-58ed0b6a7bc1,3,304,1,532.08
8aee8f55-5672-43f0-bfe9-e91b2ffac584,1,241,2,359.61
9bd874a6-eda8-4fc9-92db-575786d45270,2,93,2,474.07
a828771b-0459-4476-b13e-316d9f7aa049,4,585,1,911.98
0090d219-fa9e-4386-b5f7-f47e629a5dda,2,591,2,845.98
cf36b573-b1c4-4bf8-b918-d631404e37e8,3,432,2,535.27
05a3e903-12c8-486f-a416-dd87837c8209,3,127,3,377.81
9565b6a8-55c9-40b9-852c-c557520ffa37,3,72,1,902.91
914a8c95-a4a7-4510-a9af-3b21551d9dcb,4,41,1,484.43
e0562e11-7bba-42f5-9177-e327c20d4f82,4,541,1,476.11
2abf3d56-e1a8-4157-a145-502f11e8fdac,1,203,3,358.62
86b246e9-fcd0-48ba-a4b3-d895ca5bb7fe,3,428,1,676.61
e253008e-6cf6-4f59-897c-ca837723c53d,4,590,2,360.66
e5a3d1cb-ae7b-4f7b-aab5-84c6d07fb601,4,696,3,199.35
d30f2b11-079c-4ece-8571-c9951cdb8517,3,612,1,238.47
30ac700b-5330-43d6-8e11-bf2ba8e7de78,1,103,2,335.77
ce1c972f-f3aa-44da-9f14-ea15a390dc72,4,141,2,853.85
0103c8d4-4308-45eb-b72b-f78cb73c1203,1,47,1,759.69
be571775-9ed4-4347-9fa6-532cd922c508,2,698,2,599.01
614dd10b-f5a1-4216-84e0-f79f7a0cd53d,3,535,1,316.93
a1c77dc8-8098-4bf8-99fd-7ab7543d07f2,4,628,1,260.3
55fc2a3d-93e7-4d9d-95aa-9fab953d6d42,4,389,3,306.97
b0b4f44c-4636-4404-a072-c85e8d7ad2f7,2,237,3,663.88
bf273581-2199-48fb-8d53-f93cacfe4880,2,689,3,695.74
9f326e65-80ab-46e5-9ccf-04c28f1d5a0c,3,195,2,960.99
43d5209d-d37d-40e9-88e4-77f0c85e80e2,4,619,3,909.43
3ca1367b-d3bf-4384-8f1d-74611a9ad9c5,4,57,1,413.88
3475a05d-43fd-4da3-bf2d-cf714251a2dc,2,419,3,827.35
a4a69757-454b-47d8-ab7e-3f1662fd4683,1,459,2,195.38
d05d3c5d-c795-47c6-87ff-a2f6fcc46701,3,361,1,767.6
f6910640-c206-45d5-a5c4-934e817f4477,1,276,3,201.74
88b409b3-38ef-4610-aba9-38ec1e2ac647,3,277,3,951.43
f951f1f8-2023-4da2-a5cd-dcaf8394ae29,2,74,1,260.37
631b7671-393a-4200-988a-b08bd155d1a9,1,156,2,484.07
251ac4d8-9210-43f4-b2e2-78d4b4fce0c7,1,366,2,728.54
ee842f9e-8df8-4fe3-8f1e-93a8c1361248,3,291,3,263.88
4e40c075-2273-428f-aadd-0343d48d979d,2,153,1,165.35
440e3017-a06c-4ec4-b982-eb61a8c3694e,3,683,1,545.42
3f4ce15f-5fe4-400c-a0b5-7eefa1bf8054,3,452,3,807.58
87a0cbde-1bbe-4ff9-8c04-b75382589420,3,316,1,890.41
dcfb0e53-fd2d-4ffd-962b-777889220a49,4,619,2,829.8
37493ae5-da87-4be9-b5b8-f13d134ef79d,4,99,1,856.23
cb3b5102-1b60-47d8-99a4-65f4b80d1f40,4,335,2,185.25
cc4ef96a-ddf7-487e-86ff-5fd07c960f0b,2,698,2,220.97
360978ab-aa69-4075-8f6e-c3c736921b51,2,366,2,662.13
de328d77-bb36-4c54-a278-bc2f9cd4ac25,3,493,2,532.95
08e85f4e-7427-41ca-be19-7633875a1ab9,1,625,1,532.97
8ea41ca3-a74a-42ee-8c20-12058669d3fd,4,32,3,576.21
572267ea-cf7b-41d3-8787-5b966849294c,4,266,1,474.46
607c1387-224f-444d-875e-6aec457caafc,3,699,2,927.63
5ffad99b-ecdf-4f4e-8042-f8e6bc1832c4,3,2,2,384.79
98fda304-81cb-486a-b4e4-f05871f341b4,3,373,3,557.69
681f1f1e-450d-446c-9432-30fc84276265,2,437,1,989.53
f468c371-fbb1-4813-88f6-413f5647ef31,2,113,1,301.1
88f15952-8ecb-4262-b528-0f2188631212,2,237,1,361.17
26ff20ee-d461-4d46-ae6a-3ed5109a321b,4,384,3,726.02
2f009ad3-7c92-42d8-8708-44873dc653ab,3,387,2,622.56
f4ce1e5e-80a7-4d4c-ab42-cd2e78a91a2d,1,617,3,195.68
87e00a15-a84c-4da8-a9f8-9431993c2cc5,4,161,2,267.79
759e694b-b9eb-4b08-887b-982477edd209,4,535,1,323.05
52f26d4a-2799-44d8-9baf-078e0623f958,1,394,2,877.33
a1c327bb-b2ab-47db-a050-bbaa27885b61,1,603,3,236.27
45166518-cfd3-483f-813a-474751a837f3,3,16,3,866.8
b43287c0-4586-4fee-bcdb-318ae03973a6,3,415,2,992.39
017e88a9-1e6f-4b8b-991c-e9238fa31ea1,4,478,1,814.91
4db5c7a5-876d-4c96-926f-605b9cd83111,1,447,2,486.04
9cc424a0-d7cd-4215-9481-fbb98605f839,2,305,3,165.84
ed271a5c-3c73-440e-ba37-ab358e4b7cf7,1,563,1,470.74
14f98440-60ce-4c7f-82ea-1965bcedab5d,2,687,3,967.44
2c20af65-7e12-4c67-a27e-8f98e699d97c,2,660,2,518.47
7594c482-2b20-47cb-873b-8da144d8c9f8,1,324,1,872.33
cbdadedd-9c6e-4e7e-9341-91c36fee836c,3,376,3,303.65
212aa466-3acf-48d9-abdc-17ac2d7ddb00,2,197,1,399.18
3dd2a5c3-cd23-492c-91d7-424cea4d1db3,1,389,3,578.63
0f382273-a3ac-471a-8b36-c1a6606ccf7a,3,122,1,309.91
103fe69d-bfb7-41e2-ac7b-7ae051067b4d,3,280,3,955.94
8b6725df-ee87-4047-974e-43fc89409fb8,3,456,2,846.17
ee8497cc-b049-468f-bc9e-8e6d76c48ba6,2,231,3,600.97
b8e465a3-9433-41e1-80bd-147d536560c5,1,95,1,861.46
61cd2cab-3fb4-415a-b424-eab9e228e173,1,511,3,465.11
45818775-d18a-42d5-bfc7-ab4ac21b76bc,3,560,2,531.52
ff5760e5-8188-4b83-84ca-5fc1170ba6d4,2,502,2,350.79
21ed2c12-442f-46d3-94d0-887758ca31ee,3,587,2,580.68
c4a85458-773d-40d6-b06d-3fed76fe7b9a,2,659,3,824.49
f8d6b57f-268b-480e-9cb3-e914b5b7b6e2,3,257,1,669.19
8a5754c2-c57b-433c-8f23-55cb60a1ecc7,3,411,1,564.2
c4b0f6bf-f65e-40e7-984d-8ccf10ef0547,1,659,3,762.53
101852f5-2e8f-4115-9b90-571388028d82,2,235,1,365.6
faec6b21-844f-4764-8792-241e1dce47c1,1,74,2,478.71
e0289abe-df90-4509-913d-529bc8f8cde8,3,256,2,907.5
c2189b1c-0a44-4ec3-9385-a8eb958f29d4,4,509,2,653.72
2b9a2adc-55a7-41a8-9477-d4d36cd758f7,4,655,3,259.44
7195fe31-2c14-4628-afa0-c0f0c34819b2,4,520,3,244.06
64f687a5-9b7c-4a09-8573-a12e17a58b80,4,204,3,258.77
30098e06-fffd-4dda-9e04-d3010aa7e6a6,4,402,3,960.66
78dc3ae3-61db-442f-9404-c1c41b074a12,2,140,1,185.29
8ee3275e-c764-4ca7-9e68-1b9f1a6383cc,1,417,3,845.19
41b53b9a-b256-479b-8aed-55f264e9dfa7,2,664,1,910.52
330c7ef7-49e8-41ef-9ce3-9facc2fce93d,1,161,3,455.83
ad92dc1d-9212-4d9d-812d-2436548128b8,1,213,3,826.4
f678bb1b-cc5b-488e-b76c-c14c35ecb87f,1,314,1,635.97
7e8f47f1-2659-4b99-89f4-07b11e586361,4,254,2,336.36
7a3b24b3-fc13-4ca8-b0fe-987f3434f5c7,2,306,3,707.26
28d79807-5dbf-4fcb-a1c2-7886a0b2c713,1,586,3,309.25
7edecebe-ab9e-401c-bc6b-b0c5588e6a9b,4,319,3,319.75
e6be5cd3-c5b1-4466-8d8c-31d715f62164,1,135,1,895.77
7dc96bf3-953a-4688-a432-f55242aa09ee,1,499,3,412.63
782ac88d-1a84-4094-81e1-30e970621b86,1,539,1,381.23
cbc60942-3373-47f9-879a-b9f43c3b056c,1,158,2,628.58
e0e86773-a54f-4640-9851-87253b872b19,3,321,3,439.25
48150754-72fd-4881-a137-df9ba1226988,1,591,1,384.11
7256e3e2-1be8-4195-9e92-6ec34ab3a1ec,2,367,1,870.59
5e48f6a7-a23b-45c2-a56e-a0c62d37725b,4,161,3,198.41
e36408f9-be32-4f6d-ac22-99ef60d7ae46,4,674,2,232.75
8c088f60-d530-4f67-85f5-b94ce38a61ab,4,265,3,390.96
af9619d5-d312-4d95-b140-abb8442a4847,4,341,1,884.7
c456710b-1836-4ba8-ab6c-3b8a25694242,1,535,2,586.53
bdf3f9e5-2d62-420a-96b0-5c0133fc7961,1,276,2,778.11
8ac26d5e-315f-4e9a-85cd-b796e8ac65ec,1,48,3,934.05
223f5a3e-d007-4478-83e6-f288208d7596,2,398,2,433.02
95713c1d-ca48-4d27-b78b-3d15440a8439,1,179,3,999.85
d2df12b2-d94c-4e2e-9663-59ccec8f5c5c,4,582,1,435.54
d91ead99-97c0-4452-a2f8-bd0ad0ee0be3,4,328,3,858.7
e0c09f73-136b-46bc-8abe-868f0b535385,1,449,3,245.26
1e2ae375-def4-4458-836e-1a2509084a9e,1,352,3,687.43
3e405ffc-74d5-405a-81d0-adfadd0c3312,4,102,2,523.05
3899d879-d0b0-4cfa-bb8c-fe5e2423aad9,2,108,3,607.33
a224d50a-a7b8-4808-ab8b-e417eb6114cc,4,331,1,855.65
900bcc1d-564c-42ca-bf73-e5c06df87b15,4,107,2,452.14
635d200e-c106-4d1e-abb4-a5871a9dd7ea,3,299,2,776.3
e4404a2d-c4ce-4d53-b9ca-0d85d9dff741,4,640,1,919.37
7d1272bc-2dbc-48fe-a5e0-74cacf214617,3,592,1,440.77
760aae32-9b10-4679-964b-a1c34ae01a91,2,37,3,494.15
179ce40c-adb9-44d2-9497-edb81c12cdb3,2,452,1,726.23
880d3534-b91a-4b4c-a641-436415b9f4a7,3,573,2,460.1
6540aa7b-86ad-413a-92a6-76f79455636f,3,567,2,690.15
19103fde-8df8-4f26-93e3-f6bf699ff09a,4,582,1,654.2
b1124a58-30a6-44d6-9999-e7544f215d4b,4,653,3,474.5
078a18e6-a14f-4b86-b757-90b9d3281e15,4,380,1,741.45
ee68020d-968b-4658-a4a0-99ba21d7bbba,4,629,1,723.62
6a56be5b-d9ee-45c4-b380-1685e684f339,3,398,1,627.5
5eca2a70-3fe7-424d-acd2-31552ef9a160,1,184,3,345.32
8a7a2214-be34-450d-84ba-3aa4d36f7497,1,75,3,669.26
e7ca1b82-d4d2-4082-8d6f-3ce51fed197f,3,248,3,418.22
fa7001c3-1c89-4c2a-87c3-be750192acc3,1,542,2,210.6
b3f0c076-5142-4cc6-847b-cd33e6b5bb1c,2,524,3,416.66
b096ef38-9ef9-42db-a221-ef5d87085e87,1,613,3,232.08
b51773bb-f365-4c71-ad5d-79b7bb63cf68,4,694,1,176.38
400d1d48-2a15-4f20-80fb-1d2bf0ffa309,1,445,1,349.41
b6218baa-c557-479e-b8b2-738e41c18119,1,627,3,248.43
805f2c9b-4486-4140-82f3-a2e08143e0b9,1,680,3,602.16
ebb70868-7b44-41cb-a11e-4194d0e136e0,3,636,2,556.23
59af3643-8281-45a3-85fe-b2bc7a691c9e,4,680,3,398.2
ea0fa727-4d36-4d9d-bf71-9d660c47232b,3,444,2,725.9
a49954aa-5476-40b8-b6e2-0e20b92704db,2,438,1,847.01
9de52969-6d79-402e-b400-0471b8ebbf7b,4,163,2,912.92
341fdba5-f0ab-458b-a7fc-3054184485d8,4,342,3,656.36
615fb11b-5b27-4db4-a0c9-4c83aafe6a43,1,136,2,813.02
96666ad3-2c70-4014-af6d-e6525f69ad3a,3,146,3,675.4
0d8a4814-260d-4819-8185-2e7fdc70fb58,3,196,3,627.34
ccc9f168-a22d-4189-a713-e623963c392d,4,524,2,876.04
871272e5-353f-4b4f-b45e-7081f58375bf,1,171,2,680.06
d7b49886-bb49-48c1-acea-f3c8d69a47a8,1,86,3,208.82
2f1c9d69-61fc-4469-af7a-157b21101539,4,349,2,679.59
7620c8a8-9aa3-4f28-9c5e-e50570c8ab6a,4,473,1,987.42
37ebf5ba-d360-4e1d-ae2e-080edd98e9ff,4,440,2,243.05
e034f1cf-d205-4b83-8460-b1239ef750eb,4,234,2,477.18
5a081646-c8b8-4956-876a-d86ab36c23ee,2,229,2,783.1
f70f6f79-c63f-4f96-a508-279201082e96,1,458,3,506.76
b467c176-6ebe-47cb-a550-c2701b584752,1,5,3,230.23
9550c6db-2b0f-4149-87fc-d220e2ed513a,2,96,1,436.93
37588be9-8c9e-4106-ace2-3255b7685b83,3,568,3,636.49
3aa828b1-b8ec-4b29-816d-9bd440dff3cf,3,178,3,615.9
ee8339b4-c8fa-41da-a285-02943ac869d4,3,48,1,309.79
e7c6c4ef-61bd-4998-95f2-6aad189e70c9,3,152,1,518.9
86fb6b65-6691-4b80-b84b-01e16f76d218,2,432,2,539.5
8a7f294a-d56e-4f04-a103-9963bdfcaaaa,3,463,3,595.81
65c0d28e-7f18-4c00-8cdb-caad3817076b,2,600,1,853.3
82d1bef7-fc47-49b1-8cc9-ff55fc89e963,4,112,1,488.5
0b78e48c-f46c-4859-af55-6073066bd548,3,115,3,899.67
33906885-0124-4afc-8d4e-e157f07ab775,3,696,1,651.18
020734f5-5ea0-4637-82c8-032d6541c440,4,11,1,581.63
4498578e-9554-44a0-8373-f6a295cb3a68,3,502,2,339.36
cc45c788-df58-42e6-9f6b-6966c6c7d2e8,3,15,2,983.71
092ec250-0c8d-4a86-b067-cb902227e95b,3,18,2,675.94
5403c533-446d-4b38-91ed-92a72811ac95,1,229,2,205.26
4f344e2d-2646-4705-a462-9847c052b51c,1,190,3,447.26
3f28f35b-310f-492b-8c61-8be456152360,2,182,1,495.02
a2900e58-42c6-428e-a742-9d49902af915,1,189,3,805.99
4639ecce-48e4-4aeb-aa1e-80e861e2a06b,3,357,1,345.3
eb124d56-9295-4503-a480-0029c9a50f08,1,638,1,948.29
ae677327-88c5-47c6-a27a-46bd3a23d9c0,2,581,3,608.33
e2fd0f38-c356-4046-84a9-8bd3f8de29c2,1,671,3,965.15
46ded006-a4f6-4ec8-bb91-79e6d9dc7835,4,147,1,372.93
17e4485e-3657-4d07-a3de-095859d3f4ed,1,215,2,675.91
b149702f-4730-4f97-9e14-27572d99b11b,4,195,3,807.48
5dbb9eb3-389c-4f15-b45a-f3d920fe3e76,1,690,1,283.58
818a49c2-e5a4-4870-8071-b11c1ea747cb,2,60,3,302.43
49f66d0d-2ce6-47cb-9600-76560213d411,3,188,1,554.13
1200b202-6eec-4469-8c0e-b7f35bbe3e06,1,592,1,409.86
82b93fcd-2737-4a7f-aed7-f7cf709503ad,4,418,1,573.86
367458ec-dca9-44ad-99c0-721283f5910a,1,257,2,283.57
fb863db5-7b0e-4ffa-864d-414e6dd19dd8,1,284,3,963.4
001808e2-f176-4cba-b3b8-b03a7de81042,3,38,3,801.57
3e7ea16f-701a-4a2f-96ec-c51b2d3df3e2,2,498,1,712.73
11ed9eb4-dad7-4406-a0ab-c6a073619edc,3,23,3,312.25
8d63665c-db87-4987-922d-01d337221313,3,404,2,580.23
4bc7720e-200d-4883-a625-5dc6a80b340a,4,23,3,441.46
8e0f951b-d327-4b39-8b5f-75a093bb2dff,3,597,1,985.24
2964023e-3e55-42c9-9f68-1d2b6d5af23e,4,372,1,946.6
55db6506-7449-49db-817c-d1b2c34abc40,3,464,2,760.02
410c9d03-8906-41e1-8fff-011b6a903a46,1,690,1,620.71
fb26a02a-68c6-4767-8b28-5f2a9ad86365,2,455,1,825.39
277117d7-3a3a-4d6e-94a8-b37320f3883c,1,459,2,793.66
4e58d21b-b4f1-4aa0-8965-852fd6665f3e,3,595,2,769.74
ff7289b7-d7c0-4565-8732-9e9a8de07808,1,242,2,476.55
c1c79456-a894-4f45-a7b5-42f2424367bd,4,299,2,247.92
f965ed2b-1fb8-4304-bd66-761cd3ccc3b6,1,696,1,541.29
bfeeff6b-cfce-477c-9d14-b8c4e8c66b94,4,285,1,226.28
620ce8cc-a857-489d-939a-9ffd06fa82cb,1,587,1,897.86
f9e9b227-3819-451c-b180-100be1f912b8,3,232,3,419.51
e9b13676-dc52-4cdf-a2fb-d08a02b9ec4d,4,68,2,568.91
bf140398-dca8-4f0e-b347-97de4decfd8b,1,303,2,610.5
31b2aef9-7d6f-42c4-a334-70788261c8a5,1,90,1,816.23
08d20892-9236-481e-b83e-2f89baf6b817,2,223,1,588.68
73371d5e-d8de-406b-8bd2-c22719b91e17,4,334,1,934.18
261ae3ed-23fe-453e-8989-5db96b7624fc,3,614,2,778.14
5f8d7ad2-434e-4418-8947-2fb5922a8864,2,556,2,954.84
238047f2-6295-49e9-b803-bcfaa0b2214c,3,308,2,268.5
c3570b2a-3d7c-4a8e-ae07-0c9bcdcacff4,4,682,1,498.21
8110130c-d029-4c72-a9fc-7abd8b6ff86a,2,454,3,493.64
f83c367c-a14f-49ec-83c5-ca87ab5e749a,1,270,3,176.12
a8d5347b-3af3-4f44-8535-2ce7ac759f3e,2,426,3,764.97
b2a968ad-0657-436e-a8ef-138566050383,4,485,2,587.9
d5332948-37ee-492f-920c-014a24ca0630,4,85,3,737.33
75a7bc1b-4c48-4b1e-9c40-9d83068573f7,3,88,1,539.16
ffa5fad2-5d52-4412-9240-7c329241aec0,1,457,3,379.38
936361a6-598f-4734-96da-9e29c53ff311,4,173,3,652.77
11f02514-e929-4aca-9880-88e03147ebad,3,139,1,299.86
dbf3a607-7f31-4afc-b457-a1b2840ae28d,2,593,3,765.05
59a1f0df-7229-44b9-a4cc-880e814a7136,3,441,2,638.83
b6a02a30-f0c6-4f52-909f-f91b4e1a24b0,1,485,2,478.19
c16cf747-d49b-4666-ace7-28b96724106d,3,66,1,638.8
e9901092-5b94-4e90-83c9-d1453ab371d2,1,628,1,878.85
89ebfd34-b76c-45b7-9ea9-c49a9e9cb06e,1,619,3,353.72
721a1234-071d-4f0b-b68e-a67a8e8f1306,2,195,1,734.8
38e5707e-7059-45d7-9333-5238cbbd5f9f,3,335,2,812.51
4061cefa-d42d-4bb8-824f-85e5866b133a,2,403,1,443.72
dcf08bfd-5401-4fd0-94c6-ce9061ea874f,2,547,2,349.87
879cbc41-1d9b-4fbe-86a9-5fd7ce77aa20,2,275,3,223.59
4c9d2915-9d1a-46b4-ba53-005e9b3c93f1,3,499,1,437.59
406beddc-47bd-4e8d-b5c9-f98f334bfc13,2,182,2,874.01
e80cab67-e652-49df-bea5-26556174f163,3,100,1,902.63
933ecbf8-13b2-4643-9270-d7816093ad79,4,3,3,413.75
d6b73606-3512-45aa-b228-a855840099b9,3,402,2,914.79
18b773db-0228-45c2-9f34-3fe7299fa1aa,4,86,1,295.44
2698268e-9c17-41f4-9f06-84f8f7da0b9b,1,419,3,171.94
fb239369-6c0a-41fe-9c2c-c66a21f136d9,2,254,2,737.31
0520e075-49b7-4c8b-92c1-da670444d445,3,424,1,420.79
5b414651-2405-4cf2-bad7-a7efdf4f7b19,4,288,3,695.76
4e765eb6-f35d-4e8d-9370-3f6a5960bf5a,1,606,3,637.8
73b291d3-65ee-49fd-9248-e6d5829989f3,1,127,1,735.88
3206b103-ddba-4551-beef-4560b2c18c1e,4,204,2,554.33
5fb94381-5b9a-496a-bc78-1aac23ece3f5,4,25,1,599.5
93c327f7-4d03-456c-bd39-97a12a1efa6f,2,87,3,420.36
bcda0134-96c0-401d-aa8e-ba37aa3c6880,2,370,2,917.58
5f77494c-f613-4a67-9d36-bbf97c183dc9,2,101,3,596.15
85656478-d6b7-439a-81f8-89b63a3a0fa1,2,256,2,598.74
d92a3930-dfe9-49c7-adad-de22dc2500dd,4,275,1,686.12
cb70a74e-8f0e-47f8-ba4d-94ee216b6554,2,318,3,917.36
8793baf9-6417-4c3b-aa70-feac02bab2af,1,121,3,290.59
59a1ec3c-0536-4be3-8dea-9f395ace3d94,3,42,1,173.43
175fd181-065b-4a69-b893-d50103ceec5e,1,577,1,244.12
e2b61d8b-06ed-4c16-bb75-27c2aec8197c,4,75,1,965.56
cca70dda-2fd9-453c-85aa-3e2a008c191e,2,67,3,188.85
1166ab15-74e7-4364-9eab-8e6b0fea9159,1,189,1,674.84
deb2e7ce-9b3a-4c80-8cfc-9a091207540c,3,637,1,816.0
cd6bf165-64bd-44a9-9cfc-468265487b47,1,611,2,937.25
922be1bd-a4bc-411a-a82c-8da9df562c41,3,424,2,297.28
caa1d306-72d6-4f28-8e91-ece29dd2836d,2,637,1,868.37
47fc273d-9ceb-42c0-9ea8-7c4b3ce44e3e,1,184,1,646.33
81e03d56-072c-4588-bbe4-87025f839c7b,3,263,3,576.6
687abed9-05c4-4147-8242-4333118bccf3,4,291,3,735.69
5e84ee13-fcc7-45a1-b7a4-56d2cd9e1bb5,4,400,3,367.8
662459a9-6fc9-450c-ab55-fd21362c39d9,1,108,1,922.64
6181dc23-64a4-4899-91b0-8a4f3af122e3,1,544,2,708.58
f66795e2-36c5-4e99-a812-6bfd51e15576,2,285,3,971.25
00ced27f-8c83-493f-b3c9-9f60708118a5,4,300,2,251.49
8909b052-a5be-4252-bc21-37b7dc4f694a,1,281,3,544.84
ae380512-871e-4ece-93ce-8b6a9f8f1f2a,2,266,2,971.17
0965c123-d27a-40e9-a3ea-afe6edef7b41,1,367,1,586.04
2a3c38d3-8f8e-46bb-8774-4f716f50327f,4,187,2,532.02
549ad7be-45aa-48f9-874b-c7b887147a92,2,8,2,974.17
38320ea1-6d1d-46e7-8382-03a4402b4a52,1,42,2,532.11
8968709b-f8b1-4a69-ad86-db68292bc5b8,2,136,3,843.99
eb80d408-27dd-448b-b212-700e9b000376,2,571,2,957.15
895237d1-7f50-4e9f-98e5-8ec0fb093576,1,237,3,662.48
f7f81e38-2785-44be-8090-b5e311c88a77,3,457,3,880.01
94638d69-11a2-453a-b784-271e8ceb3943,4,698,1,791.42
05bd8eef-cad4-49e9-bb08-be3008a487e2,4,291,3,648.89
c74a0404-0eae-4fbe-86ad-989d55b12e35,2,485,2,887.23
ae067f27-9cf6-49e4-aa58-568f6930293f,4,456,2,687.23
fd1dbc9b-b5a7-4866-9ad7-28e0090ac2f7,2,639,1,565.33
876d54a7-2a45-4117-809f-ad21055ecbb6,1,23,1,753.91
98042670-6d5a-4486-abee-d87fcc734b78,2,651,2,894.0
5a0d1e68-9879-4d0b-ae87-174f01f4346f,2,32,3,746.94
7478de68-d513-4283-9fd3-023f12749fb7,4,435,3,577.61
4aab9aff-7e55-413d-b598-59a671a29cea,2,96,2,349.91
ab632135-8a5f-422d-8f76-d872fa662ed4,1,41,1,520.01
1646187f-0f96-407f-a254-d40a0d879a51,4,31,3,702.88
36680024-26ee-4e6e-aba0-a7131a6ece0a,2,113,2,740.8
0a47e5c9-d274-495b-b702-b8b21f9e8285,1,10,1,870.79
ed380a59-18be-4f14-9994-09ac9df1c087,1,680,1,338.99
12703619-24b3-40b4-8cf7-1fe923069dad,1,587,3,456.46
91917dd1-3d9d-4bf4-922d-8c9cc392f6a4,1,434,1,827.48
473ea4b7-572d-4237-8968-69531a73e0c6,3,20,1,596.27
b9745223-478d-40b0-98dc-4178145197ff,4,99,1,502.86
7f31f313-31db-43ef-9caa-71850f30dd84,2,663,1,321.54
627584e3-0c5e-4967-9ff0-6e0b9a222c1e,1,494,3,812.24
e652794b-0238-4e33-b8ef-6c9e10fba43c,3,439,3,533.62
7e92e2d5-40b8-4077-bc20-09eaa1e1b891,3,465,1,548.12
f7b1af5d-b248-49e0-ac51-d8ef743b820e,4,699,1,625.84
15bcbb7f-1db6-4ff1-ad89-4a210038c437,4,374,2,344.18
27f5884d-fec7-4246-813c-c277d2920bfc,3,642,2,545.48
0a12f92b-7dd9-4b6f-997f-c50ead1a9011,2,616,1,822.61
7d6c9f56-ba47-4b1c-a17d-76439b6b50c6,1,630,1,244.58
2e4f8903-3fdc-4726-9154-a924b30f6e06,3,497,2,972.96
d43f1eca-208a-4543-abeb-7d927a927fe0,3,511,1,797.59
8a3aaa1a-6ab4-4590-8c3f-542479f4228a,3,247,3,857.77
eeadcff0-6646-4499-bce9-7805e4fc9546,3,546,1,677.14
bbbbfb1e-a0a3-4846-b9ce-dce3d07cba76,4,97,1,653.29
cfaddf8f-378f-412b-9721-01295fa1f5d2,2,456,3,977.01
f98d1124-7acb-4748-96b5-2e4a0dcf5945,4,600,3,404.48
0fbef201-834f-4cf6-a292-88df732efc44,2,313,2,844.86
20407d24-81be-4a50-a620-38596f3a28ce,1,57,3,829.26
cfacae67-b47a-49be-a609-0481b35d9134,4,216,2,222.13
8e13f0c1-7e12-4f81-a454-33f87a160cc5,1,320,3,284.9
0093a569-135f-4ed1-9f4e-47b2d0176f7d,3,271,1,759.74
6b742a11-1c38-4d57-9cbd-90ffd43273ea,4,300,2,803.84
e642de3b-c235-4628-a32f-73182b00f6a1,3,598,2,512.2
14325feb-ca01-47d7-8b60-fcb3c41398b1,4,275,2,690.53
d19b8d9a-27be-4572-83d1-7362714b71fc,4,598,2,947.12
d5efb031-277a-44dd-a770-95d0f166eff3,1,444,3,380.77
40af2f26-96cd-48fa-b6de-b12e04ab9582,1,231,1,320.2
165bac7d-b9c4-49d3-8064-ce4f0889d8ba,3,65,1,623.51
d5fafa39-d441-41d6-877e-e5fb5b74001c,3,346,1,541.76
47a2789f-e3da-46c4-b1d9-321e5a130c83,2,18,2,447.54
50844e3b-6bf5-43cb-ae2b-8276e1c59e56,2,405,2,352.32
4cf968c6-99be-44a3-99dd-35e5b4f64e6a,4,228,3,507.21
9ed0e614-f468-424f-9b67-931e4cc780e0,2,264,3,249.25
5b73beb2-a571-4adb-a894-db1b380f0ef2,2,190,2,854.93
6954da07-f40b-4744-b053-6258983852e8,2,690,2,966.11
29d104b9-37e1-48e6-9ea9-72f8fee96196,2,189,2,273.98
3481f02b-4353-4526-af8f-2ab1c77cff5f,4,268,2,631.56
8600ff26-bcfa-4fa6-b788-06b4519ec02e,2,375,2,639.28
224159ff-7d26-485c-ac72-a8fa1bc5b513,4,699,1,386.37
ec7100d9-0206-44f2-8173-4dc128dfaa50,4,473,2,634.71
e9530eb0-65c0-435a-9b11-ac170e18cfac,3,70,1,573.97
8d340ad1-5482-4254-a152-be5df9dd566b,2,5,2,635.7
cea489b1-5978-41bc-86c7-4ccd01a1b7fe,2,595,3,708.64
0e13412e-bd4a-43ec-96a8-448dec5df025,4,452,3,576.34
29b0db4b-22c2-4de8-b6d8-b4c41d140b30,2,369,3,971.48
309d1b1e-661b-4e82-8302-43681b4c82fd,1,619,1,275.31
00b2d1db-12e5-4694-95c2-9c6135ed108f,1,607,2,632.22
346fb6fc-6a33-431c-8b8c-9b2a8f35ef8c,3,192,1,420.9
16852384-b468-4f56-a51d-00ce551a91dc,1,68,2,514.51
9a980e39-9cff-4f12-8b46-7d25ce8f559f,4,98,3,307.63
526163b7-b279-4c13-9fa4-a4a1369300c8,4,326,2,422.44
279dc311-7986-472f-8ced-4a1a539f23ce,3,3,3,238.08
015a6c7f-0873-4ccc-80bf-4e8fb446a501,1,312,3,399.31
1c7f06a8-0af6-47f2-9193-40c1512092af,1,95,1,601.9
65ff20bf-4d11-4e6a-aff4-bd54750299d4,1,292,1,220.57
9d8a85a9-6862-43a9-8f18-a057c60dab89,2,423,2,729.74
6755b017-395e-4470-a600-79b0c79e08ae,3,405,1,192.19
342d1879-997c-4b8f-beb1-5de6261081f9,3,635,2,177.65
d68253ea-7f50-46b1-9eb9-96b29ca11d22,1,12,1,396.02
cbfaaf65-1ec7-421d-8757-baa46c2d8005,4,488,3,168.75
31e2c974-7f5b-43ed-abe0-25a1532bce9b,1,688,3,337.39
e4a4af8c-2f6f-495e-accd-697fa3b419db,3,109,1,513.82
005a2d21-d36c-4dd5-8861-fa0642af3634,4,555,2,859.16
e896d45b-aeef-4122-b10a-6ef115e724a9,2,601,3,942.9
93e06cd0-1eab-4b46-ac6f-2562858b1a3b,2,372,3,522.75
f679a0bc-b467-4457-875e-8b05928a636c,2,311,1,438.81
7de0da2c-3658-4a2d-885c-53845a43860c,3,498,3,409.38
8724bd8f-56cf-4649-aa25-e9f008c19117,2,620,2,319.57
3230680f-11ac-4c93-b379-3ada93fc41c7,1,543,2,221.51
786b76d4-df80-4875-bb66-7a6cd711d79b,3,505,1,774.78
20d60168-7caa-4dfc-80b1-e2949e95852c,2,645,3,370.38
135ba4a0-5230-4a82-94ed-ad8af7fd31c8,2,691,3,535.91
1231e381-4613-4925-835e-507aaf6c0989,4,67,3,308.34
22235aee-bef7-4476-bac3-567bfed40bd4,3,616,2,266.11
c36b85d8-70d5-47ca-bf85-ae50f1909be6,4,674,3,812.58
fe69c44f-e740-4c5c-9afa-bf6de072ee72,3,571,2,798.35
e14715a5-716f-490c-8eb2-521d25ee5ba9,2,188,2,981.76
515ed84f-69e3-4ee6-a291-f36f68699ed5,4,302,1,339.71
2b0c0f54-d3be-4e92-8d76-b1df83b38f5e,1,432,3,597.87
d56ce2b0-0fc3-4d03-80c1-c07a9f9f68b6,1,407,3,638.25
46846f52-1c90-4a3b-a564-a6b2d8665407,4,190,2,420.27
145dbca1-e3b4-425e-86b0-d8b9443f0bc2,4,290,2,349.69
08195f4a-d3a6-484c-86aa-f9adcf92b210,3,620,1,593.8
68286234-fa78-4cbc-a85e-753661585a37,1,664,2,502.56
18803f14-b33d-4428-a156-7d8f464100ad,3,499,2,282.63
0b19c522-d1e8-4c7f-9629-e86ab737a5bc,4,696,3,865.36
561a79b3-9510-446b-b2ce-4ee0b68cc8bd,1,41,3,300.62
0f978578-e100-4e50-9cb1-d4a85db77117,1,392,2,305.93
1ea462c7-a1d6-4fd8-bba7-2d158dfb2671,3,641,1,454.69
c2c9774a-9385-4837-97ae-d8e1fb9a6060,1,562,2,419.16
b41bb337-dc8f-4d23-8e8f-4b165eeaa08d,1,131,1,169.48
6b12d369-8c03-4ca3-aa75-b39e07769e66,4,55,2,784.2
1ddd1c0d-0b94-4fa2-b7c9-18e10d20191e,2,20,1,464.75
8cfd9357-b4f2-4646-bd02-2a1cfb800a19,3,263,3,674.68
fb55b5c8-9171-44e0-b7d9-b79540971c9f,4,415,3,675.4
beafa9c5-3284-4d4b-ba26-504fb001182d,1,296,1,467.83
6c393516-eb95-487f-a79d-d48c97e3c263,3,434,3,777.96
a4c8d5e9-f263-44a6-93ad-816dea8edf35,3,594,2,576.76
4537b940-a72c-4acc-87cb-300cef914c3b,2,5,3,172.13
221362b4-b741-448d-b1b4-c063bb9a4c90,3,523,2,556.99
337b2cf2-fc39-4892-986a-72f0f405d809,3,316,1,419.75
47990f11-2148-40ee-9f05-a8d7021d33b5,3,602,3,464.7
e3676ee6-cbd3-4dcf-abd5-f3564426546d,3,131,1,978.46
50cc0c80-3ffb-452c-9721-81fe57eeeb3c,2,194,3,700.28
aed514ce-c6a6-40e4-b435-9efcdd102dd7,1,264,3,798.62
716394c6-20db-4716-8f18-b7c5e6137a28,1,69,3,959.9
8cd21639-0083-4371-bf7c-9718b96af73a,2,338,2,276.08
20c66672-c06c-45bd-9ab5-43af2f177b36,4,263,2,438.36
f9ceb1b2-19b5-4d9f-88b8-006a8bf07b7f,1,11,2,738.77
e616f203-9c72-4f44-9285-e565225aa9f2,1,153,3,739.99
20948e2d-db86-4060-90a4-6290d56e974a,3,210,3,526.07
eb889584-6dfa-4a9e-9dea-d52b7e447ec8,3,324,1,594.62
ec7a559e-5d91-4c1e-8e70-44e597df6ddf,3,597,1,254.15
85cbd9c8-994e-4773-83c3-ec96cf456fd3,3,301,1,746.46
7c7dfce5-c89b-47ca-af71-a8ccf2e9c0c8,1,594,2,929.84
1f162315-2f79-42f8-9e14-87bb4d2a25d3,4,610,3,393.73
f8290351-a136-459b-a20a-dc3e54ab79c1,4,574,3,362.34
c6210af4-70af-4ccd-87f2-bd905b54d0fb,1,535,3,765.0
4b58d78e-f28e-4903-b345-e9a86165adb8,2,562,3,277.15
097a8c1b-80d8-48f0-ac91-da3c0ffcbec8,2,530,3,764.72
d01da147-d1ce-4a7d-b8d9-0cd745203af1,2,551,2,992.82
1d878e6a-aa1c-4ec2-b9d1-7295eda33435,1,85,3,202.33
e7334b7a-9a36-4141-b04f-6c789b82cea2,4,59,1,827.78
4f1c5489-f293-49df-9a2c-3821debc7782,1,349,3,479.3
de0509f5-cf8b-414d-b67e-ac7c76ff082f,1,180,1,346.02
c02f0217-c7a1-48d7-8736-04d49bf3f553,1,637,2,719.07
d384a604-516c-4ab4-ba67-53f3ccf16736,1,490,3,446.77
b83e4ba8-24ed-4236-98e3-e2ed4cf6725a,2,631,3,476.81
f1974625-535b-488e-b9d9-0790d26336f4,2,264,1,787.78
a0efb40f-f9c4-486f-bf04-95dfc2e978f0,1,141,3,545.22
df59eebb-fcb1-453f-8e32-e0b712914e53,1,411,2,349.87
96d4ce9b-2f17-490a-9645-f6dd797b96a7,3,347,1,687.78
4633c89b-620c-40c2-9f79-b5b305d8f8ae,3,21,2,512.33
0efe8dd8-e999-48d9-bece-ace230caeb5e,3,125,1,230.13
4413d54a-41ce-45fc-bd9f-4bd3440bbffb,1,41,1,536.34
a715bd68-1644-4396-80a4-632a35756406,3,44,2,625.95
5318cb1a-98bb-49c2-8017-99ce30535168,3,344,2,607.78
ef76803d-65ac-4220-84e5-92df719e4a38,4,535,3,760.64
aef53686-2881-40b2-8351-2da6a59283f9,2,531,3,349.01
af354ee0-d274-4952-85c1-a310c4eeefb1,2,648,1,553.54
6d12060d-d3c8-467b-be1b-391fcc5d0070,4,151,2,582.65
5a6bd6b3-acaf-45b8-9f41-42369156e989,2,688,3,312.1
aeb8b99d-3976-4c59-9d01-c83be64e82da,2,404,1,902.73
0c186e6b-aef9-4e7e-9963-2c5083196354,3,185,2,902.34
cb01a6d2-de14-4008-b085-46432505d67a,2,298,2,753.73
d800cf1d-e5d6-4d8f-9e9b-bbc2bb540dda,3,473,1,627.47
85a3d1b5-6059-404e-b311-cd3e89eac718,1,298,3,862.41
88dd51ef-0db3-49bd-8317-72f664b42cff,4,52,1,655.08
25188e3a-7e24-45e1-aa4e-d958cff3deda,4,71,3,344.8
deb46f22-310e-4df3-b720-c07992ff598e,1,63,1,876.09
a6e75e76-543e-4797-a7ee-b43395a3344d,2,530,2,178.34
d1cdfaa6-2ec3-4ff6-b0b1-0bb24a7ee1c5,1,538,1,955.52
100fe80f-f3d6-4fc4-921b-7a7c2bcb2e45,3,430,2,605.33
6c0b3d9c-0735-4894-8487-20751728907d,1,651,3,514.36
752d4dbe-8626-4e30-b94c-dd568551c889,1,313,1,776.56
ab111081-6c68-42bd-87cd-3949a40c543b,2,530,2,862.12
c2390b65-e0e3-44fa-80fd-9dd9b35e1b85,1,337,1,748.95
9634bb97-92b4-4d2f-b44e-1f0e5770dadd,4,538,2,689.74
e53c003c-da2a-430c-a7f9-a2870c40d0cb,4,633,3,888.21
5cd16f77-bbfe-4441-b257-40f14a644cec,4,619,1,602.7
f9e91415-6a41-41f4-a313-443931b54923,3,532,2,351.53
30d82bf4-d93f-4507-96ca-7dc7d83b19ee,1,378,3,494.95
b92de8d2-ce89-4105-b211-9d2cc518c924,1,97,1,849.91
16f27559-c587-40f9-aefe-25de55d6d4cd,4,155,1,622.92
5e6f7577-5ebf-4ae6-85de-c3fa33d6c3a7,4,607,2,394.15
76bf8ac0-104b-4e7a-9d0d-a689e6d95509,2,473,1,800.66
ef76eff8-7aa2-46ca-94ae-324bfc0fcc89,1,73,1,485.07
e39f79b7-6d98-4065-97b6-887658c8d6db,3,196,1,436.29
450f6d36-97b7-4bd4-941d-04ccbe37ee65,4,105,2,587.2
b32034a6-bda9-4a45-9126-f4782c96f3d0,3,556,3,855.96
9c4e5448-a37e-4b0f-aeb5-559fe5fa1234,1,625,3,428.08
38eb0c46-b772-4471-8a6b-c66992d932ab,1,42,1,933.89
2f163571-a964-498b-babb-2e68c8c552f1,3,132,1,950.66
7d50c14d-39d8-4bca-af53-eafce4e289ad,1,248,1,278.78
759ddad9-e75b-481e-9b53-503ed04948ea,2,668,3,922.85
61884bb4-45a8-4cfe-9ee1-f5227c4721d7,3,220,3,663.65
5710dfd5-6985-4ccd-9054-918b5d4c62e1,2,115,3,978.36
9e9fa2c5-6683-4501-a74d-9406923d51cb,2,161,1,379.89
30233025-6ccd-4a86-8b41-e773c1290b7f,1,154,1,590.75
f6b1f42d-fcb4-4d39-8cee-fed6ba386619,4,541,1,998.32
08b8af98-21c0-4b0a-8bb4-70d23e15a190,1,474,3,317.65
d95bb5bb-98d7-4a12-a760-5c19d5be1a2d,3,554,3,604.39
fe96ceab-c9ca-4024-8555-56459e3fd5e2,2,547,2,839.59
45d0e383-0337-478b-9405-110ff5f49896,1,534,1,395.49
d2eb4212-ede8-4796-9589-2beb4a55b5c5,1,112,1,966.87
4629ded5-8d51-4dbe-aac8-6766330b5a1b,1,138,1,318.94
0182b68e-d074-47da-8f57-0bbba24b5f66,4,314,1,168.55
e8a5cc58-22e6-4983-8c47-f09abc5abf2a,1,385,2,307.3
2a70218a-1374-4348-b3cc-e4d6821e342a,4,21,1,932.37
20bc775c-dfa7-4641-afac-75516d0674b8,2,690,3,620.56
b8348ed1-8872-41d6-af0a-5f0983ad9129,4,358,3,734.6
82d68472-e1d0-427c-94ea-e1179586624e,2,483,3,912.7
9a5c37c2-7f4d-4db3-8f2c-976469663889,1,349,3,621.03
c19a72d0-52ac-45ec-803b-4e8088662da8,2,434,3,422.93
29715d69-7520-44d6-814f-0a3e2388df6e,3,494,2,379.02
847bf2d5-8c7e-4228-9b45-da8ce0208dad,3,138,2,576.12
63c3e506-9aa0-4f48-aade-7a23a9ed94f7,3,214,2,741.13
653e52da-f1db-411d-ac86-b1017a40dcd8,2,23,1,933.96
7b834a0c-191e-4d15-b955-76cc3ec8625a,4,688,3,341.86
ce5dd2c8-f176-4cb8-9d51-e3a15e2439da,1,573,3,564.71
6eb302d1-1155-47e7-aecd-ef18876ee693,3,696,3,814.23
954cb378-22b3-43bd-bfa4-86243b5574bc,3,647,3,854.13
6fb22fa4-633b-4376-ad9c-a5ae33dc6f9a,3,54,2,573.86
2f9813c6-8a79-45eb-9ab7-7169a0445887,2,124,3,623.78
91ee3c93-980a-48ab-b3a5-e71b4a501ae6,2,47,1,495.92
5175cc72-6506-4a3f-b70f-74ca99decc7f,2,319,2,195.72
631632cb-98e1-4f57-aedd-59108f49f48c,1,700,2,433.33
11a64cf5-be8e-4b46-97f9-5ce9eccf1061,3,630,3,652.35
90aebf3b-2083-4ff0-920b-faff96615324,4,206,3,740.74
138e1f96-1afe-426a-a1d4-466993b82bef,3,505,3,504.39
c1fef51f-805c-4dc4-8e9d-280312567ff9,3,124,2,345.78
4f112a40-da52-4773-910d-6e771057d4c3,1,170,3,454.82
5207c81c-ad62-473a-a443-34046e82dae2,3,526,3,720.78
8b6f31e8-88fc-4136-9046-3a3f37488267,1,316,1,621.8
ed6bfb83-6dc4-462f-a0f9-2e12b4d6cd7f,3,310,3,343.23
693d4cfc-e641-4bbe-869a-53b1ab407542,3,582,3,869.15
c3ba3104-d24c-4b5b-a7c1-9126ccdc0c22,4,651,1,828.0
45a92f7b-7df7-4986-8a54-e7d836051b87,1,207,3,792.56
e138daf1-cb13-47c7-a432-dbf9e9b428fb,1,8,1,326.42
33f81be8-5088-4868-a9f1-5f9df82311f4,4,116,1,882.6
b2a79ea5-e749-4fc1-b044-19a462f0a1bc,2,491,3,823.39
5f289878-86d9-46e6-a4e8-4e205c78274a,2,558,1,923.92
168046cd-4814-469b-b1ef-c0d6b8d77e40,1,172,3,518.52
f9cd59c0-8ebe-4b65-94dd-decc38798b64,2,357,3,699.85
787d4381-def9-4d16-9bfa-259dfa8b2060,1,622,3,634.76
c667f27f-3ddc-427d-b828-5a98b9ee83a0,1,87,3,521.67
cdb9e20c-eea6-42e1-88d5-4d462d9f73cd,2,490,1,440.83
58fc5504-4a5d-4e43-806b-8297ea4f70cd,3,253,2,476.51
afed8971-cf5f-4bda-9723-1f7989f7cbe2,1,281,3,487.71
80c0b5df-7658-41da-80cd-1fdd837d9436,2,11,1,561.19
be60a0fe-4f87-4d8a-9f3d-5e15d2f0ecc9,4,483,2,609.76
ece5f507-95b8-4c1d-9fb9-c59a7632891e,1,583,3,860.47
adc20dab-2997-4463-9842-13361554670a,3,399,3,413.76
63ee3851-8c38-453d-8bb7-4e48e1642168,2,190,1,569.02
529e1623-9776-4978-bc96-2bab295eb799,3,221,1,828.73
6a8ea356-65c8-4168-8c2b-f4ae350e3ad6,3,416,1,449.6
067da3c3-c514-4322-98a8-ea1c637c771d,4,546,1,850.36
91bbd20c-7412-406c-aedb-4984853b6b1e,1,423,2,545.47
e75dfb3c-c51d-47d9-9fa3-9279992a4551,3,500,3,772.03
c9d41fae-252c-4266-949d-23bebfb845e5,2,264,3,227.79
c0dd89f5-7696-4c9e-900a-e810fe5f40c1,3,224,3,499.11
2936144e-6a07-43da-bae1-f5bae9bb8d6e,2,422,1,196.74
8e1fd65c-4759-478c-a934-5bf9aa2a2948,2,620,1,358.95
22a3e2bb-c73f-4d20-8699-a1f8b446518e,4,616,3,892.42
c252c998-b984-45da-a88f-27385adb8841,2,124,2,207.21
f70af787-766a-4c9c-845b-6e7aa67fae13,4,95,1,713.29
4d15d12d-523d-4e31-b1a4-2a91e14e825a,1,300,3,400.1
87811fa6-7603-42df-ab62-736754ae4e38,1,347,1,947.46
a8072694-bb6c-44d9-88d8-1ef545e3cd94,1,651,2,390.1
a0aeb180-dbe7-45d7-a9e3-31a8a3d5dc00,1,426,2,626.88
002ca42e-e551-4ce8-a6c9-5a7bcfd5fe16,2,169,2,876.48
b6bca1e1-593a-4a73-bdef-fac202f5b3cf,4,446,3,582.01
40f7032c-98ea-4669-ae2d-87304b812c6d,4,422,1,403.51
a283dd7f-0038-4f8b-9880-3dc395c9f417,4,317,1,364.09
171e5967-7111-4fec-9243-a2c54e55e5bb,1,489,2,496.43
2d4e3747-2ff8-4167-9f0b-18404f7145ff,1,219,1,903.87
bdd986b1-5171-4612-a928-fd0542445565,2,366,3,529.52
7b497857-c61b-41fd-a178-fffa15b4d44d,2,531,3,414.84
b0a80092-786f-4169-a544-2c4af2eb2556,4,253,2,672.17
4aa23e61-c8fd-4ff1-afaa-3b01cefdd87c,2,395,1,864.11
d89d2790-7f3b-43b1-ba65-d38574d43e03,4,558,3,451.09
c69d059e-2f96-4c1b-9dcf-35044b9f6fd8,1,197,2,542.19
34181deb-508e-45a0-b513-cae323d140fc,1,362,1,440.81
d55fc1ea-dd07-4d0c-ba2b-fc24d856cdb5,1,76,2,196.42
c127aea3-71b0-477b-993d-5da4470aebf2,1,553,1,369.22
bee4e6cc-ce90-4b59-94ba-0bb4e36f7b67,3,482,3,303.88
d7d987b4-b69e-4a88-8858-1c644fcf4949,4,335,1,376.5
aae9f353-6c18-4688-97fb-9e1a6845a7b2,3,334,2,980.51
9455f772-488c-4f6a-81f3-10d6aa102973,3,321,1,544.71
aafa4f0b-f659-43a4-bbfb-2b8a2e741e8d,2,453,3,243.37
ef255535-f006-4639-a665-79a49bb25602,3,324,3,439.47
e1e5b994-8f12-4e91-84ae-46abe1e94b15,1,352,3,296.39
770a532f-003b-488c-99a6-04ef75824bc6,1,137,2,253.54
82c4dbff-ea45-45a2-ac60-68324b9afda7,1,531,1,826.7
ac2b8347-3b05-492a-b45a-ef66a48e3722,3,433,2,746.2
ec0d9ad3-9537-4277-adde-2ef7bce0add4,2,679,1,686.24
3739fbdc-e850-4541-83a0-575be8ef1512,3,551,1,516.16
3007c05d-1c5b-49d4-bef3-3e383b9aad15,3,685,3,755.81
6bbfa865-00aa-440e-b8b7-69366ee0df89,3,79,2,850.93
f25e2fa2-f8cd-4951-9cb3-e58ae7499b66,3,656,3,186.09
52e08670-e419-47c8-a966-50895b0fab2c,1,190,3,584.32
33ec6bb1-c2fd-4a83-bbef-724d5b0cbb70,4,280,1,534.65
955e784b-1248-4b26-85c6-c05923c90b5d,2,221,2,437.55
2d3e1a95-bc22-4948-815c-5c67e1268ac0,2,122,1,353.29
5cb897a8-12d0-4f76-a42d-2082784ed996,4,117,2,831.15
8730669c-987d-4078-b2bd-08875f5dd8ce,2,225,1,515.27
526392e4-d845-45eb-b42a-1c9e3c85a7ff,1,231,1,938.44
3b6e182c-8f32-4a84-846f-40ea157eae5a,3,476,1,981.21
48ce489d-f1ed-419c-97d0-f3d4548796fc,1,327,3,857.61
2e4d0182-5664-429a-9128-f51c326ace31,2,9,3,344.34
d8fa7459-299b-426d-afc0-05ef6bb925ff,2,458,1,746.38
061034dd-3a41-4207-a312-66f7771c2658,1,355,2,710.52
fdef5c2f-95f6-4bb0-8ffb-e7f203b66716,1,308,2,286.96
73c25e4b-7f04-451a-b6e4-050c4fc30e7a,1,212,1,194.88
5a409512-9a30-440f-b576-6b364b105008,4,287,1,826.7
655a2dc0-abb0-4ce0-87c1-8ba529197766,1,52,1,464.48
b2d6253e-6217-4348-838f-356263e8d494,4,149,1,883.8
c0bfa4e2-bc28-4dce-8129-fae2be390e2d,4,532,2,396.53
2fd4658b-6d9e-47b9-850e-07ed7ed2d75e,1,347,1,570.92
3cb6164e-5810-4c44-bbee-83afadc4d6f4,1,668,3,205.77
3de2ca80-9d30-425f-9035-d4a28e6fd33a,1,302,3,246.01
86cbab48-924f-4981-b1c3-156b9bfdd271,3,163,2,281.01
c15ba0f9-36e0-44f5-bd1f-3062a1827915,1,149,2,755.28
76f6c088-3c0a-4da7-ba0b-d44b598dd115,3,662,1,608.87
803bd288-6830-4831-8770-5daa57d76eb4,2,117,1,942.01
6e9a822e-065d-4353-b1de-bb89f29c9474,4,128,3,294.96
07ed32e7-8e2e-4a4f-9424-843caec80ad1,3,184,2,816.02
f28d755f-5596-4230-b0b0-9a06ca4c30bf,3,507,3,788.95
412f1751-fb88-4d55-a182-b878c3229123,3,345,2,910.41
4941e57f-814f-44c0-999b-19afcae0f2d4,4,311,1,848.42
26e4a7f0-a79f-44d7-ac79-18ac0a2518e7,4,268,3,872.5
1daf63bf-c52b-46af-b6b9-10abe6a40f2c,3,346,3,974.25
bd282ff5-c918-4580-abe9-59836c484fc8,3,564,3,405.64
9b013d27-9388-40c1-85af-cef6141ece24,3,177,3,333.18
fe52c3d4-6ff4-4d66-a391-e4a260e2d927,1,171,1,247.22
dc2ccc9d-4e0c-4976-aa31-5bfed1aa6b22,2,237,3,722.71
dadf7e9c-f593-4a14-863d-9be2f5aeb37a,1,661,1,941.22
8e376dcd-ac7c-4c32-80e0-e8d0fb07fac9,2,282,3,507.69
35c26506-6abe-4b99-a052-fbf1a3e7dddf,1,560,3,701.29
9ab85134-32eb-4784-bb1c-19fa3a9bd6a1,1,13,3,967.69
b41196fc-af14-4a12-a960-2ce033208f41,2,469,1,772.76
51f34c50-87fd-4d21-864a-d9302e330013,3,508,3,187.33
5fe180a9-5bc2-4387-97b6-a80a1bd1c095,2,74,2,819.83
c25ba5ca-25ec-4650-ac9b-b7e30cc71d4d,3,80,2,357.78
ac415121-8a58-4bc3-8b7f-6c0d1ded8608,3,273,1,475.6
f06c9da2-80a0-4a51-976d-750791bc8b53,3,688,2,892.89
3c7ec9fc-cb07-4d7c-a25c-9fe30c1a224e,3,273,2,588.03
72cda80a-4f76-4660-a60a-83fcf371b41e,2,316,1,223.94
e3c5277d-172d-4fba-a20b-67687c2c9a52,1,265,1,868.27
ee421699-fdd0-4345-941e-5b4b930708e6,4,654,3,578.43
59603aaa-dd8c-44d7-9cef-a43af2053a82,3,449,1,811.91
2260d025-199b-464d-8ee1-e11322e2ce9f,2,1,2,605.43
e6c84af8-9b35-4952-ad8f-87e477bc38d4,4,47,2,394.21
ef73e522-636d-4385-810f-e521ff70a121,2,102,3,434.36
59e178f7-6654-4059-9423-4ca72d259413,3,335,3,456.3
1a9689aa-6588-498b-a578-287cb6abe24a,1,305,3,497.01
8de2e1ed-28a5-4e4b-a7be-8c07d40a2231,2,117,3,481.66
9b9fed13-beff-4202-bce2-bba9a0873e20,1,290,3,632.92
771c3c14-b070-4ba5-8ae4-2e18651459e1,2,347,1,179.32
294bf451-b130-43d9-bb4b-660512e1975c,1,191,3,322.08
508c03d6-cf7c-457b-bedd-981a5a9ed8aa,2,218,3,324.7
e2ba865d-90b6-4614-88d2-e32c6472c4b3,2,184,2,403.43
8a35a4d4-7f51-4a87-8a24-a820edfff60b,1,78,1,857.48
8ae8a88f-cf10-4519-bb24-184124c1944b,4,490,3,664.44
3b8f41ae-91da-4b8b-8cdb-f5410fe72a70,3,680,2,935.67
53f5012a-959e-44b5-9265-27920ab8d4b9,2,677,3,938.03
75898049-d149-4311-9720-6b842a6c664f,3,465,3,722.84
976e8523-4f66-4820-a435-573f424b7cbe,1,602,1,781.87
48a789da-2afd-4667-902d-3a89c9fe6984,3,166,2,668.44
03191f04-d3ec-46ef-8f3f-0f9bc9efa6a5,3,354,1,645.66
d61a4c0d-a008-49d2-9f19-998a6f997ec1,3,51,1,302.23
e062c900-89ae-4eed-8b8f-5d097080a61c,2,308,2,327.88
75c3d8bb-3ab8-4b12-97a1-a663cb6a917d,1,335,3,925.16
d95a032e-657e-4667-a7b2-a6986839543e,1,104,3,698.13
c2be11a6-f180-45b2-9727-7f6eab8b4313,1,127,3,422.65
4a4efdd2-083b-46d5-9790-917a6802309b,3,214,2,190.29
71b70900-cf94-461f-8f8a-60bcb75268c0,1,587,1,579.14
6e638682-7492-4c02-9895-aa8e024714ce,4,20,3,553.59
c58ddc6c-9870-4527-b69c-679bc640215a,4,312,3,863.21
57a6bb6c-9c95-4dcf-b3d1-df45e7f6d012,1,154,2,445.22
d2c05418-a8a1-4176-af22-d252e40750d5,1,140,1,497.2
c7f7a1b0-b1ed-46ac-9b61-18a5945116f1,4,342,2,322.59
769ef8ac-50d2-4e79-a076-3c34123c845c,3,71,3,366.91
3fafb8b3-2c68-4062-9b14-4e94ecee1a64,1,268,1,198.14
1fdc1f2b-2a3b-4be2-9be4-4fd3c060e782,1,80,1,381.54
bd1b4b9f-ffc0-4666-a355-ff02650ee964,1,200,1,209.74
a0fb8099-9c43-402d-8557-42aee97f0195,4,469,1,712.8
5ccbfd43-c141-4265-9a04-7c6c2cff5927,1,452,1,752.43
e90b3b28-39b1-4cc5-9fee-d00939fe5008,3,667,3,941.09
74485de8-a444-43e3-a72d-c1e4a1acf73a,1,165,1,911.73
51114e6a-2650-4dfc-a0b0-0f6ee1da4323,1,678,3,980.26
7923debb-af6e-4072-a0fe-2338b68c15b7,2,464,3,955.58
8c97f9da-3efa-4ef8-a849-eae5220780f0,1,352,2,455.49
bf562c9f-b161-4c6b-b824-3023143ae3a5,4,264,3,243.19
aef0f955-55c4-49c3-9761-d37b5ccc8e08,1,361,2,243.31
96fb969d-c1c3-49f4-a4e3-cc451c61ac78,2,40,3,348.12
10d7d32a-1e7c-419a-ba1f-8e7cac9f6f6e,4,678,3,921.16
93520332-907e-47f7-b946-95d727e6a2b0,1,636,1,652.09
e4726acb-1a72-4a85-8874-491143db615a,3,78,2,300.42
14d464a5-9e42-47fd-b2b1-d4b82815bacd,2,377,2,984.66
31005a48-7be1-4c90-895b-0e8495dc6685,3,347,1,990.68
52293e81-60ef-4958-b93e-a79cddce08a5,1,462,3,331.64
721efaf8-90d0-47d5-8459-ae3f268d017a,3,656,2,750.52
3b78128d-74a6-4c34-a07b-8c6ffeedf1e3,4,213,3,803.55
402b5961-d1f4-4320-9b74-fc99fa89b46a,1,476,2,212.28
0584dc4d-c5be-425d-8898-d2034e55cf5e,3,135,3,950.78
f195c590-3529-42a4-8f44-082aedc5b52d,4,97,3,485.68
76105b85-6c89-432a-8abd-236917c5741f,3,299,3,204.22
f0dadf9f-f1e7-45ff-a721-0f7ad0299bdd,2,459,1,171.0
ba2886ab-c160-40c4-998c-441aa5a4c23b,1,238,3,945.4
7fd92161-daf4-4c61-ab6b-7a64c62afd81,1,449,3,441.15
99b01ca9-67ff-4853-85d5-6e647b7ab233,2,102,1,577.38
3080581f-5d33-4d68-aab6-babeac23d316,1,208,2,684.38
84d62f3b-0873-4def-a0ef-841307a220f9,1,23,3,240.07
84cb8063-52d3-408e-98bf-db4999025f02,4,92,1,840.36
8a88f36a-ed1e-4071-8450-c5f48acc3bab,1,247,1,597.87
200fb0cb-d8d8-4375-8570-4580fb5da972,1,476,3,297.62
4e123033-ccde-40dc-9b09-d637375b86bc,4,446,3,662.54
63f36dcf-be30-4174-b482-ccd7834f1872,2,661,3,261.79
acb8a1a8-7612-4cbc-9610-b7f0b6a8f4d1,1,618,1,556.69
536f62a6-bfa1-4a76-bec0-1222682f1629,3,575,2,516.96
e07388be-bdf8-45b0-a400-8d027f51402a,2,662,2,890.11
ee28bf47-acd6-433c-b783-547c7641cd06,1,148,3,420.22
5667025f-f8cc-4865-8539-e44a8532cbf5,3,482,2,392.04
8d04e372-4141-4214-8578-8797320001a8,2,505,1,408.53
a5dcd586-c49f-4815-aef7-d285a7a405a5,2,111,1,261.88
64a98e1e-09d6-490d-8970-ae66952dae4b,3,177,2,952.45
017ffa94-1deb-45d7-9d90-3430da41cf3b,1,234,1,252.58
92ab8bc3-0610-4b36-bfa7-12aeac3875ad,1,523,1,239.52
cd2ec6a6-97ec-4782-b4d1-242e2695b21d,2,638,3,532.2
00ab6acf-7efe-412d-845c-525b085f88de,3,437,1,507.47
6db42b4c-6c5d-4ca1-bd2e-b0e89a7bf272,3,619,3,869.69
d58e34bb-38ff-4280-8f3e-d98a70259aec,3,438,2,836.63
b993d45a-4da0-4991-871b-5a7bf89ba156,3,503,3,854.27
c2ec5307-894a-4f6c-bc49-3ce27183bede,3,469,1,537.86
7d93dbb1-4bdb-4f34-a27b-78a286962b69,1,337,1,867.38
3cadab88-a280-4e59-8010-a05fd28d5c85,1,92,1,864.48
3d95bcbb-c40f-43d8-9ce0-65460c9ec3c6,4,115,1,610.38
5b569bc7-44ff-4310-a95c-02d6aad2f1a1,1,470,1,472.8
947a5cb4-a629-4748-b3ab-b9024dfb68d1,3,638,1,690.58
3ea7bc25-65b7-4f2e-9fc2-042ca0416166,2,120,1,479.85
08745789-1b2c-4a36-b058-7362aa641f93,2,51,2,665.6
2949281f-9635-42c3-8c70-26052a994207,1,54,1,618.5
c11db09a-2116-45be-b201-b2deaed290ce,1,66,3,172.87
f8eb46c7-150f-4811-b21b-4edf6432a69f,3,426,2,250.1
8f4ddb2e-967b-4f5d-942e-61165362230f,1,411,2,411.57
680be5e9-c565-463f-a994-42f0f9550364,1,687,2,691.4
1e4e2df1-28d6-4b60-8457-8f619a9a7764,3,319,1,267.25
54d33baa-41f4-42e2-939e-5eedaedd935f,4,104,2,409.0
370a72d7-0766-4bc3-8ed7-da422f011aad,3,330,1,571.45
8ef27cfb-27e5-45c0-b220-24922392f585,3,329,1,742.22
d6871de1-9344-4ba3-917d-a6e851c17945,1,510,3,491.54
d0f1af8b-79b8-460f-bc2c-44ea6bcf32c1,2,105,2,543.2
623ca968-9fcc-446b-a9a6-11e0b7476b4e,4,318,3,774.83
723b4fc4-17c2-4493-9c13-b077bc3e0efa,4,57,2,303.29
b65d94b0-5d8b-4026-bdfb-20970de435be,4,295,3,249.59
4c80c64d-5c08-4277-ba43-37862ed0a14b,3,124,1,231.08
953a9840-c932-449a-b08f-e7c1350064f8,3,456,1,413.55
aa3c55f6-34bb-4141-a88f-7748c2c13deb,3,615,1,551.76
6e4183c7-bf5e-408d-913c-8105382e35f3,2,324,3,260.07
e0d2d212-e192-4b2f-9d5c-469826a23da5,1,370,3,718.34
a21bfa8f-6999-49b1-af69-b8dfa40cde8a,1,274,1,700.12
91101e72-ab28-4732-8eb0-e5737f64bfa6,2,609,2,361.87
b4a08697-a0d7-4b14-b231-fc3393c720ba,2,64,3,455.6
d53cedf7-a2c6-4ec7-a543-fa27cc5a51c8,4,587,1,814.17
211e7bee-835b-451d-9826-c0e239fd261a,1,141,1,937.86
a25a1704-fe64-48e3-8e3c-9f201da1ec2b,4,495,1,563.42
9b875935-e7f1-45c0-979b-72c4934b9ac7,3,202,1,571.0
ecef0bea-7bc0-4bbc-8b7d-333673f6aaed,2,297,2,988.09
1d76c8df-279f-47fc-aa03-b08673c75a33,1,143,1,774.94
154bb6b3-f989-4840-ab00-fdcc8fa4266e,3,352,1,476.87
b414df3a-e8ec-4588-86c1-8653ed83cc96,1,310,1,216.26
f6205161-e0c0-476a-8f2d-e5a78554c518,1,276,1,793.2
1cb67e5b-48ab-4afc-8b40-31c33329c225,1,633,1,996.81
dddc5077-d8e6-4b17-be7f-b61a4ac9e643,2,414,2,237.74
116e4829-d48b-45ff-9c64-ccdbd8081778,4,117,2,860.38
5173306b-db4b-4ec1-8e01-bb5e767f214f,3,337,1,180.87
dd562b2b-c5b5-42f2-88ed-28b12f25de9e,2,304,3,202.75
440d4dbf-4d3b-490f-998c-6ea2fbe2f7a1,4,543,3,780.16
43ceaa88-6042-4f91-9b16-3198165020d9,1,609,3,686.8
05abccbf-20ac-4543-b70a-586f4d4fc760,2,668,2,200.13
c3325e3a-ff21-4a04-b5fe-9232a16b4220,3,468,1,724.79
a50f44d9-a2a8-45c5-949f-bcf8f2cfeb85,3,348,1,468.17
ed4a7441-ba20-48dd-b51b-72810bf98d70,4,401,2,421.87
1b8b95e9-88d2-48ce-aa2e-9df77d342aaf,3,448,1,442.04
e5a2db55-de74-4174-a810-4fcc0d5b22dc,3,63,3,337.54
e462d362-4eb5-434b-b709-65f5faf26bcf,1,97,3,432.5
197a3df7-9e27-4f0c-8cc6-95b813e9b957,2,271,2,872.43
24f374dd-297c-4843-b64f-fc5b49d6dd6c,4,410,2,566.95
cec19d06-617f-4ef6-9148-ff63174c3afa,1,348,2,354.94
840a0109-e0f6-4854-8d2f-b93b25fb4e33,3,19,1,306.92
f8c995d6-7718-4746-97dd-a9ac237bcf89,3,15,1,228.68
52ef53a9-6971-41c9-ab74-54ce2e9e8982,2,630,1,701.97
50063002-b286-435d-ac2d-ee4c9cb05a80,4,163,1,349.74
6dfa46a8-ef59-4dae-b9f8-f6748d3edd57,3,228,1,306.52
845fe633-9854-4813-a845-c06332509516,1,418,3,670.41
369e8a42-7d38-474e-9ce6-26141935be16,4,59,3,523.69
118ef729-a5da-4841-8346-8c064d804de3,4,208,3,761.38
ce5aee35-4e3d-434f-a7b7-e79734c12227,4,449,3,308.07
6ec96c38-1133-4212-bae1-2890e3e3999f,4,399,1,994.25
577df8cb-e7f0-477e-9724-4f7e8c9ae451,4,371,2,475.72
51c1670d-1e8f-4150-a8b9-61f5ff29dd60,3,616,1,626.29
e4b4e922-4727-44a1-926f-ad16b1d8a1c8,2,179,3,337.83
7196c532-ec94-43d1-8ee9-dae9361d876f,2,589,1,644.17
918be0f4-8087-4992-aca1-c12b3dbf5961,3,10,2,620.16
e931ee5e-94d4-4137-a0c4-25551836cdd2,1,112,3,584.65
783f530f-0f4a-4d7b-8c13-6e52561f7302,2,308,2,363.42
bb56ef48-adb6-4ed4-87d5-1bb1920e76e0,2,475,1,584.69
7dc29c80-7b6a-4c9e-baab-1102795b0569,1,135,3,918.62
5da1483a-5dc6-4ec0-a556-bc8eda74afed,3,18,3,446.34
782096a0-c352-40ad-9b43-edbd4c7ce5bf,2,286,3,504.55
7607ed7f-1a34-4525-bb13-4c25962dcebd,4,466,2,479.12
94d0b771-70ca-4cf3-a8e9-8c814128c010,4,152,2,828.38
bec678a4-3739-4d01-95a5-3f2aed980491,2,607,3,407.02
e4fdb964-0cb2-429f-8800-e77ad42fb764,3,583,1,760.7
20720644-755a-4f15-af21-caa44ca0f90a,4,692,2,871.51
acadb8c3-4a23-436e-9fee-f7dfc6d5a886,4,231,3,766.47
ea84dfef-cb0e-47bc-9725-6462aa4bc195,3,484,1,374.47
82dbb5b9-ea47-4ce6-93e2-82203a7591f3,3,416,2,587.64
25a4690a-7442-4864-8850-c51d58ab82b7,3,71,3,930.98
ce6506d5-cc47-4bda-a43f-9553645b1ac0,2,591,1,644.93
b42546e6-7a14-46e5-bec5-4cb2e4cab79a,1,412,1,942.86
0a430e5f-cde7-48de-a172-da8bbc1892b4,3,664,1,472.98
1958b6fe-f14a-48c2-af16-c690bf24def6,3,365,3,185.3
3de12e98-2dab-4e82-a7a4-66273dc799e8,2,587,1,899.65
dbec1a87-fa73-47be-9c9d-c6f65994136f,2,579,2,637.97
26fe7a07-7d7b-4ff5-a5de-b5356b3991a6,3,699,2,475.43
b97fa7f6-5da5-4dc4-b8b3-67f9d0e20add,2,195,3,331.55
fbcdd9da-5776-48c4-a154-caf93bd16ec9,4,260,3,656.34
47427768-7ad3-4b6e-bcba-40c208f7347f,3,139,3,729.52
5069b354-c662-4cec-8562-2c7ee3bcfffb,2,673,2,769.43
14a5a704-eda2-43cd-bc1f-8b47f3ad694a,2,534,2,518.54
07f53b53-ad90-4d6e-b1b0-4e96f61f34d2,3,473,2,781.83
b1a71ac2-b971-4158-9766-e2db46541ba1,4,213,3,530.9
4fb1d766-e605-441a-ad47-5c470e1c9041,4,693,3,252.33
8489ae02-320c-46ec-88db-1a8ee3c27581,4,297,2,968.49
042d49ba-1cb5-4a9b-9eb4-54c8c5ae8400,1,237,2,268.39
d74f8421-7b19-4b01-81da-8ac747279098,4,17,3,935.44
68eeed23-15db-4dd1-ae02-d89879a35893,3,366,1,264.5
8ed02d01-d774-4b30-a5c1-efe8765821dd,4,116,1,575.69
ac14eed6-4544-4d4e-8a78-bf5acaf938ec,2,438,3,215.64
09e69bc3-4940-4c88-8065-df3e1824ead3,3,306,2,482.26
ef433339-a150-4e19-8331-8746e0e50cf7,1,500,1,792.96
c6eb6a3e-462d-4646-beda-f4b6a01d55af,1,304,1,883.24
62224301-0470-4e69-b2f8-f4d9e2171b00,2,501,2,316.4
3222a05c-7744-4b8f-a87b-a312359fcba7,1,77,1,500.14
d76cf56e-1094-41d8-8f52-7756fabc2b1f,4,665,2,639.5
55ce508a-a6cb-430a-8fdc-bc5a67970580,1,242,1,964.98
9bbdd78d-a162-4370-8fd6-b87c2bf84d52,3,535,3,759.15
a12c754a-f2c0-4db3-9075-6f00dd9fbcf1,3,302,3,375.53
cf1f4aa7-3a11-436c-9e68-a411776a910e,3,506,1,243.03
